torso_tilt_deg,hip_velocity_mps,shoulder_accel_mps2,left_knee_angle,right_knee_angle,cog_shift_x,label
26.05450384228442,0.8490556778963974,0.9931818015284151,152.6371173827184,143.72278037356998,0.15134191871009173,LOSS_OF_BALANCE
16.254738248176217,0.5630984153171903,0.355632406873146,161.89859090150225,168.34600845582045,0.14953393766727308,LOSS_OF_BALANCE
4.849185137510984,0.39968600320588366,0.25860432840829456,170.14271993012036,166.26602198563654,0.014507025178927248,NORMAL
55.92292609694604,1.495654032023714,1.9704307054990755,112.20937472298624,125.6477372940652,0.525100173606224,PRE_FALL
38.84999903906623,1.249020127425559,1.4494670124771085,131.65261745235344,111.10218151752403,0.6177231533353952,PRE_FALL
16.74233284898498,0.6345062738356864,0.7682646188454332,146.6170355585393,166.46858172787796,0.33907724954646473,LOSS_OF_BALANCE
60.137262699971714,2.7618388112756476,3.2178956164528083,79.74812750788573,100.9255826126998,0.895133312959626,FALL
83.10973586329676,2.931754866176497,2.934177765350026,87.78378723756148,86.39006230735149,0.8381932934780885,FALL
18.14552868583926,0.6184337335917324,0.7301328001378948,149.75872088554303,140.81513577251894,0.11755053467606977,LOSS_OF_BALANCE
2.022108907691489,0.06360588234698245,0.2076631588533502,165.89477579451398,167.04752249022303,0.08516513665432802,NORMAL
61.94405890712267,2.741168755321147,2.11615627345184,93.24123540595173,84.78375539479487,0.996269864459018,FALL
46.24406860610134,1.5231187694596808,1.525050785143824,143.67367146653953,143.0149869858322,0.5061806457930462,PRE_FALL
60.86344884875449,3.092709915010398,2.8110720934315694,89.43287057493353,89.15744831862423,0.9600321824065452,FALL
34.75010882173644,1.9137412483607887,1.0377881366824542,121.58085735845177,111.18688619359583,0.5815499589408784,PRE_FALL
61.27714488780255,3.0797513793962583,3.2102382266281415,89.31871711981302,108.75284971075061,0.8789742592756172,FALL
26.683144859673632,0.762579759342944,0.6107667238062093,162.3182713659528,162.19738294376083,0.21412496950301743,LOSS_OF_BALANCE
4.422101052342516,0.07290923759513879,0.013463265279411973,177.2725788019772,167.99527820408633,0.03738207903205694,NORMAL
69.48640060502412,3.3830739897855953,3.546947960247513,99.73926049694796,101.69388714786609,0.9996380839406951,FALL
70.36278655095563,3.4433541462696917,3.819174382819342,89.56035791342921,103.3769099013303,0.9017923661893276,FALL
6.892499802840422,0.1790837486252157,0.040419652128285674,178.47994566405063,172.2795319974377,0.043750000416505924,NORMAL
14.066439634047281,0.5631168261684035,0.4713127658359449,160.54140729204153,165.37005188515974,0.2122773431352037,LOSS_OF_BALANCE
6.8072689505067885,0.015785256671049686,0.2844615512352904,166.64843282000544,165.28406051259918,0.03136924834458552,NORMAL
30.621538795734885,1.6036077969958673,1.056850071205241,114.72321864847126,111.69205633116768,0.4467728231397356,PRE_FALL
36.690837285168094,1.8244224914389384,1.7762687800013277,125.04561080893447,129.73702981766095,0.6881884096656643,PRE_FALL
41.12502236411606,1.4038489442462196,1.0988345985994643,140.17008426070424,128.07681842134258,0.493065153240568,PRE_FALL
19.074125235447756,0.9420512545430124,0.5506849462582812,147.19165652674198,166.93727721760166,0.18907675190380718,LOSS_OF_BALANCE
89.3654501930282,2.4029973068876402,3.176766195062069,71.58471318255977,105.98577499048938,0.7626270317849472,FALL
83.66508545853011,3.1363384394021416,3.6782874439969717,102.83043720453654,101.02638653541902,0.9296999830655751,FALL
1.135576788264393,0.23924673250831685,0.2817443797415729,173.701790780328,179.38655596630764,0.02097939756004027,NORMAL
20.750712596269345,0.7966267196308559,0.9380449122831713,153.55226003567697,140.03003175839268,0.23939561611663054,LOSS_OF_BALANCE
78.67155766709385,2.3915281693492005,3.811488145894425,86.02715078744362,106.61494789650816,0.8705155103061312,FALL
46.38375215384458,1.787638377128526,1.4913058488398383,135.59299848256464,131.22729305421996,0.4701593542647625,PRE_FALL
8.511660480847787,0.14253150702966422,0.22893504908750725,169.09186949387035,178.57959313467362,0.01473486559916043,NORMAL
16.11998072639448,1.1220962506827568,0.6999592707309612,168.06496720964424,151.2232206585696,0.26516559217443825,LOSS_OF_BALANCE
60.36347968516092,3.1552369941017595,3.2759400914045207,102.94690001231493,89.02521568428774,0.8454372805386928,FALL
69.37227809749234,2.9342863174016705,3.1874396031495267,70.93614308046227,86.81633887524934,0.7458287646671382,FALL
13.968249182983163,0.9945226292900877,0.8669667279135094,161.03434862132147,155.07001830885568,0.154356474851077,LOSS_OF_BALANCE
49.99609585121839,1.2994587356682383,1.2523166242044472,110.68767500084485,132.92861177917047,0.5756693800597309,PRE_FALL
37.34245451138198,1.4099122970672717,1.1601507976946013,135.11406037469288,126.21151307281292,0.4072676163893486,PRE_FALL
4.2964310068523615,0.10592573320386911,0.08056105149432675,177.4251542557321,170.06632732756182,0.057793364026095154,NORMAL
71.89074139663137,2.966918171644564,3.3317438097445717,70.89012676996688,86.18206068009233,0.9102529126214798,FALL
71.51847244862954,2.2726899516965196,3.180710974538869,96.2881296773572,95.68966177545732,0.9044146472657884,FALL
42.229236356374635,1.3268742920202574,1.2427162221032835,124.69298997131571,135.09468920206922,0.5104769544055674,PRE_FALL
59.63922783441375,1.2692989640072379,1.5041800109595247,137.48226553893866,129.66210324241354,0.4981686414013658,PRE_FALL
33.81398542943758,1.4574662016725248,1.6326817316731435,143.9897488944108,118.01243454056733,0.5778504348011027,PRE_FALL
17.526731259011648,0.8217593671767919,0.3230018572793038,156.69999651448674,165.8108210815599,0.19091337148405663,LOSS_OF_BALANCE
16.449598044809733,0.904717192034598,0.7783248285752702,145.98519993946414,144.0707225537998,0.26628513082755323,LOSS_OF_BALANCE
7.107539594937995,0.31638531546356924,0.04979448530707776,167.08852448890164,168.0992948428016,0.0206942720751766,NORMAL
33.88507446198581,1.3445655825248426,1.1209567905776794,135.25847406027546,125.62718514173878,0.6168998077726489,PRE_FALL
37.63537585464512,1.6450350195827697,1.094395558540585,121.63577506163388,139.0520575978727,0.4065792618170599,PRE_FALL
74.80597377242111,2.149814158579685,3.9321254070423226,80.19062801309236,87.23813571768915,0.7017162606273187,FALL
67.76830509168369,3.3246467360831558,2.9251398999936478,101.04751645280166,74.06361157646687,0.975203282705591,FALL
1.9872363180239982,0.44375978802177124,0.2590972997248801,168.26682373582653,166.69392688974355,0.06329089659017448,NORMAL
83.14360562060368,2.915126035670035,2.436886126650679,103.16482980514404,80.07289001368464,0.7731565152211506,FALL
49.90748653958856,1.985278440370895,1.9022485069568682,129.8193743180502,125.19518734475143,0.4089819682000254,PRE_FALL
36.52328084044228,1.7636614429013622,1.552471064829477,110.54493581848251,134.0184143392882,0.6266955291711128,PRE_FALL
42.60513471654821,1.7263180096940192,1.2690481896780008,111.82187136107092,112.40616428331303,0.6846951475993455,PRE_FALL
51.5982630972352,1.7759754200420308,1.4578843339102676,123.67640369432758,136.3850524707437,0.6762456852756789,PRE_FALL
9.133538461670586,0.2218870464935701,0.00748043238898799,172.2399478672023,172.50081462644908,0.01902116785952143,NORMAL
56.91781867088672,1.9527669096914297,1.8165780165519112,120.53490994264412,121.08572103839056,0.49268388050829837,PRE_FALL
51.14858684208586,1.4977543095788235,1.5143345546526035,116.46296715950858,132.3099496493089,0.518303730169615,PRE_FALL
88.78775993184419,2.7983016337227458,2.63417555435488,106.97110714687105,106.7382406325884,0.982357115153375,FALL
3.528980077597257,0.43385971093562364,0.14605846880225268,172.2316513456969,174.0631647042853,0.05018369844707418,NORMAL
21.158101692760308,0.804789361033324,0.5437263423547796,140.7588666378271,150.97061526522913,0.23982276418226536,LOSS_OF_BALANCE
21.02225656841172,1.0294147205487354,0.3797767154286979,153.81474075824718,142.29200976712235,0.34565342321522274,LOSS_OF_BALANCE
46.469483847908855,1.2739024693736447,1.9325320017112895,119.82979626314153,115.47464450686451,0.5088244322292033,PRE_FALL
89.34512245959607,2.2294027964513266,3.5289625622576084,106.61407701150767,95.67821143972408,0.9313732064300321,FALL
5.922270342503855,0.27281454272541106,0.2045137899390263,173.25148735496208,179.29506917229443,0.04616222228331485,NORMAL
59.383744010057235,1.8804750649269002,1.9556684267261903,119.03291769472152,129.5499005107387,0.6667510909616781,PRE_FALL
11.471519393699957,1.1714520211367154,0.35341887956266976,160.62009232191156,151.25763108351384,0.1940754807745333,LOSS_OF_BALANCE
57.330802171367125,1.7165643979752954,1.046641341783109,136.71172426659982,134.50930865480638,0.6445873278807863,PRE_FALL
4.5499087257728545,0.19366515194432837,0.040921384374216614,175.79731824183705,174.48031675352792,0.09755558913178335,NORMAL
55.53039416810667,1.9059919955694806,1.0428749334509904,138.05675220295373,123.03762594141644,0.4688720164887562,PRE_FALL
6.491309518995751,0.08726941786472919,0.2340927294297711,170.32663557586338,175.09789260221027,0.04874937443043617,NORMAL
9.308259047499531,0.41958814380580284,0.19498820528825447,176.87070956223263,167.06399381588807,0.028687939731326818,NORMAL
8.43283950085777,0.18711488158053574,0.1942026360193771,174.13575156957026,169.47713889379946,0.010810453058584347,NORMAL
5.71012181354699,0.41814976330324566,0.1973763774854905,172.88732043921618,175.5197103236207,0.02559385303339781,NORMAL
64.05766837819787,2.912465068649042,2.6779328310203487,97.54238253832787,100.69570331059627,0.8380204113356235,FALL
4.8151664938948615,0.23940732136004106,0.06321118531552902,167.4186938979394,177.5004749459288,0.002244603815429136,NORMAL
38.62883035029474,1.81847933575544,1.432741527258022,111.08199041043278,112.32168916358823,0.42545279943453007,PRE_FALL
9.581728382058959,0.19832722075831366,0.2145044115148405,166.1399471676459,175.3592162389947,0.06272423956010445,NORMAL
13.006981532349204,0.5469336092123182,0.9838832937473185,149.35521528902603,145.6302328108104,0.3082135515522536,LOSS_OF_BALANCE
84.11375408121239,2.7006736042147628,2.3808868369665275,106.6106480382842,91.40683499458356,0.8692908717480101,FALL
22.075813245758273,0.5847240922143742,0.3678045457083304,146.12880962422648,154.21227209821114,0.3498179357628625,LOSS_OF_BALANCE
4.139530653341858,0.37129232308276844,0.2505317207896856,169.49015619959042,175.87446231523876,0.031550284143669304,NORMAL
20.59125506988885,0.8455313590394922,0.6034957392247705,160.434815745772,159.39034571847563,0.3876915151873592,LOSS_OF_BALANCE
49.785606828078464,1.7442516224090134,1.4434117724233846,117.05421291307708,132.22680501719594,0.4620344394204267,PRE_FALL
32.875898997007766,1.484125561579531,1.7072629513618416,140.76725862041485,127.48886382710715,0.45536991416030875,PRE_FALL
21.306136115214752,1.181959275832798,0.8464117473262134,155.95287311633467,163.95772930536427,0.3538898025113776,LOSS_OF_BALANCE
75.97054810419607,2.56139189017782,2.9955169817124085,87.17532886124438,100.05720386657188,0.767316508194179,FALL
16.887856247161032,0.5998994371914486,0.8241110507150582,167.90050597823193,151.93910659082434,0.19243010283951528,LOSS_OF_BALANCE
7.419500778394765,0.33531425221649974,0.10926644153437925,166.04960716689465,174.96356527366908,0.03302000360425964,NORMAL
38.95326535005931,1.6835166031370472,1.4124130039108715,123.1580477616424,123.0768195601974,0.49436355416600763,PRE_FALL
13.654587985452803,1.031415279465313,0.48154634153889847,167.0681986670827,152.26377206461066,0.288051213874604,LOSS_OF_BALANCE
20.234105260258076,0.8077823147012592,0.7653895603878971,149.81268092302045,155.01125315427947,0.13518894890123506,LOSS_OF_BALANCE
86.64797951203867,2.0319094766877983,3.9356704566600653,102.24176393532628,108.3942215323301,0.99553579193313,FALL
28.259078177970196,0.6697481859290313,0.8794752654225455,141.67596997626023,144.13403938350882,0.38861559561442005,LOSS_OF_BALANCE
9.657167777138282,0.21522777194509113,0.0031643318353739903,168.88107555605484,172.66014360787568,0.05187977668493496,NORMAL
1.3427744814457554,0.0358729982688622,0.00471233981250796,175.82008848542966,172.30052005401924,0.04367351157588886,NORMAL
23.573358342807463,1.0716824658762212,0.6415310469443651,161.42870986328379,155.84926426835798,0.22660136426181351,LOSS_OF_BALANCE
60.33579190892189,3.048855480042695,2.389432466738615,95.74325454148115,73.42501102376055,0.8185520559314873,FALL
5.004657816197345,0.17248369379975914,0.007368795907730796,166.56824037009093,171.23963142788568,0.09617278656799705,NORMAL
73.8001820585105,2.820407930256936,2.0138311441876784,97.46659114024264,71.96704112648867,0.7557206257519926,FALL
55.40229348896126,1.8316280745946487,1.8303083692965871,117.77690030872989,142.92118286199772,0.5638546264778257,PRE_FALL
29.295070997375067,0.5883597185180222,0.4589875391316527,153.72300315575555,143.33410899049292,0.2651394308642194,LOSS_OF_BALANCE
1.3638146032954679,0.19549628271449515,0.23924538385003974,173.18586702961233,179.40201397620652,0.014407553745848312,NORMAL
8.266311596500596,0.03570491842790707,0.0497768367662174,169.61417718921348,176.23436583104436,0.05692070493190924,NORMAL
20.493555677528693,0.7034921171348796,0.6061488632517172,167.21623133157448,154.3283409551665,0.1445819615964284,LOSS_OF_BALANCE
15.789332580897712,0.8401504707174778,0.8326299279948053,147.43241897619063,144.57487174777282,0.25337195065660834,LOSS_OF_BALANCE
89.20568197277632,3.2064448383969557,3.2551261226387265,84.28641987632265,90.49512484428958,0.7790213765472479,FALL
42.502651739793286,1.6014014713081475,1.952597251033411,137.8120402383601,132.40068787768323,0.49186123706899776,PRE_FALL
36.741591893334586,1.5334658106791372,1.0085361398927932,132.65281309305237,123.19250852506323,0.5360846017072486,PRE_FALL
76.42319933808089,2.6101691871380157,2.14835820789864,98.85444898156749,72.39496414538611,0.7396136281920369,FALL
13.330702861549423,0.6443405750817537,0.7377005538137326,168.43633382802957,158.39911914112076,0.19890525295410008,LOSS_OF_BALANCE
0.26535969683863625,0.09941882534332425,0.19496533133385696,173.17412220904825,168.30660933061046,0.058926568387590875,NORMAL
52.19133791926108,1.7472085518226204,1.7877242441095391,127.1212997219879,121.39205545645143,0.6509406353464268,PRE_FALL
0.22748115151202009,0.10450477056210106,0.1614016373720958,168.05702029314907,172.84898822199796,0.025865800342559853,NORMAL
87.9835687591361,2.3419676488430556,2.03256727761155,97.99212994373863,77.29809990079879,0.8351290071836204,FALL
84.72360197595343,2.422323397677128,2.276819333231651,96.97856795187647,97.28603086252406,0.8093587849951014,FALL
85.6082371973879,2.7975417520907877,2.08970976134375,91.06909324040925,109.2958888257609,0.76919228956682,FALL
5.0543801973067035,0.24748492393320182,0.20540900116799596,171.23445652911167,177.59837703151834,0.048869951193968565,NORMAL
84.22438239711568,3.342819205761053,3.626196939453771,73.82582584839183,78.00568270776347,0.8583640592084132,FALL
76.48779139233697,2.1434830389568647,3.958596645153812,80.64564293157599,97.14433056042213,0.780591287081217,FALL
54.204341542723526,1.933688612827555,1.3034968885505531,128.73518337447462,121.44807183873979,0.4924425591276114,PRE_FALL
7.577337825930622,0.4263820725896002,0.033711522235531276,165.81807020042632,179.23411372538683,0.09267296951091071,NORMAL
3.7052995873443537,0.22169154303035082,0.2851665509554281,177.83175289958933,166.49031936909196,0.06856802654812853,NORMAL
15.569522849420878,0.5633129129271014,0.9963401778733358,145.45617008973704,151.55052192940013,0.195794733973309,LOSS_OF_BALANCE
81.5238037724261,2.907564278831218,3.24537731577671,74.50868336620317,108.0605564561804,0.757900415761734,FALL
8.415392879402596,0.40862536199978516,0.24847561421829942,166.82942334278655,176.52218506276785,0.02489623605072341,NORMAL
20.252939461063537,1.0328123760673567,0.4044968001978567,151.92515855153914,146.80778907015977,0.32474112259568655,LOSS_OF_BALANCE
40.144741478821345,1.5301134308789557,1.750850692909781,127.23594955369529,129.0788983343189,0.5574038030572673,PRE_FALL
28.80569970528032,1.179344845708726,0.5612014283897444,154.68653343047444,159.23146165628478,0.2764927016300731,LOSS_OF_BALANCE
68.70167813665263,2.3542818393186584,2.8237948976889067,105.29209745776792,71.3306478671613,0.9698275827687345,FALL
6.433987165568129,0.07846368665087061,0.25465367243280024,177.778067271691,178.0412345191915,0.0074865242476984785,NORMAL
78.35185593392183,2.9221821069780436,3.902757690197853,74.71617583711235,79.70907448738242,0.8489238919350992,FALL
87.72181656912387,3.432575366596919,3.5372098596470463,78.7346521145229,76.06539058429372,0.7953238337840243,FALL
59.76770867772964,1.8365778291929304,1.8874682734217054,113.50327404666585,127.62951590419391,0.46879876835229484,PRE_FALL
73.40509755029004,3.372017488684178,2.9800447211710432,75.6751396788765,108.88438212582186,0.7944196833736622,FALL
2.9490861311613017,0.15935845397832876,0.2854986394302362,166.1130060264999,167.55157804726787,0.03754578840799964,NORMAL
19.743867537359208,1.0242954031523355,0.6829595349185402,151.98216974942204,148.9025306964479,0.23064382075312206,LOSS_OF_BALANCE
6.858357886469579,0.17068079261500135,0.21731899284330353,174.23990014494726,165.4367607271719,0.017562908823799774,NORMAL
66.5366432576887,2.7935207348082667,3.4440711215726987,103.4358237609814,94.29525853756613,0.8219310914633888,FALL
38.08918479691258,1.584280229929481,1.438129290229131,114.67203565388994,137.3352734610791,0.5935661073458997,PRE_FALL
67.78744795882943,2.9995726921278214,2.0398462025662294,102.03388078286767,97.28961041052314,0.806952192782521,FALL
38.344129972163955,1.546269845058063,1.3043866707496452,142.51151369693196,115.19335951897284,0.58328152497883,PRE_FALL
22.60819760674678,0.9991649702359107,0.9856408565564463,165.45848783009572,162.11234940111515,0.2787518651733068,LOSS_OF_BALANCE
56.104787865782846,1.6939685348891185,1.1562437905576446,131.91442324815355,140.49722827165456,0.5382288991607791,PRE_FALL
26.60901332856845,0.6175180212170485,0.41693307854837736,152.47040029894563,143.23051485768505,0.19814243984821345,LOSS_OF_BALANCE
56.99554913120442,1.584063663865694,1.320848861786281,136.1389308725697,122.71155897283141,0.5883203586912833,PRE_FALL
8.210173923984602,0.2576348513047784,0.04769173279170014,169.66684639933362,172.60192912854833,0.01356498210170598,NORMAL
43.43713710386811,1.3584332125959344,1.9442472802574877,124.92117199412236,125.22985885439323,0.4247166666920454,PRE_FALL
80.91479989776197,3.180526694628555,2.9923786998635764,85.16458593533218,86.082279425818,0.9745037826296779,FALL
31.88348930193254,1.4753786021631565,1.732914180013567,131.69458859747465,138.61962288657813,0.4239854835138508,PRE_FALL
47.567185505595646,1.2070859927138335,1.8803846449513864,114.79716272043825,142.22560803241032,0.6581757057019826,PRE_FALL
79.84004934731772,3.279360603918385,3.741430391136471,99.24356756680716,92.56091984233765,0.7653181470197118,FALL
24.144172523141517,0.9003963555475805,0.8573111470052346,161.22196547139765,156.83133065219812,0.13713448340575587,LOSS_OF_BALANCE
79.62359488805058,2.85905692791709,3.8548928969750986,76.03637504354988,81.43350127846766,0.7214007608352161,FALL
28.7792895207077,0.7427348793583197,0.7882601082724408,140.62420774132016,148.64032344360854,0.15766038925030923,LOSS_OF_BALANCE
26.996194412496003,0.9967112720970198,0.6202727500963493,144.91083403911236,144.12682878417158,0.30878665778586656,LOSS_OF_BALANCE
22.519893739416403,0.5677082681619444,0.6359764941212851,164.24177222490837,157.77592311737408,0.2878891325035561,LOSS_OF_BALANCE
12.805115203676777,1.0742986827745982,0.8890937731635313,145.1176728692269,140.54198382951063,0.13015453631558255,LOSS_OF_BALANCE
6.72090495261405,0.305544878024327,0.2074540854242,173.9245347945708,176.8096136930038,0.017741926734367953,NORMAL
0.9302663835808822,0.4606372014860532,0.26918624157943777,172.79638827738054,175.5127036454802,0.03724919740740808,NORMAL
6.001021042955892,0.12235658571931668,0.1642024828749439,174.29649058304378,173.36322972403332,0.08252525047036827,NORMAL
41.05487353728735,1.411781680273938,1.5140561027439565,120.84170318750355,114.31920653962507,0.5672476247579964,PRE_FALL
2.2904807196410437,0.01605012195201888,0.09463591441772458,169.01611313963554,168.1647426537949,0.09429097143350545,NORMAL
35.76744447414786,1.3359475129667289,1.3908641623272815,144.77183939637692,113.76384648946345,0.5780110470013956,PRE_FALL
87.29465611850202,2.638878241819442,3.209018055831291,90.26734279698523,109.27899210144227,0.8793652874698618,FALL
64.38758092642132,2.777671513803158,2.620755886924943,91.54904196651952,80.55478538820488,0.966691458058904,FALL
32.878614130118166,1.6298152579322156,1.1320191678993785,112.48631819287348,110.80212159314488,0.44856973809898276,PRE_FALL
4.835034157274309,0.17939776942290298,0.06564573517770851,172.31463222560473,165.94291742120203,0.036943518544747436,NORMAL
69.09048287936164,3.4533934137083406,2.263053411266997,93.81224034373238,71.73063438933929,0.845184389369768,FALL
88.10569788349365,2.9258272416030078,2.5662285791717663,73.7261393561952,87.41091319908806,0.7411650686085772,FALL
86.83038764854038,3.2878693429028094,2.342981007692353,88.88991427604691,85.67652497662058,0.7046667968276201,FALL
44.65610416229821,1.3466868492182476,1.3273785648298766,143.02260935979524,118.9774707215734,0.6042716802247391,PRE_FALL
74.53736631584613,3.0458005712376863,3.5452141155218504,94.30287933740817,108.7901125657975,0.8429310579206045,FALL
44.71888217570015,1.5996675727551892,1.8503420404371669,144.66620667116985,117.77299307143339,0.5347013076369511,PRE_FALL
7.502842502514783,0.43404607443453247,0.21631820362384482,179.52597937967212,174.00615136837015,0.0351646185693149,NORMAL
31.25619461071714,1.7714304866753579,1.625016908867428,111.85628529068542,117.27707802067432,0.523055039201906,PRE_FALL
59.08383041425232,1.4234881206698677,1.8962611643688245,125.1530949854948,141.70452458927042,0.6392531435057252,PRE_FALL
86.29318218192282,2.0137254394386384,2.5639683853881374,77.36742801677832,99.7578654112931,0.9702862387534952,FALL
9.987281750118518,0.23605197539146294,0.23255917165122844,170.48727945154513,168.34959971436533,0.07721448435604628,NORMAL
82.64096095837772,2.7210265159408595,3.9898158556404315,100.10553933080439,89.24617757337674,0.9167980284866722,FALL
10.333489080170539,1.0860914697527413,0.8937610181403646,149.49440856972407,161.2792686006159,0.3717174246600351,LOSS_OF_BALANCE
1.0668929010539119,0.4600940647664948,0.20274363746295795,174.95136117480675,174.20740462913628,0.0764244212635527,NORMAL
18.42014006993164,1.0072361255779536,0.6112370195250688,147.2945743361874,163.91076752038393,0.11814735485840011,LOSS_OF_BALANCE
13.04802813632799,0.9394527524417875,0.6482659769668,164.14179332888315,144.27867563806117,0.36113724405216197,LOSS_OF_BALANCE
14.818032271170019,0.6481485748239093,0.827276764519117,159.79235307125202,142.6829544690556,0.23046802206343742,LOSS_OF_BALANCE
60.819494082188434,2.305361305115515,3.653820134699944,88.5538107521841,84.46615200766148,0.9416526897182489,FALL
22.715979889099653,0.6424198347927415,0.9775380589042373,151.19915661374623,169.55926146392264,0.33460709879955985,LOSS_OF_BALANCE
13.830950403848856,0.6972997540253506,0.9311622040555811,156.11379467047652,169.20739711642622,0.12960571555249117,LOSS_OF_BALANCE
39.09587069844827,1.3794525888523046,1.2009240067633309,140.23467331861366,139.38137890166962,0.6890524530200546,PRE_FALL
29.579859190322495,1.1373543151021357,0.5389640332211914,148.16308363143085,169.6387822272565,0.21445051320935216,LOSS_OF_BALANCE
50.23897257451773,1.410239261789072,1.9702969729547837,116.94537372956667,125.88532535824149,0.4267560540227034,PRE_FALL
3.085404820544293,0.011588149108175516,0.28356984122077117,172.58166694535657,179.50029945828715,0.02151444225262411,NORMAL
55.566991000043515,1.6586759380305485,1.5227653908526615,142.90689504857545,138.4606234966421,0.5884355047592215,PRE_FALL
12.21487896578575,0.8755171134538147,0.6347757996633643,142.0628897225096,168.65290296902972,0.3597098481799953,LOSS_OF_BALANCE
9.934120095545392,0.15092082696619935,0.09010018851845208,168.3283005522366,177.8358063826231,0.002170137145759954,NORMAL
12.328508614546774,0.634150546041329,0.48268302378388406,149.09604257693474,155.42118717860228,0.3562730948486704,LOSS_OF_BALANCE
39.45806194062628,1.7764009974898638,1.5501271190156434,132.01116185783658,132.621491114318,0.5186613094314898,PRE_FALL
6.6248296588889675,0.13498857476859455,0.18169030107720124,167.05745284469714,177.45979080706334,0.010491423690009695,NORMAL
70.24365150615385,2.914387076208836,3.1502311317002363,101.6118645754436,97.5797492375765,0.7336496600096468,FALL
20.395567264059355,0.7070070974045523,0.5814019726220367,160.4261197226026,156.60831284676783,0.19129690689195178,LOSS_OF_BALANCE
6.368927095483468,0.3088647069512577,0.08164023913548721,174.3413067041333,167.81684163816016,0.001939539724699635,NORMAL
45.332981502371844,1.4479212523243448,1.2164235549389362,116.3321701445619,121.68762048499542,0.5498778140845784,PRE_FALL
46.5382234077246,1.3045198850157262,1.9782486626993503,131.845937932832,135.71244429854931,0.4057636476368691,PRE_FALL
34.073109062037574,1.5954763266657892,1.9961356785267932,135.4066288222033,121.92461661391971,0.5874839644376098,PRE_FALL
5.444658614821449,0.4889212647260234,0.10760215236369537,170.9720946411656,167.84712843241618,0.012215971908726376,NORMAL
77.49233844120661,3.1956454558938128,2.047931983273241,88.66255072068633,78.29215803739163,0.7874910871566291,FALL
6.4588081809716344,0.21018096944116393,0.29785697957426366,170.7371942827706,178.04430427966062,0.09067673115245727,NORMAL
1.1786165266165671,0.15269000126774945,0.054913355499445045,175.40154812574667,172.66237304230742,0.041823910621125865,NORMAL
8.444843598146969,0.12165823741136683,0.17666138649087357,172.85943814500948,170.93650045289,0.031027456183586134,NORMAL
6.777644586233595,0.3604641883353545,0.1977544620950261,177.57505675443775,174.42372155530347,0.0903403704072968,NORMAL
57.70361997533972,1.684163854118239,1.661008825792492,130.0895838797417,126.42648351786758,0.42729630848338623,PRE_FALL
4.585789249705064,0.08560065835840841,0.10307280246880698,178.29613457938598,174.05453974270688,0.07895469650221273,NORMAL
5.1612668309479846,0.3153242765463602,0.014788634754382812,169.36769043351194,170.9705983718184,0.030455414782223855,NORMAL
47.04039524324583,1.2825626739916078,1.9757859119231225,144.48656791904938,133.08358426570666,0.5499907531516631,PRE_FALL
31.013241616695723,1.8863207598365894,1.0330262483883916,124.23471155426827,122.35511638980891,0.6097094779176804,PRE_FALL
80.4561300087411,2.745252794668585,3.2478280917106686,106.15094994952062,85.89043808792194,0.8903982512457653,FALL
9.273244567231778,0.31885001128200813,0.2381089151535008,172.63133617761451,166.82043682617686,0.020098037117768575,NORMAL
31.409598051340566,1.2979283682420928,1.3916765619279081,139.22143752500529,114.34925594297927,0.566738032360155,PRE_FALL
54.69579223146592,1.2631467303826434,1.5851471875911545,128.36155703976135,139.07425630716807,0.6098431762764221,PRE_FALL
85.05097931123939,3.4296383870281564,2.164963870191114,73.84485170942287,105.2952188507208,0.7955022292415803,FALL
75.5045019955475,2.4267258269390632,3.0252575035040716,86.56340277810997,106.4645935589016,0.7251364136110091,FALL
44.186631417606534,1.2481138623063073,1.7325017812469017,114.60720391215212,126.73048373487165,0.48150460800749045,PRE_FALL
9.50488959248252,0.31904144257973927,0.21242253174885065,166.7996566466674,177.8466123645774,0.012990725320546648,NORMAL
1.438726003515135,0.384353661653599,0.06551594945929859,174.65007250453343,178.6891383426169,0.07154003177508432,NORMAL
4.448449323707439,0.4847711322772731,0.20928686307211422,167.6555495996957,173.96376298254842,0.06310475226410597,NORMAL
77.62982314927903,2.8633876397120117,3.7773176189671545,95.1641994100412,87.20046498238835,0.9915006359801483,FALL
84.39619440641104,3.044563373718827,3.3871990236329634,104.73831857675827,90.14860116122333,0.8444733597056823,FALL
54.677563416182856,1.9355649706050184,1.4394762361196372,118.89773964391331,125.31162065369843,0.5180872211682994,PRE_FALL
11.345395530228062,1.0608299700300734,0.6326878569943765,146.29217475965243,163.86955248042827,0.29546104406656093,LOSS_OF_BALANCE
4.024003870577246,0.1478276012629735,0.038186339717745967,171.30669500659363,179.10545506095275,0.06773179452727329,NORMAL
5.901804293095671,0.4348501566811077,0.2622571122162925,171.60459314656015,172.8892663021134,0.045692807447424225,NORMAL
19.796229242296448,0.6749783408546607,0.3989313958751898,158.49465411262298,154.2054397292597,0.3169097241155431,LOSS_OF_BALANCE
21.21992517688243,0.8383446633748418,0.9353660299779147,155.99611710904392,147.3384211322088,0.10516375972290475,LOSS_OF_BALANCE
66.5455585121701,2.851417480981609,3.5645895861154506,84.26816753597977,106.18383605565006,0.8144176562733081,FALL
3.818724341907105,0.26372989423074134,0.2898804459617842,177.2533685937186,177.0188883622732,0.013839853460343122,NORMAL
22.612478842664025,0.8589908791367489,0.8439318996061529,161.20429404555355,149.4442977515472,0.37741899424424064,LOSS_OF_BALANCE
22.229640676810643,0.7272445983416057,0.3400844018024855,164.47766468161527,164.71795358258854,0.16578387781339138,LOSS_OF_BALANCE
6.626784893786967,0.4239909200519333,0.2419620170783695,174.21053964840192,167.48765328048236,0.05141366805163822,NORMAL
51.512302782973045,1.3922963803415862,1.1362497210032179,124.68898540390342,123.63201259043748,0.68018811689819,PRE_FALL
44.6882715043204,1.9246533224992866,1.0520110700235152,118.35813749222473,120.73226417756803,0.5346793204460007,PRE_FALL
11.246509449815235,0.568232822422111,0.6808584399091804,169.50210284871815,145.82547135392693,0.2842011371347017,LOSS_OF_BALANCE
16.125512594393737,0.8267888626660754,0.43031250854158115,140.65249907352225,164.27663995696878,0.2369337028121384,LOSS_OF_BALANCE
43.28081828955697,1.759448412751845,1.1901041112364936,128.27743627964438,131.27733011618795,0.40042725195138773,PRE_FALL
5.714405905106293,0.024655549035044022,0.11975738986408256,166.27618481202353,172.5273467340869,0.07738251365562566,NORMAL
7.47868723376587,0.42069465120845584,0.08577839406760908,177.70951637130824,177.12457168990045,0.05227299862092023,NORMAL
0.09723191714424928,0.4160885224616143,0.07447728280862326,166.39514145243137,175.10546875172722,0.08210746894925303,NORMAL
28.943269997414177,0.8716090516502217,0.5621304840678338,143.0041421980553,144.96906548028602,0.29029378635944614,LOSS_OF_BALANCE
26.80760977422212,0.8750838164229398,0.50114889134175,141.42594083338685,169.88683080081358,0.22060820565656503,LOSS_OF_BALANCE
63.08656854122112,3.3585593641758003,3.402439043304396,105.6142492952379,87.02893767370746,0.8345706615045329,FALL
7.3849498142410495,0.4878005180783906,0.09938419382403182,175.5817703487974,172.1086601051663,0.02898271826625284,NORMAL
0.8079047741079193,0.30414871181672,0.019704669996034173,169.1252399933693,174.49615086451524,0.05483564340483606,NORMAL
3.6593735251756296,0.2002908105073783,0.1710844931643088,167.91982952831577,173.29834389931727,0.0073531749742841825,NORMAL
53.76247607450021,1.3071410410754916,1.0579450434167081,120.89297492898405,112.48194406403583,0.43695209369996546,PRE_FALL
64.79494089197141,2.0985093281770912,3.739570260669059,98.77668628717886,104.59350080134985,0.7998518376864043,FALL
87.14530702684385,2.0277825255475928,3.004406703123716,90.74259743067495,90.34298288798936,0.8740331826860799,FALL
15.02658482020215,0.8890301649844953,0.5181237455168989,167.6915645748661,158.39351801439784,0.38778272584113815,LOSS_OF_BALANCE
7.796728789764172,0.176563831678264,0.11854293511536185,173.79120247814546,172.76614051483944,0.0736925540146395,NORMAL
3.3740660308091455,0.3451391644523101,0.053974995717264315,173.21418833105764,175.09202789609986,0.08316894998248812,NORMAL
18.088871983814716,0.8391730014830094,0.49522344323368267,163.0399866673279,143.2411000405677,0.17520695810617815,LOSS_OF_BALANCE
25.838297767322636,0.7191523834471492,0.43149258643504285,163.10393198026637,160.93823807336864,0.1628754260510522,LOSS_OF_BALANCE
6.582894173798199,0.2694782607967024,0.11624725205422069,172.8610465321568,172.4632373935432,0.055146780724921456,NORMAL
63.761247963312535,2.607602141297782,3.3288758342999505,109.87682826559663,108.84373730459285,0.9311951605995844,FALL
37.38292610301403,1.583657198200099,1.1064250255887147,139.28695718462075,118.7884843435966,0.5302554614903003,PRE_FALL
77.48900316994902,2.4641556098262534,3.695191753162643,70.64895361553394,75.41435042126629,0.9718636664687033,FALL
66.96382508374309,2.8553415566588347,2.968958526750299,87.06504596117352,94.34524832439703,0.9401198829016943,FALL
3.8070120296284795,0.4883059699449271,0.029881113552761206,169.7318395396317,178.0015911829218,0.05315606451632132,NORMAL
17.64914831134764,0.6253039200099908,0.8233399465442217,140.3201726516715,153.2624170245956,0.2578007784371569,LOSS_OF_BALANCE
4.235757725637264,0.13834011198612584,0.0010637067263346899,176.5667883452944,174.5567006595207,0.02619552624343482,NORMAL
9.353082808316525,0.41940805533945824,0.14487958906077789,172.62499348607824,178.817434710657,0.01772024385021456,NORMAL
49.55558990170172,1.773789203827228,1.8299707077162275,110.48159725567291,113.74337786396961,0.46190003405602537,PRE_FALL
86.35024328664947,2.6755013721202703,2.8928173711557212,72.13747259190987,105.29920582238543,0.7696362293634031,FALL
29.944631547860244,0.9425680579106248,0.6432103397074318,154.20345248653055,166.2481049405519,0.32517590495702775,LOSS_OF_BALANCE
4.744128398412081,0.08816190868526541,0.2010427905380868,165.64673402019153,174.67291254895102,0.0285064520013256,NORMAL
49.701802027246586,1.2209743138188383,1.6155828718245506,119.62150155243046,137.30867745525921,0.6890570915058796,PRE_FALL
82.29137939129231,2.01835607071494,2.0664807416914974,77.3874474153631,72.16919338256702,0.9876812901397105,FALL
6.636888294845347,0.4103737758547775,0.29424544159793553,172.42992974424635,165.55529417018363,0.05022911501329659,NORMAL
21.06568961764219,0.8743277109609837,0.8188805213303145,166.1784684090571,169.1131165917034,0.11679243992261482,LOSS_OF_BALANCE
16.828305787962705,1.0497463009643426,0.5373144962160967,150.80949067103955,165.67857659015235,0.2292704337239554,LOSS_OF_BALANCE
61.07734696010413,3.2188270888839963,3.5258205231799753,87.13653126846503,102.95688249848268,0.9618763300764259,FALL
72.94266175315737,2.951071031937791,3.659029626467542,77.93097077657056,78.3587839843713,0.7703434476797737,FALL
64.68180023731638,2.084150428993234,3.1347720578121656,98.12640794209426,82.66624571801164,0.9153303211685917,FALL
3.6294338915725453,0.2619086530330744,0.1152262122784715,176.8659989135554,172.67499677226758,0.09497538891427194,NORMAL
42.536261854057734,1.5912825806426172,1.6446064894126908,135.79902269712164,140.8877220545602,0.4656598064934351,PRE_FALL
8.612478396461102,0.43283981841498886,0.07057235113914792,175.53332823405012,170.91402485503417,0.031812730961869394,NORMAL
73.76042784133952,2.595061429592387,2.5797559701334976,94.07317248038405,72.44826198162978,0.9519601848968063,FALL
55.68034397704503,1.2557952047302325,1.7372287719507136,111.11819032576769,111.39418365441476,0.6685090643741496,PRE_FALL
66.76826493074661,2.9131606983284044,2.1982987027321292,91.6225704101171,90.32407245966488,0.9912449372346828,FALL
33.599333363268535,1.7403413706652349,1.5123101981306715,130.19376030272124,142.4211517656885,0.43395906816545216,PRE_FALL
3.8000939752265506,0.15833057696669983,0.21561522756689488,176.39102714001547,178.08574526097806,0.0035899099837686578,NORMAL
33.55546327377846,1.5894783020853525,1.5010872114887617,122.84123714421092,129.50130161619137,0.5105723208982624,PRE_FALL
31.26475563880383,1.3543508581806962,1.9902582619740623,128.20897971073393,117.11137728874589,0.5171769218098304,PRE_FALL
0.3982686193718976,0.030234429794102846,0.2367869996979274,172.5991590641239,174.42856044090865,0.05010489655070752,NORMAL
35.20629329628323,1.3762732939688604,1.1073869094488646,118.35697601356101,120.79729825430933,0.5738912713398678,PRE_FALL
74.41696672719766,3.392137685973425,2.419573934356227,103.97226124471132,87.73810273184472,0.9099381558652695,FALL
53.79700884915306,1.5177053495001975,1.7905857468106547,140.20423562750346,129.17928164150877,0.4519798987455452,PRE_FALL
7.187662245161679,0.05886728421861964,0.03420376580527438,166.59395562459594,167.97969992559425,0.019974938614635854,NORMAL
8.495756269995773,0.41116545904502905,0.031661661193199575,179.41181350821867,174.5337765915217,0.08287073110024583,NORMAL
57.4261966575114,1.711870947190962,1.3685660989820145,141.25648865505593,120.78907647581192,0.41946471565415266,PRE_FALL
67.59381825623694,3.447034495357549,3.0862740904620325,78.18371057297327,100.10952270403989,0.8268578824008598,FALL
37.3690144102939,1.587474654418477,1.2707404936290079,129.88662850907275,128.80930153242485,0.4439019752771982,PRE_FALL
79.75940521436075,3.273149432483883,3.383479113313781,87.88141041560638,88.78604236064425,0.9272173813411076,FALL
27.25419613518401,0.9037903066683004,0.44906696351292985,168.86351223824352,162.26624032961644,0.2401885940162896,LOSS_OF_BALANCE
30.79936239259617,1.929174308399457,1.7925299213273282,129.3845172825812,113.51320166682007,0.5195915019724592,PRE_FALL
14.050599688822079,0.9649708600564924,0.5789438563472138,142.96520060718692,149.88545242862773,0.12015931815983405,LOSS_OF_BALANCE
3.104078506063109,0.2259569318503411,0.017067015250185714,177.47544947494683,166.15096501760183,0.08642500339252392,NORMAL
9.992824684127266,0.41801379253997595,0.29069887718542536,178.8955047451219,177.73043601621458,0.0166311110603914,NORMAL
13.968796280803872,0.6098950377606178,0.6749891681735842,165.7916850711004,146.88003404964226,0.3403856184215937,LOSS_OF_BALANCE
69.47909087336164,2.093892317043181,2.3630785513256063,87.80681362495109,82.22918254393151,0.7980144191497539,FALL
15.429883779127088,0.6288464382478622,0.4120021387959166,146.5342316609873,160.90165242750822,0.3637465050711348,LOSS_OF_BALANCE
7.825830303221924,0.1739267834230731,0.0013710123845422138,168.53458510993826,166.76261734067688,0.053019902092808095,NORMAL
37.59600919889785,1.310113193588281,1.9247190755506507,132.59124492354266,125.77690606102061,0.5617635381112992,PRE_FALL
4.144410109977193,0.31488269036885685,0.05833057102191279,175.44531375735758,172.41565753515656,0.024398443957843886,NORMAL
30.697923005073747,1.2676854876865866,1.3772711329738012,124.39170690419735,119.7925675303336,0.4871802296779606,PRE_FALL
51.75685640686145,1.6226568366938177,1.2138743184811838,120.83547620942501,137.24031942944785,0.42465048312090026,PRE_FALL
48.89586067345746,1.2585302404036331,1.7377303490146456,111.90132372721874,124.27268663106784,0.453156762263697,PRE_FALL
20.206568432049643,0.5318393112196877,0.8174280619163996,156.89244733823878,149.0191504559774,0.218591470342344,LOSS_OF_BALANCE
26.40835950447014,0.992684469738935,0.8188071398218422,140.2281540497281,151.2393140306017,0.16718097964129033,LOSS_OF_BALANCE
2.9567266121073477,0.131674634447716,0.11013381210136183,165.01079743086373,174.57039093665307,0.03790435696665774,NORMAL
46.148262749379526,1.3030117398299061,1.98101102499276,137.44765132287625,127.76088420146992,0.5427213129446504,PRE_FALL
81.05247053614188,2.86132658777273,2.726960081446439,88.78294138467035,101.70420102321417,0.8905169024056502,FALL
22.255012659971094,1.0687398684448715,0.48893843806583714,145.11015890349262,144.13289977240262,0.23820812877990624,LOSS_OF_BALANCE
41.93350387465796,1.5427785333568131,1.9140071713092417,138.8486731362524,112.05764344020986,0.5640205958191843,PRE_FALL
22.99816172781467,0.8176340897912642,0.3799670444049146,154.96722471035835,141.01268550834772,0.18339019921773708,LOSS_OF_BALANCE
26.834416068751853,0.8827034732862566,0.8751805210779013,160.439613410636,165.779416633731,0.2851475554478091,LOSS_OF_BALANCE
5.051263749371638,0.317704904537922,0.037161857667209995,165.4584478857299,170.58700142302962,0.05940435934521513,NORMAL
11.049442308745807,1.1861937318802225,0.7550684633623068,157.8017717079419,169.0918092016656,0.2880917639789367,LOSS_OF_BALANCE
15.261130643913718,1.1051519259495484,0.9951540752866657,161.94901227996846,143.49387920687488,0.20611634881118185,LOSS_OF_BALANCE
11.243873450888204,1.1219565077948892,0.6333771500762483,153.38492261128263,151.07882648933435,0.25787668094654465,LOSS_OF_BALANCE
25.90449654124842,0.6294228939990055,0.8690075560697863,140.59239165346247,156.6818049142054,0.26092503692986346,LOSS_OF_BALANCE
45.78634242708608,1.777001380196789,1.7873730817718714,129.0532270572451,131.22597734738633,0.45958566496021225,PRE_FALL
63.173060887970166,2.86245869473459,2.220880215163069,108.20330498520757,91.48096280736988,0.9766562048530436,FALL
32.253349832807565,1.4467081054367328,1.2998201355850016,110.79562824901322,144.34388525769435,0.49832615297610194,PRE_FALL
17.557502595184822,0.5145011408405368,0.8785935737899424,162.90337268200153,159.33446338802824,0.11312201276163542,LOSS_OF_BALANCE
12.00113366408109,0.9725779067288027,0.5351772237398622,155.08305567759064,162.94711701588054,0.20186182744792228,LOSS_OF_BALANCE
33.44396223218146,1.7870710901246931,1.4614709342518333,140.04650878736288,140.25117019167814,0.5586295039362731,PRE_FALL
8.359247509879863,0.16389682944239597,0.027363871137404582,168.72328184191883,170.33614133256427,0.051345967537872954,NORMAL
81.05670285606973,2.1296156025385375,2.9910247939229926,78.13112702277454,75.40926360568133,0.9116275946000838,FALL
8.440491536838369,0.3904685184816854,0.23561451152734386,173.1019307552852,165.04961040441958,0.09541553459261455,NORMAL
56.70771209408731,1.459772044693252,1.8577964405428466,122.49082287027265,136.5624284628097,0.5597457960250136,PRE_FALL
3.807320234887431,0.06942002947970838,0.09033937961252061,172.39685913316177,165.9490072541543,0.0434676269262745,NORMAL
89.1480160331264,2.0555591054821596,3.6278861026968743,92.33377569758471,84.16070953276261,0.7004366867489661,FALL
0.5325688717107446,0.2510035573466177,0.0707334221590298,179.91788026857438,170.6236901012665,0.002818754552815006,NORMAL
59.226035030793916,1.763443017368331,1.463455334934853,116.84200132483771,111.48577186689182,0.5358889388330276,PRE_FALL
16.876947796063227,0.6624721791993465,0.4537916415286145,167.27210462502555,150.1745899591749,0.28063003984120594,LOSS_OF_BALANCE
47.27250741455328,1.5399315477732112,1.6232390614824044,112.21934920639816,120.49648890335006,0.46433553918907966,PRE_FALL
1.5086107669563853,0.030936850050550357,0.031050563181117485,178.4869025093366,170.151566637574,0.07143155491674627,NORMAL
1.581764558993315,0.4992167860266407,0.13290365099948634,170.28486112905497,169.72732494213597,0.0991462990618127,NORMAL
34.237520317153084,1.5793079388271842,1.8047734820161359,138.38278765860716,112.89248609887517,0.670508959376467,PRE_FALL
78.56201615270335,2.4353238751597552,2.279016317347653,92.30798202292011,109.49741724872351,0.9240988119879918,FALL
38.31244503134678,1.3336301842766822,1.7573263995041613,135.50326071845353,142.41798758113114,0.5468648347640009,PRE_FALL
75.12880924638198,2.8315759987593,3.1205242765670573,97.80570411186449,78.32604993098427,0.7580923127123408,FALL
0.6842074718155144,0.31558050842732027,0.276278729634089,179.96138884434322,176.2014955010689,0.04339714719231257,NORMAL
4.871904101337485,0.1654254658413617,0.038464543978785466,174.8320947104543,166.50067585913135,0.0619515777154333,NORMAL
57.294198720078114,1.3180917945306605,1.625889870390441,129.4342526830304,130.78457728434262,0.6275384701358236,PRE_FALL
42.86992295346262,1.297477910513376,1.1294280777099484,119.86639929516915,135.36648625930707,0.6421372853707845,PRE_FALL
42.49036241110568,1.2103740749171776,1.3080076771341904,115.55108388401804,132.06606623434587,0.6052172704454069,PRE_FALL
65.3193121799461,2.8337150066302357,3.7790707827629015,105.28056528332255,90.06406653207951,0.9678870500297052,FALL
88.9639260309452,2.61532764120282,2.5486421053363895,77.49966625810688,98.57663597335903,0.7029185030643028,FALL
75.48797077213979,2.4400026217658084,2.4248356366385124,81.8768973632586,96.3937163563377,0.8813949873842067,FALL
22.458219246202574,0.9251069550822085,0.6005190829918126,157.01426104148823,151.21881460351378,0.28980954025538647,LOSS_OF_BALANCE
8.30372331894636,0.4912836187418108,0.03921457126319339,177.35510122782534,170.58359615723995,0.06302975486038245,NORMAL
14.075251533576015,0.565285784884901,0.6061947271829595,158.86682378575927,157.79864575409485,0.10834550027124501,LOSS_OF_BALANCE
8.008168219994952,0.35036280316077106,0.2206058606347104,169.7708657889915,169.07933807748682,0.007468743580247972,NORMAL
43.47384612162893,1.7303704243272504,1.222974591482612,132.31589692833506,114.03474405826877,0.6706651422184483,PRE_FALL
39.90425216405943,1.2311537980813714,1.582863502817942,144.58646339463428,131.50271698838068,0.6464289343116084,PRE_FALL
16.509660739131142,0.8357778888869725,0.8048847855259342,154.09615277172148,169.13399516344998,0.11379998500919625,LOSS_OF_BALANCE
82.18492786901433,3.4207314727537943,2.9709355719253985,95.08804207671477,88.05478053492409,0.9308262920539571,FALL
83.24132011377395,2.171656464889131,2.108798428429898,93.96308272401289,76.24303681023905,0.8892432286553319,FALL
24.878479738714322,1.1306984672108633,0.41221875076251746,145.96975772419032,154.3788495569748,0.2995728686070339,LOSS_OF_BALANCE
23.24186466602967,0.843175252179476,0.4831656916417678,150.3084694913361,165.79016935986184,0.2639860101439142,LOSS_OF_BALANCE
61.23078815170704,3.0192483184744274,2.23496893941589,97.9716606781285,73.70625690843207,0.9517287039523254,FALL
10.15796604137875,0.7949854339126284,0.534298734632658,159.4364394030675,143.00623063455035,0.37394464692027396,LOSS_OF_BALANCE
12.428258932095115,0.7617342580586122,0.7325839010769168,140.87864545524442,141.43502715798985,0.10311880813256148,LOSS_OF_BALANCE
16.81888769951258,1.0804676185181092,0.6038532071264058,152.82647567598804,161.8767840255573,0.320624346477689,LOSS_OF_BALANCE
51.12653458812055,1.9541985221705245,1.9862065940815659,117.53214488299957,125.82391031715187,0.5615187101748719,PRE_FALL
72.38203622605619,2.8551870294464194,3.7647693006013583,83.63308843836688,78.41237244586644,0.8571378703552359,FALL
79.79719548558336,2.6593652381725033,2.0587991216573087,89.95615759709573,89.21601262711482,0.8166392906835094,FALL
26.26856096800085,1.0164498644228117,0.6172832271951963,140.82052680000115,141.5629646870582,0.2924777534240625,LOSS_OF_BALANCE
30.945541150866788,1.4557054779022751,1.0310403202159866,134.5221025986665,140.14112053755008,0.5151265816828264,PRE_FALL
39.21294747246772,1.6740440192770016,1.7259866443368632,115.90427525534875,130.2582282670274,0.414335687773342,PRE_FALL
20.273689680291938,1.1667385215732051,0.5959055881712995,151.37284297581402,151.19851096787937,0.1339700527592568,LOSS_OF_BALANCE
47.927615628782235,1.2962899344898435,1.73341991797509,135.74232083534457,116.82300786169303,0.6396545495930223,PRE_FALL
39.388420559981846,1.7996997264847159,1.6902673838497106,126.46558128939404,134.63921982180787,0.4282589123734528,PRE_FALL
89.73919445830076,2.739884430693638,3.0818362811383455,73.48026548625985,105.79230713027475,0.7353618833919907,FALL
13.598751128513216,0.8883052379866169,0.860359080284888,143.691359096574,143.86447971502267,0.16186897006476036,LOSS_OF_BALANCE
6.39102687904879,0.4433267576089109,0.13398898022933814,168.97818660844314,168.74311294702918,0.0067794780064233786,NORMAL
50.42235931614907,1.9955741531789002,1.4535737222308014,134.50390411271238,124.09307692298026,0.6814583148728259,PRE_FALL
85.74944994645108,3.189219213119665,3.628706642204122,82.93505489900116,108.91210948792119,0.9228853303229397,FALL
4.376734051383467,0.20542930574826673,0.20290887665655985,168.56295302170386,171.66298064707914,0.028492793256335826,NORMAL
61.48427688727222,3.046292689558509,3.974899258185734,77.99714049634572,98.93346585494811,0.872660364901499,FALL
75.3553481673158,3.216161747452029,2.2806610611832934,75.48421552013728,95.40757698687594,0.8559738428893234,FALL
49.24543577542589,1.3559899289301742,1.3093300194194022,140.32240993816757,130.60455576385354,0.6496172577357617,PRE_FALL
52.359871168749024,1.4459132415594858,1.2573978661415324,112.55478764109127,141.38407484209046,0.5835960137575393,PRE_FALL
49.08734924043091,1.9508776179322977,1.924642358167632,116.46682496668275,112.25800813827598,0.48034320578424716,PRE_FALL
3.083534001177294,0.19873367425406147,0.14672904363619718,174.91560082119008,166.36705316326018,0.054412602921968034,NORMAL
85.8886158818854,2.727096888698802,3.3871719097503075,101.9175099221705,107.30129606292704,0.8794792700209854,FALL
33.77289111167378,1.611734226818495,1.2599053407285647,123.03359311805877,111.95339771557154,0.5456524387173616,PRE_FALL
30.15859470100951,1.6183800987903638,1.273314413254639,137.81313546407813,137.16918091821972,0.45626498570886137,PRE_FALL
72.18240651093188,3.4662475455815764,2.655383474964701,84.72973573653334,73.36133582849105,0.7199680337043235,FALL
9.380021995657607,0.15479094370798047,0.11300379181689005,176.87492936795314,177.19777175722203,0.06701163999947225,NORMAL
76.61186931320685,2.2922124327842903,2.6445382790786485,94.29092869010452,80.55372614479103,0.9011657935967284,FALL
6.762955683574412,0.19243830870335715,0.2517099063689362,173.37516355053282,179.81687437142216,0.005456611522767585,NORMAL
4.916479611444013,0.12044590834861557,0.29104351463502004,165.75526071789815,168.340597847532,0.06433173148232518,NORMAL
26.456854459427223,0.7528872729690128,0.3685914822115546,161.3492126224247,164.8531288829564,0.12458414903040664,LOSS_OF_BALANCE
37.39509010029206,1.5695569319285227,1.2291890034983999,112.78976521571826,111.672943520955,0.6610687515610276,PRE_FALL
84.86475774886432,2.0908250334371203,3.0927343670319507,104.7340613816538,88.02307798402104,0.9650614221849869,FALL
47.99070186319135,1.8518906960680788,1.9985789866801236,140.5596478816866,135.01571706874878,0.43238813929106795,PRE_FALL
4.581571811226151,0.43673312668637854,0.23596519164833152,174.34586892883212,172.83843015674714,0.04195938342252287,NORMAL
83.68412148448179,2.6918661495940666,2.7128142353978895,82.01121023366684,102.23110615610548,0.8713228206175468,FALL
88.57639500751186,2.0022434905866144,3.9947637813306986,99.8642195445765,106.61082423940607,0.7833654526782693,FALL
69.4556610098012,3.3479675063683776,2.113331067168128,81.11976046614495,84.8078042896418,0.7168150121232313,FALL
1.4954805726548293,0.40283418077879507,0.052982182997883855,172.49396739167776,179.93342655449402,0.08493899153966605,NORMAL
73.76541912589487,3.429071085713128,2.7884821810284732,109.47462529057066,90.37551772355575,0.9541912036053215,FALL
89.08347468164114,2.431204788383286,3.4573083124711834,78.7264544074617,76.64896568701171,0.9486698415767836,FALL
35.84708407000319,1.566015436010093,1.183111595102572,124.23021143136121,132.96081478724145,0.40561497055275253,PRE_FALL
17.239299152924225,0.8190748216239472,0.8237317955544425,143.46250758165266,147.23139430098402,0.31983949905099396,LOSS_OF_BALANCE
29.80797591688892,1.150368832069236,0.5984120839265208,158.4940207450785,142.72806291230398,0.11528660963554528,LOSS_OF_BALANCE
4.1451401393780865,0.27790692248240095,0.21307410203199756,176.3286562168828,167.0539055987363,0.018600641811105403,NORMAL
47.858153233247805,1.5810945238898528,1.3868846916641442,114.18056707747621,116.33866548018217,0.5084004799130359,PRE_FALL
0.9771690834678259,0.06694155281230069,0.143142371101362,168.48769335933983,177.88579870952117,0.028326666800895586,NORMAL
17.736310314427755,1.0748925100002917,0.32437866242761637,168.75538236387456,152.65210669774964,0.14906286313731104,LOSS_OF_BALANCE
3.1775781216600443,0.3025389109237337,0.28302064923058656,178.62670425326746,170.4159730372084,0.014794593837830251,NORMAL
4.423761118648354,0.12822198773674104,0.14372377890494495,168.03102010800896,173.0786688556298,0.09330239337833078,NORMAL
75.01503892946492,2.022095715661158,3.3026636877193027,96.7651870453735,81.726408956693,0.9395207660675772,FALL
49.1664478682758,1.718421531111709,1.1986637820545416,130.66110044990188,133.98044995374775,0.6440995911089545,PRE_FALL
40.06904736909134,1.8425168246780885,1.8536266609553476,137.44421239836512,124.25182629193975,0.5026386062778684,PRE_FALL
11.350889443291202,1.052591496620667,0.43553017924024895,157.19636398389525,159.120912069581,0.17688583066029373,LOSS_OF_BALANCE
26.951901596558034,0.8694294792320123,0.33600205276140127,154.1698747856612,155.7334421247995,0.23230522420318284,LOSS_OF_BALANCE
6.446442931551882,0.1356240506756745,0.13346951629439152,177.94209725470503,170.44747260375644,0.05869197735260106,NORMAL
83.38462657225469,3.388039395399533,2.511635972186995,91.9730598924548,89.24444560428913,0.7541703817250842,FALL
73.99904312832524,2.97834733376029,2.8298817581770894,101.22697137272806,74.19849153894964,0.8891022863037967,FALL
7.838897618405682,0.22979088133678344,0.03727115376911953,177.8647739989292,171.6192892331464,6.759315121042108e-05,NORMAL
5.720424340368412,0.09495758020567535,0.21796496297427106,168.33544790964405,173.0195265231632,0.07848970552961171,NORMAL
15.811524307788627,0.636082411124812,0.70998047470224,162.9659820407426,141.31714477583228,0.10890567198199674,LOSS_OF_BALANCE
34.18296079075306,1.4533787988511166,1.989762133883316,132.12675631216493,123.97963883578667,0.4041850494616805,PRE_FALL
32.49473482726244,1.3417011856926135,1.0006500325573147,112.89425502225868,114.73316078169965,0.5313212146634987,PRE_FALL
18.53379060108322,0.7259600510362343,0.5230048107364039,145.35247436616876,144.2958968226465,0.34419615405437204,LOSS_OF_BALANCE
72.80264209186942,2.0108636931908768,3.074807271758501,83.87278484235127,99.86484281433192,0.8615097455676374,FALL
20.917588537911026,0.5824733899643444,0.49551363631205514,163.055331598481,167.7165689328351,0.20117637737844668,LOSS_OF_BALANCE
5.9031547528965405,0.35631719565315134,0.060579601412747285,171.82024811471027,168.75123441115858,0.06917174283309015,NORMAL
4.140411395243718,0.16689612846691176,0.16812465147534797,174.56255315382086,165.16945901967046,0.020118713893009024,NORMAL
16.55079456248358,0.6538327780247474,0.8094207293102234,168.19544310716844,148.02771596767005,0.24447246163913058,LOSS_OF_BALANCE
42.787502433507186,1.8812474627335085,1.0457921699885782,143.593007376246,119.30140482891777,0.6539815235503461,PRE_FALL
18.175751698762113,0.5271788283789957,0.9451222739155163,151.5447803435019,156.96825776152963,0.15826846010152443,LOSS_OF_BALANCE
24.346517490957517,1.137594425717652,0.3473959471134426,152.57012483263674,167.93996981213485,0.251160828301799,LOSS_OF_BALANCE
67.02109274591112,2.6070544676925764,3.521961874885802,87.98028499303,103.17600376935866,0.7282879268360469,FALL
55.89048908911185,1.7371147401930616,1.5963120098202905,122.05926690758159,129.44125714118292,0.42762085589586873,PRE_FALL
35.451715688297526,1.882758849398124,1.2395291254933642,125.86201161484459,144.3293092374983,0.4410126594594061,PRE_FALL
81.89047511150832,2.8750148782591025,2.713218484036881,87.49061636637276,88.15268267293494,0.9010062869047077,FALL
74.58883169064764,2.8087266127288606,3.17154743008781,72.8644927945747,75.5223796899768,0.9456206343377208,FALL
35.16749924693721,1.4032820835971433,1.9167897676678445,143.442902695993,119.15784667556036,0.5282492430213552,PRE_FALL
4.89640346655701,0.07429770919139456,0.1615741733111621,170.1768591253951,173.27876125606215,0.0543430062958673,NORMAL
38.862542593636135,1.2424954733285611,1.4650894173189404,123.52948968147209,132.87012063357196,0.530014699872114,PRE_FALL
43.142918831738605,1.4933405148645482,1.6989211993662525,110.71881618197492,128.38113271757314,0.6081436269766576,PRE_FALL
20.63423257464331,0.7684302762837707,0.7723032366931912,144.51161660409497,150.1134706917855,0.38025312283835877,LOSS_OF_BALANCE
11.753606812861936,0.5623975987595803,0.8184068531881297,168.11631951961436,162.3385325689631,0.13483186715730805,LOSS_OF_BALANCE
6.414817386076277,0.19983919218003043,0.294344906159478,173.04323598718082,179.08855710487074,0.01153417518514276,NORMAL
56.20332577245955,1.8576295339476114,1.2916253205049995,144.37729367693612,123.64582982274533,0.5064028246987053,PRE_FALL
71.63861272128807,3.390969278167055,3.521119236762744,107.59626995169477,97.34971634009153,0.8850517041484325,FALL
46.17051909188645,1.2784054542940952,1.6885911419028394,131.70811035351642,122.28692224785149,0.6914087050069455,PRE_FALL
84.88626988354713,2.812228804511535,3.945321049911343,82.82556048019848,87.48972466903967,0.9381204131495042,FALL
58.8956882518511,1.350455851762405,1.6896752003430509,138.36238745650797,144.85431092050953,0.41323693142873247,PRE_FALL
49.254561243145616,1.5167921346103346,1.1549840088791958,138.7996082986264,138.50274530987375,0.5345494437792758,PRE_FALL
21.241082344470385,0.6326832751726459,0.44498352076134945,156.25107960292635,168.16769683984228,0.13624118841977748,LOSS_OF_BALANCE
82.53767564683206,2.07639280768214,3.0146534928436655,73.9408870285256,95.92056700137118,0.9536203011382729,FALL
25.68562587976637,1.0901215086394571,0.7391228671496044,147.80690368354422,156.58716525712308,0.38461009112537947,LOSS_OF_BALANCE
25.895444339190323,0.6133196434209832,0.5257726647570636,157.1626019807405,154.51534580983528,0.20317053091767787,LOSS_OF_BALANCE
11.652739811249308,0.842452908672292,0.7681545468861974,155.29245493373313,140.69080283943947,0.2718945726469517,LOSS_OF_BALANCE
86.50261234933853,2.5003153045088773,3.0069123623611054,101.37551884629644,99.40963552215447,0.8591214422705146,FALL
9.902176420075875,0.04233172214485803,0.1926728698744065,171.23783199416317,171.84042981567782,0.07889284245326408,NORMAL
66.12420051724789,2.925113989121055,3.1863532299623545,105.64436523688558,76.50030593378203,0.7978450876999996,FALL
64.43420884615347,3.2921645912366966,3.849223336919523,93.40804463855201,78.84044641945142,0.9367955916531432,FALL
38.055524431590555,1.5439688600506603,1.6089612658460262,120.10814314646443,129.13541399227617,0.40484988529925103,PRE_FALL
18.36148399814496,0.723888619442093,0.33328947594185276,141.22667387139856,141.56391911069247,0.32342641127476013,LOSS_OF_BALANCE
70.15510072429714,2.0705685430345335,2.3260187476924434,85.97362793712878,77.45882888380874,0.7357914621638619,FALL
80.73249717733376,3.2900897674098415,2.709251463561253,82.71180215301726,80.83623117503039,0.9159386033681625,FALL
81.07547631361555,2.5749015590392643,2.5842632735842015,88.40658339513277,94.81687528192938,0.8354493491118575,FALL
24.12118407549623,0.8440357260516045,0.3941417695486677,161.4716956889064,154.6236478009845,0.13281459786487046,LOSS_OF_BALANCE
37.214487323463246,1.240606537511444,1.8583031565465138,129.02846791561495,112.59605257550118,0.561700865370655,PRE_FALL
42.039368996481585,1.5737542304079855,1.9271668052610071,126.24892622509932,117.17209648142824,0.6988332589695914,PRE_FALL
12.003547251684168,0.8198434815509545,0.7888157887851137,161.75660561816866,166.63911653869684,0.14165890818613863,LOSS_OF_BALANCE
55.70503909761853,1.9626307855553844,1.8905396773694139,113.79242037589408,139.3715231665352,0.6421232241824991,PRE_FALL
60.891037618974444,3.2794909135888446,3.5486066537263774,77.76959667166604,108.68728362911006,0.983103724814198,FALL
42.45158518294387,1.5476947678879327,1.6996875391349162,115.8166213282563,134.97939544326934,0.6141166922934294,PRE_FALL
61.54197500891193,2.895217955076614,2.8666849429281314,96.47558426426235,85.54144235444943,0.8219559860554356,FALL
2.1941158604392488,0.42325254523256656,0.23921720621382261,170.3220695184774,177.58833378458863,0.08452209023662809,NORMAL
4.374725601949808,0.4732066315058803,0.06661140207209418,171.76691985331064,170.24377617207972,0.0026670190802938532,NORMAL
37.32882583686789,1.9661431710031445,1.9313716259297595,139.95475550350392,130.10447847071896,0.6773292016906722,PRE_FALL
18.801599098595656,1.1517249253651054,0.6426787466719885,169.19817449530714,164.71435490910176,0.14330385440391127,LOSS_OF_BALANCE
82.05655952224497,3.3460998285299324,2.218783937305089,74.08094649692282,77.02011559668331,0.9715948108410015,FALL
34.136992366654894,1.237946273868372,1.333992496528275,125.5930627403457,125.55167252157196,0.48301006564055665,PRE_FALL
7.652742410204625,0.2188380747341125,0.1185339774685853,174.9108474736086,172.10981516051928,0.053346776381034945,NORMAL
32.9056855372971,1.405165231297599,1.918203455116597,124.3198363424071,144.69604540477977,0.592905767832606,PRE_FALL
42.900322760886795,1.9669099573856932,1.802391177440314,119.57721470843268,138.5048637277058,0.5639637789277365,PRE_FALL
9.378424576992394,0.3480570709198978,0.040592002257108774,171.20338957646425,171.7632878227061,0.01788785789436156,NORMAL
76.21454693655242,2.227327645477751,2.6433918946601125,94.3232198649092,83.51784559802503,0.991247842240249,FALL
54.01359172002084,1.7356144864588892,1.2409235659513578,130.8514746972669,115.14792467491388,0.5369479975708089,PRE_FALL
15.172980985353142,0.9438820256380057,0.7225452331080104,164.07255185579007,153.50809823767727,0.21184759463594152,LOSS_OF_BALANCE
53.81835276795675,1.242592089300248,1.5695118765247187,116.98633496861723,111.1489815353091,0.4212640519656137,PRE_FALL
28.032834742744907,0.7394134035286012,0.8272232354270925,144.9359984394771,150.47828777326828,0.2257303233779041,LOSS_OF_BALANCE
69.53319532745472,2.06335603964372,2.4092879199078303,100.14044039549648,85.10563276761533,0.9073904808435059,FALL
8.552933714560902,0.3075041942077868,0.15212034520018652,171.94067488390908,173.31474557007456,0.07918177972653585,NORMAL
83.47113998385296,2.1774045968235143,2.591416671052291,100.27747969411128,77.83246835401033,0.8842836395635447,FALL
20.197273854475142,0.9507112088513288,0.5130029929953699,148.0773826756126,148.41667822219404,0.20530735413339496,LOSS_OF_BALANCE
4.553378280202657,0.28948314622114835,0.2794439458158017,166.39689431732654,169.4894172239477,0.03685694254750741,NORMAL
19.270497512286905,0.6569611486295419,0.7803655751015606,144.65209102571032,154.85966761274904,0.28886787440007644,LOSS_OF_BALANCE
1.4223961877509161,0.4149467522133198,0.1355094263488966,175.83970187239248,166.69757379365393,0.07787311418760398,NORMAL
55.171866102024886,1.279024296091641,1.519843802533697,133.22294099567938,121.21935722913851,0.558201246476911,PRE_FALL
19.488765036124462,0.8610777453400384,0.8501822537692685,162.7286389772754,161.67531054043718,0.2384203411802491,LOSS_OF_BALANCE
53.741253201083424,1.7294176572880882,1.172779948644628,130.75280072623121,116.43683666433976,0.4284538612136007,PRE_FALL
69.44691979126885,2.611101832761088,2.024143222491946,108.78029877293636,86.33555206732419,0.9432580212205628,FALL
15.315992402850434,0.7947667259152791,0.6850865710295536,163.99460256436538,161.42962875830398,0.19746630955731104,LOSS_OF_BALANCE
11.148230446068215,1.0203866198666065,0.6879118423962018,154.78551599569923,166.23058885574966,0.38864989939718697,LOSS_OF_BALANCE
35.31087856460514,1.4272939722191837,1.8937628105914586,134.18256558002827,129.5365667182548,0.49999207419797476,PRE_FALL
7.554839314485417,0.05799718220726846,0.05028011902574059,170.98117204117386,169.52050694930549,0.0746150545390336,NORMAL
25.99570129733186,0.5109146797485704,0.32866716572737475,148.4905189630696,157.79214854317212,0.11595798467479596,LOSS_OF_BALANCE
37.83274383227891,1.4883969697508244,1.2983446358826203,119.0781217392661,121.45396276473409,0.5163658884643478,PRE_FALL
88.75308540695191,2.8750885840264404,2.0199527939999724,88.59385355585697,94.19660786181345,0.7090075196175258,FALL
0.41905941930381996,0.46668548997519865,0.15461507677634964,179.83684053444185,173.1454604648128,0.02533137652026174,NORMAL
57.405734899790104,1.6083493963079265,1.242975719376985,115.30133829283673,141.59985206337785,0.4265158743799316,PRE_FALL
24.177363437860656,0.860101780953743,0.9010570370985529,169.78266076737702,142.44302926687087,0.13151316290878212,LOSS_OF_BALANCE
41.34407787150609,1.9945498542951838,1.5630403581267882,125.96331825840421,142.25812870966817,0.543981382266181,PRE_FALL
73.73965312376241,2.775587932764255,3.1792908582672403,82.67260677029378,72.54110638320836,0.9624545716230652,FALL
35.09745725782499,1.946240450868942,1.3703721466543528,115.02202668453147,113.6327409293583,0.4700985893739051,PRE_FALL
52.508789011910174,1.8061264055407755,1.866273454379044,111.48117182054085,124.11477143021722,0.4687237174536082,PRE_FALL
29.904148999465836,0.6980770715228888,0.7740320558291243,152.54992973365705,152.25572305749287,0.14378285563462925,LOSS_OF_BALANCE
3.232737862759947,0.4850923634042886,0.12125251710022368,172.71894378493658,179.8217882217263,0.0657660386483129,NORMAL
4.6007059004643,0.3446052745298244,0.0035459935831346767,168.16128578552173,173.7151232846917,0.03254361999154264,NORMAL
40.85011505941552,1.4425573562455982,1.2869397236317615,136.7073472769021,118.91575012741691,0.5968081259045998,PRE_FALL
34.147219321291814,1.8062661356940442,1.451291344663524,140.80620665788985,122.4617801105091,0.5539436021539097,PRE_FALL
74.24210252799162,2.5642973188098286,3.41955336347094,87.38009969886154,100.87522935830383,0.820790763429549,FALL
11.86581730139528,1.0029238951362598,0.9190814476531224,164.22428101631843,159.62660449911564,0.3306477145520327,LOSS_OF_BALANCE
0.8844635073267892,0.23622578617432283,0.22250583320201245,179.4061657043603,166.17122877583733,0.06336876641154081,NORMAL
76.23551561428019,3.027101447270818,2.6513606067354294,93.89150894368808,94.03129084023041,0.7978772763253505,FALL
71.73655829922316,2.7850550983638818,2.1660003540251433,99.04477811385327,95.52781284740118,0.7629760135594675,FALL
9.132042652335683,0.15227506651916212,0.2829999892488341,171.52090550040356,179.73870455270088,0.034426462643064,NORMAL
1.5241141018414328,0.16493264298892996,0.11395193242234625,177.50044072930478,172.48952223553982,0.06546079661210219,NORMAL
33.40112278570986,1.5610332747550597,1.1214390434359243,136.80999274724496,137.2838133850002,0.5395891677829167,PRE_FALL
4.259022530383469,0.13489469028284762,0.28382864805870034,173.13652659675807,176.9171812989354,0.07876918441404789,NORMAL
29.051609898204344,0.522118966232971,0.6012844839400646,167.44817475657183,151.50889630245763,0.19436775934593592,LOSS_OF_BALANCE
63.860123852148696,2.3382389878691723,3.972890154506101,106.92019938489217,105.3941994920785,0.9075484659603402,FALL
27.54150685062336,1.0974068059940756,0.9347703933137821,169.25378471925993,166.84739083782108,0.23454466602921034,LOSS_OF_BALANCE
74.2453161954786,2.1751646687168833,2.2138756476374333,97.59435400258958,99.90154150095624,0.8769082020729086,FALL
18.491848796149917,0.7756952522239134,0.3501597571582125,154.64927986335977,162.2128735416142,0.27592868661931813,LOSS_OF_BALANCE
89.32371137714046,3.032091739297246,3.7066642162389867,108.99952958741186,73.59313681224621,0.9085229558621919,FALL
5.396681221360597,0.4023538831232265,0.13255809167296032,170.48674982922566,168.89710565906586,0.0303572915573089,NORMAL
50.75404558031891,1.3723804596969948,1.3975389352293257,123.2098757926109,111.3006408692138,0.5297462571347904,PRE_FALL
50.975493426186006,1.928529681053717,1.0986507345529923,143.24875054135686,141.23246269490457,0.6137231737084177,PRE_FALL
62.07336350504479,2.8816188339023103,3.1036741146234603,75.60053657225201,78.79807967991181,0.7061487060309087,FALL
62.289274288958865,2.2794602971493787,2.259981454678421,73.43810706714582,71.88585106111341,0.8592747556967055,FALL
59.98316672999222,1.554028843797052,1.040772842212793,129.17955257315498,133.36324646878023,0.48213648876479087,PRE_FALL
1.1782860398115103,0.0035970262252907337,0.1963638362409592,175.31650105166665,169.73852571943905,0.03622697897745908,NORMAL
20.345541560417956,0.8061811109012265,0.369704546757172,164.03515922866694,155.12771139704572,0.28943232054323054,LOSS_OF_BALANCE
57.98842746571741,1.5023399909147743,1.6606162616183695,125.39515108317691,135.2890231999171,0.4801317546008933,PRE_FALL
27.604535581160455,0.7533168118877935,0.5463892265582083,155.1693032852807,167.43906535855612,0.2959989782068607,LOSS_OF_BALANCE
79.46794632444059,2.0867128595318025,3.3145289651551177,108.90124495262506,81.60492392402665,0.8163798522699397,FALL
41.67834627464383,1.8054050530934427,1.1035693869536745,127.9346912887333,138.41333008621692,0.4637079942990609,PRE_FALL
71.53416635775254,2.2562223927486937,3.7397552185341993,92.98984582109242,73.76803163837367,0.7971018346731753,FALL
82.89476902575635,3.185668352681416,2.638254535193888,72.38293539320772,109.78104434035151,0.7095643272903875,FALL
17.558203139648555,0.9118735472179385,0.32369484995052533,161.03864850952021,158.88416238700245,0.3607987304799797,LOSS_OF_BALANCE
50.079442772182915,1.6330795683394217,1.3395362029439792,130.59124268419117,143.75873910434427,0.6389807347956158,PRE_FALL
0.929513154374223,0.4074821447682482,0.054860826091092815,171.0116627142113,179.4346489522463,0.027183309075019015,NORMAL
2.465191355273604,0.2790433254037021,0.06746011139784501,179.59365941385855,169.46421847915363,0.028900413740352494,NORMAL
36.95972099824675,1.560609797920022,1.5794455663538367,127.65521433912815,134.26012522442565,0.6402988746569291,PRE_FALL
87.79695019608909,2.8630167031112475,3.1502654075218404,71.79614407372149,89.81188428465484,0.7780383185189348,FALL
32.854717964225806,1.4113598809719012,1.333785156297026,141.09429351486597,116.39166351537702,0.463693140258405,PRE_FALL
18.476641398860295,0.9853945842459366,0.5897610420079542,163.8050477139512,150.00395435204086,0.3406422785163602,LOSS_OF_BALANCE
17.354740519436817,1.0973312163305327,0.9678480332056922,157.30750525077832,140.05035474392747,0.11856548098488101,LOSS_OF_BALANCE
0.026757226028857328,0.2252518523088512,0.17814335853586896,169.3688893354654,168.47214351834037,0.07069558298790334,NORMAL
23.29990509829689,0.6061278501692741,0.8274550197329757,152.65166628074996,146.84546011790508,0.3405306035924469,LOSS_OF_BALANCE
28.544126822786147,0.5285541959782226,0.5495640813721194,161.27087426800753,154.5559854338526,0.2478965650033002,LOSS_OF_BALANCE
70.07964735841087,2.078338155848082,3.7033589577187906,71.88654433586383,82.34055298545549,0.7278238421492123,FALL
52.891914858966175,1.6232692766554533,1.627546524212716,113.03956089394688,144.77091096905428,0.672529935170149,PRE_FALL
30.764559890609117,1.9562748138083363,1.375191439150366,111.95951883809542,132.68998190591967,0.42403133055500963,PRE_FALL
82.11341463921192,2.120229647894229,3.1712044684855654,76.75092028243814,76.36095916408703,0.7550700713759132,FALL
75.9546774653113,3.337568737703319,3.54515116121749,106.74135495441331,105.81600016256759,0.7239784779633426,FALL
24.956467354385882,1.148365929730685,0.49804785573448884,166.3080915651954,158.38794711893556,0.32846917568158407,LOSS_OF_BALANCE
62.76046919507483,2.198780017052398,3.0672354021575536,104.04337574005154,81.96295807275587,0.7410152314051366,FALL
34.28276124045785,1.677601181084672,1.0410519068157431,142.6765456991395,136.83765634229604,0.4566908272397873,PRE_FALL
33.58202116077533,1.858301984581945,1.8840265587130642,143.25731760284012,129.41624954064116,0.5493901644664738,PRE_FALL
39.43063750226395,1.9658695287572059,1.4605706444878719,125.99213533235756,134.71232193080658,0.6012892628042844,PRE_FALL
48.046618941191284,1.6053235628640352,1.2854030148555204,124.92831575709017,138.85639996876245,0.6206329462843478,PRE_FALL
69.59805588255419,3.3121817169844245,2.7412333778051705,81.99296874596747,74.25981371649527,0.7715659499267149,FALL
3.657750494055664,0.39534098429446873,0.004175596530270353,173.0485846240359,171.82179041600813,0.06728283818737536,NORMAL
49.851530211250406,1.9404245229313088,1.7599519896331204,142.63408440130638,116.92829659128118,0.5868922041656965,PRE_FALL
81.50548843367895,2.6776541620278085,2.996825937163378,90.71083050055464,81.0578092751116,0.9136900575460473,FALL
2.2379445391686015,0.4305481385279479,0.1850826261745082,178.69292416015074,170.88115377538128,0.06996146210824282,NORMAL
75.00599664275026,2.4038514194484226,2.91237302510169,70.94542429184074,99.96805734357872,0.8314965996612557,FALL
21.386122945769895,0.8303394807804684,0.3636765082649309,151.10887736589896,162.28896124690976,0.3650537441444692,LOSS_OF_BALANCE
64.86152825364364,3.2764731070663697,2.8161486179341093,78.43282455826991,74.76264912902948,0.8682380400948464,FALL
45.22083699011779,1.4334940889380614,1.1299881733815167,140.8871908947521,121.82023357312936,0.6206274128177687,PRE_FALL
57.17863628859432,1.3632746620724308,1.163907299648446,113.4161508588362,142.61095147659813,0.49284772723440473,PRE_FALL
52.52988334653532,1.2526102843770055,1.00972274677878,123.74346461202649,143.50874180878583,0.5866122094159538,PRE_FALL
38.13753602089394,1.431157568659984,1.5135179104495213,120.95680715470533,141.70337871719713,0.672165289311293,PRE_FALL
21.980939636392158,0.7537845668860138,0.908552901409386,159.94731832173431,165.1012735146878,0.3889733257125556,LOSS_OF_BALANCE
80.21432450704438,2.7501395987343313,2.203012218976787,105.87748848843918,90.61076213591656,0.7590202607839662,FALL
79.37514127119277,2.306308900755638,3.403453470808725,87.43725809258486,74.26812361652065,0.8547870679076977,FALL
1.9967480076094635,0.012867846365842872,0.05124965750766692,169.3771719906916,166.2290414206949,0.08437690743469367,NORMAL
27.344862457641376,0.606823347748765,0.8410944007620116,146.18432513814008,145.44760162403355,0.1078673471512393,LOSS_OF_BALANCE
40.72542868441009,1.5224006474648024,1.6978185146865312,120.50754172363084,123.57115595133645,0.4625345214540957,PRE_FALL
6.358511364258357,0.2819922433606437,0.15703794130635224,174.5929237306622,169.64491992170994,0.03471683001641309,NORMAL
70.45053279786383,3.3154678312825236,2.152270312756099,79.49874373745953,106.80325041279656,0.7653384961146776,FALL
4.5155491596528154,0.1142467871822922,0.10167948565055256,171.80248354361171,171.23984475392243,0.009508583927563086,NORMAL
23.934847272598148,1.0855507988061999,0.8680582781583974,159.23036567774562,161.4923129960985,0.36910296403495957,LOSS_OF_BALANCE
70.47982846894372,2.280252446916922,3.4743462443364654,99.13291628841708,72.53202752123921,0.8430612154126915,FALL
39.008475219796566,1.7216437569389624,1.0387104736025354,118.03155238475746,141.6533150545115,0.4762425744417591,PRE_FALL
6.535676184007526,0.009870883257072582,0.20692492451322783,171.25163347769316,170.70380644391423,0.05472823847289256,NORMAL
4.584492566797177,0.33207191041592127,0.10746681880229615,165.94996029090262,173.01636696581346,0.02178299350152059,NORMAL
78.87598577720797,2.716735049701606,2.8551560074761175,83.41198541107012,75.41933123802204,0.7595267512290671,FALL
1.9921699910889235,0.19234662448367273,0.14496241831776482,168.5580855289136,173.5788403852611,0.05748119301786451,NORMAL
64.79703091393263,3.264154445827117,2.490220527449079,86.19351869550653,102.19401017080446,0.8987079210179565,FALL
24.56431085464363,0.5145090945328047,0.9850462063195053,165.68796572541942,159.78100739287297,0.14248993774621427,LOSS_OF_BALANCE
81.26517552781195,3.364295681767822,2.838118016852637,71.22920021531563,71.30786810354897,0.8203977138146364,FALL
13.713177787885261,0.9138039711016226,0.9760359169101354,163.00167705923374,163.6621003621307,0.16525775560277467,LOSS_OF_BALANCE
2.699491069025366,0.11790258644275381,0.12966562551925045,170.71325073347202,167.18765603006304,0.09591479207466692,NORMAL
28.085207853072685,0.7480574398429475,0.5816222547579563,156.70822342666273,161.35950534643052,0.13570889309825365,LOSS_OF_BALANCE
69.35663645567473,2.1125776767956084,2.2778613661676133,84.53136571735016,89.46235201378582,0.9426178218387169,FALL
15.275158810164433,0.7191072211045231,0.9248702668807556,149.46628758390304,169.83695197655442,0.3291026240960897,LOSS_OF_BALANCE
3.592595555515757,0.1307808136926763,0.15384496200713205,172.45915939651476,166.4791234734822,0.09813184568465767,NORMAL
9.126278393448205,0.43525928491838345,0.08953343743458987,174.5842424229901,174.13455317157258,0.015283926854963482,NORMAL
18.248767594536357,1.0765974931488276,0.7522298575372175,147.69339904640353,158.0369680902652,0.22175978177446892,LOSS_OF_BALANCE
59.292993250108935,1.5007848866061222,1.1903871984649728,125.66212730558038,141.19901901763427,0.5635566382782045,PRE_FALL
25.245756810753168,0.5428270222048694,0.8616661909735046,165.99035182740894,159.82856570774717,0.21151121173252546,LOSS_OF_BALANCE
3.841636751646853,0.09550158045765139,0.20876468358212272,178.4469104677552,174.45925586173414,0.03592611215003099,NORMAL
10.898582641709124,1.0964218289629686,0.4114257720276193,142.89621323315671,143.18661306040747,0.38027017268387,LOSS_OF_BALANCE
7.028549421857689,0.13545821348809817,0.07542110286028245,166.80983827128458,167.88876440177276,0.011955474125505284,NORMAL
41.647347806403076,1.2479748905069785,1.760492942515293,144.28000989399675,110.52549029731881,0.5423755986738427,PRE_FALL
8.38014435792606,0.14922077332105887,0.27611540948086083,165.735470441232,171.25435385783038,0.01782483917574228,NORMAL
54.24210176822572,1.8956639932424943,1.6567712001235162,139.059876496676,132.461226181411,0.6278483933217317,PRE_FALL
25.642438868612473,0.7015733809956172,0.6459177104193825,143.90597993835254,165.69013182966543,0.2800248359491675,LOSS_OF_BALANCE
8.958767655568026,0.22486685182545313,0.24294477530939132,174.77756181972916,169.82290144320643,0.04756290279430695,NORMAL
31.342703585906843,1.3133355355188348,1.2461731629205028,133.39864819524053,140.8680676465945,0.5268521800944113,PRE_FALL
85.35047240304678,3.364364358228487,2.762778842423449,98.51073436815355,103.30423977874572,0.7602317276861299,FALL
27.518429582395008,0.8058249709548772,0.39702691263407447,153.25703994053603,149.39781386490506,0.38046394441685816,LOSS_OF_BALANCE
6.105379886304853,0.018810605988919593,0.05400014009445625,172.49831452355346,179.2544709616923,0.06271916540450126,NORMAL
16.740599364693693,0.8006175349323834,0.559549585560724,166.70456588486078,169.98335405779417,0.34505415761380726,LOSS_OF_BALANCE
9.974690995782959,0.12971313635599446,0.12556970582440247,170.82412381508186,165.52978507239635,0.07080689593758711,NORMAL
3.84326010426022,0.4922240503156366,0.18418967721501414,172.8150831483084,175.6740874756347,0.05974725638140963,NORMAL
1.5137413084428097,0.20585494717983904,0.20596985096272197,177.89943786903225,166.30032050198983,0.01004651124776388,NORMAL
64.0830451575785,2.392518845783506,2.345522163878359,85.39578844642885,98.42342627748089,0.7416678471704475,FALL
13.142653156173417,1.1696948875600577,0.9868080856773453,159.60471889270013,163.66245897492226,0.3339264736916161,LOSS_OF_BALANCE
14.239551020460867,0.8304407149263586,0.9359373824638519,143.0228509972038,145.54520009136118,0.3844984557284855,LOSS_OF_BALANCE
55.33464583385209,1.3751620464369425,1.9561767969186454,126.25216522575255,115.36403896221375,0.42957917011689034,PRE_FALL
6.644935685916236,0.4632424055843898,0.11626639459259708,179.3505295501774,179.6373408308419,0.031265398089463416,NORMAL
5.083377403194649,0.10342562442494918,0.2014423112337468,179.25532694990048,170.45013716354717,0.0054275213305567845,NORMAL
89.06136017109895,2.1599119315624353,2.3287633516968214,101.17751249507904,76.30458492540957,0.9649122637730732,FALL
0.8045678467438799,0.22981967687775595,0.2299524269028574,174.71688857709472,167.6492745676423,0.003933118259543888,NORMAL
37.08816190506586,1.6405271419517573,1.2364547244959068,115.8297339184477,132.86618834532223,0.6107410750481892,PRE_FALL
14.50459872519736,0.7990047529738131,0.48119706510679594,146.68669959553552,160.23614937836948,0.19798578366420627,LOSS_OF_BALANCE
13.091952998007152,0.6094714077884915,0.8364781676036714,163.57433382535964,165.57071853234095,0.2830369688479396,LOSS_OF_BALANCE
1.547785805618136,0.32578796738896587,0.07608981786959519,177.82465389401892,171.35342321150046,0.036564409443647174,NORMAL
10.843842997540634,0.6535841170248948,0.3025879505808423,146.69075266120296,146.9082203060098,0.28717600527362197,LOSS_OF_BALANCE
11.916668196681188,0.9060326490263682,0.8763203717813064,140.38692991516353,155.54512238832214,0.21190425853164757,LOSS_OF_BALANCE
28.863247367770903,0.9713433417452484,0.48570023275226937,144.542993191892,164.41606555590886,0.3200682055131936,LOSS_OF_BALANCE
5.757591607368311,0.2866998404429215,0.21284968847068025,171.2654093976522,166.72760058995698,0.0020856559024748813,NORMAL
46.521922947344,1.3447460364642447,1.4314490832419993,143.51023249990266,113.46411300932036,0.6385785079181069,PRE_FALL
23.36873700861507,1.081942894491842,0.7943568704271271,162.89168519905576,142.8747458877207,0.1385507180952058,LOSS_OF_BALANCE
80.12707050307648,3.273053543972511,3.567646652155106,102.32047722346186,87.05354040874876,0.7013032878476911,FALL
88.50379290185907,2.173930437723591,3.7576394641392743,90.05050727501197,75.60834208698256,0.7384815000592784,FALL
25.130428807390782,0.7163840787963618,0.6861839640230547,159.1516688307826,140.97100375004155,0.18075040374332524,LOSS_OF_BALANCE
25.93507113708226,1.180963701180997,0.6501504573893955,143.33471889876282,158.1202038760205,0.1993777704360011,LOSS_OF_BALANCE
67.09337094223284,3.3398937672665827,2.8282091576075805,75.4216781467433,92.8496495963308,0.7589781628756302,FALL
60.14057956854599,3.371168888167001,2.5899705317182713,90.84960045880283,85.10843956686196,0.7764662256607966,FALL
73.13154368965684,2.63506508119844,2.4414144142136465,86.83904096133176,84.32333696401028,0.922110818362561,FALL
3.9940050514039727,0.10966037957864166,0.2992612819485331,172.64289440514696,166.3636411826069,0.004711637542473457,NORMAL
5.969708292829935,0.30565421056950093,0.1761014143695654,170.21886956155132,177.6827670400434,0.0617362679336425,NORMAL
33.89327672906442,1.8757617504254327,1.5267830905154707,139.975868812535,122.19106893298608,0.4488368568350045,PRE_FALL
67.37051634238469,2.4102904508321306,2.5749470229406892,92.93590699881408,93.76086593015333,0.9364183023872481,FALL
39.08730872246207,1.9628477283295513,1.194493445890962,129.92532075776344,124.61561682061485,0.6477766369652,PRE_FALL
44.69026609701514,1.4739280195995517,1.5169975803521771,132.097805568596,118.80575285866296,0.48046348750776247,PRE_FALL
5.045490015009574,0.08627945571818246,0.07432311707948526,171.5663741146385,171.59132687643935,0.05227480352655456,NORMAL
8.786909764497414,0.2742168719091469,0.007909474009872308,170.95518781140254,176.47494558200393,0.008325120139068665,NORMAL
24.85395004059303,1.1364615972407917,0.30553156345264976,148.39342234288347,155.8337520682218,0.37613517749353165,LOSS_OF_BALANCE
88.1682213071976,2.27120005478953,3.2179768235670685,83.27140874740834,78.61819414254133,0.8905606813300765,FALL
3.0808220077153736,0.20081496096224333,0.25226307486079214,171.68959036738354,166.3872169695459,0.0055033636153870805,NORMAL
7.358372712686814,0.031140643007215973,0.04142474573556306,168.11012557456868,169.87574301639083,0.06622267997143491,NORMAL
69.39569508440887,2.231386203646271,3.721353361949256,102.45616181514357,88.91049068120677,0.8573574747242023,FALL
7.412309083479308,0.27584021056319563,0.1283060756942038,165.1450454941251,166.1286579011065,0.0883106393300143,NORMAL
51.573216227659984,1.6376985448014336,1.5387922525166728,136.45207521300966,111.55797809330373,0.49978162203263093,PRE_FALL
62.365976844064804,3.035310678355533,3.019314001807935,93.98335409192539,92.73399747769416,0.7626957379726242,FALL
16.51050398914954,0.811014311488651,0.7247341114221162,152.00495572519407,158.37777036293454,0.12441076937690518,LOSS_OF_BALANCE
18.558325609428397,1.1520384286272103,0.9515911529457965,169.60614390485114,165.71300000686193,0.37156082861227335,LOSS_OF_BALANCE
5.252305317028895,0.4378914859299084,0.23607595869566192,172.80973636835623,171.77414388845494,0.082701010165935,NORMAL
3.4742529473856454,0.032469539158035576,0.1626514083676687,178.36997523530835,177.7704307612969,0.07118091040072126,NORMAL
0.4891879994302972,0.07412808408984517,0.19598306346465608,165.55081577733617,177.8074393085128,0.06669965429461949,NORMAL
83.4099397343903,2.936214497688682,3.9143759413742654,77.29195866798881,103.51154300220117,0.8738366240470233,FALL
43.94834448694616,1.5693121750615107,1.9234460204560433,139.62685620846196,144.02966226721895,0.5390871574029676,PRE_FALL
85.89037906368176,2.8294471499829137,2.6074447982892055,109.08921963137655,93.52448418416142,0.7794324970769033,FALL
7.9076766442525575,0.28389061121046966,0.22718482507726834,167.63242370757698,177.84219756410187,0.08970427617839752,NORMAL
18.54222128979046,1.0891620637309254,0.9481897357063893,142.88143195709225,169.224762798967,0.15388986381529984,LOSS_OF_BALANCE
1.3253876280633925,0.1404859657407444,0.2573575152239704,165.21304515094636,166.67324106437954,0.01746138476590178,NORMAL
25.03684541443606,1.0079816874048568,0.9816955200632052,161.07970431626285,142.921395077851,0.22218596837634857,LOSS_OF_BALANCE
41.84160002956935,1.3775030601424276,1.1414160788502394,113.57614813858284,113.31012111079464,0.579956556382948,PRE_FALL
66.27609219252132,3.4214429692661184,3.1954653224510086,82.66129625264253,79.32685830235704,0.7554959582962479,FALL
2.8162670325053862,0.3950977514231058,0.09233176477316912,172.60034440644014,169.85885759074606,0.0006131262435292829,NORMAL
73.60667619783686,2.5049780805361546,3.8166610933193286,92.79190354118987,91.51495980161408,0.9723591581662532,FALL
85.33901205345157,3.231903663597895,3.151712803209422,89.4791466399817,103.62798549912452,0.8009906075672044,FALL
3.824869621852632,0.15239169643962142,0.012354675649068957,173.09894594158004,167.2437002875095,0.05024016104472328,NORMAL
66.25131920963608,2.0566187963266502,3.129869741646444,73.54912946564755,92.36842345246338,0.9765299976733791,FALL
9.798980311791619,0.29185107092439316,0.23902644417904412,175.87986318827782,175.32065476804158,0.002664715496383319,NORMAL
44.332701488141126,1.489052857437113,1.6969908917602026,123.35214682758141,134.3168334778927,0.5053783128709834,PRE_FALL
66.87240021673021,2.72242637022261,2.46423826698284,86.03129092696572,107.76616466747289,0.9564912705513626,FALL
42.905639021169044,1.4511280815630283,1.0147058368072175,143.4943386311482,118.97489899182158,0.6101983185782516,PRE_FALL
19.074157301672912,0.9715270299159312,0.3829586443091836,161.4069113589403,145.7163249580679,0.3585810172857622,LOSS_OF_BALANCE
18.876317499684376,0.5389572132247024,0.38526799015661045,152.13672008001495,169.48088799060372,0.3460812871938822,LOSS_OF_BALANCE
35.05539335349103,1.9708798049994034,1.5291209668858237,110.16313591182298,123.46637320309308,0.40829606756576486,PRE_FALL
1.742462014061772,0.026199508930588256,0.22251541708624484,172.891282898968,176.18497912550993,0.04762459654232503,NORMAL
81.69865484001828,2.044609320243466,2.7815083146979322,77.47276092736003,72.44768999890584,0.7209184417178164,FALL
7.658344293069877,0.0641957322498814,0.1425847134296194,173.24705390242417,168.9758494341009,0.08724330410852575,NORMAL
3.618280963467846,0.1812988344910222,0.05407887686305339,168.2128899181335,179.2150240130152,0.04862709208727273,NORMAL
50.83793034157241,1.4746600361450966,1.607937572760005,134.0253116410361,113.57772531229539,0.6581350602017997,PRE_FALL
8.569737637174784,0.24460669928118228,0.2986993012199758,173.87371306942651,177.55483539358858,0.027917087833958756,NORMAL
77.76825995120018,3.147615286291993,2.9955010787649403,73.93849502246563,84.4912234722368,0.7464293428727549,FALL
56.97268712469769,1.5617411264937213,1.1420828904052018,136.2693229205515,124.68590071974094,0.407343946114246,PRE_FALL
70.25693482655304,3.478975513542032,2.1955778239064943,75.29756342792852,85.82092864702301,0.7228040576793043,FALL
26.93920859605314,0.9800273648442428,0.854849606436437,149.58197387713713,154.35096439872066,0.32055163264314046,LOSS_OF_BALANCE
1.7847362900411168,0.2686292431990006,0.1586527618632028,175.91787211359193,168.340353239494,0.0003473294944907779,NORMAL
5.327455659283313,0.20040823739221675,0.12403257170001107,174.3131225828481,173.219235259185,0.0973891731220295,NORMAL
16.23650859423166,0.8178153757654318,0.4077992476036018,155.13534227885168,167.42375793979926,0.165635449253091,LOSS_OF_BALANCE
81.97463292197841,2.9787098337406777,3.8430834172656523,77.93678134712478,101.20931047276828,0.7184435554041418,FALL
83.15105623308948,2.6342772518079443,2.9251519660437673,75.65385700365259,84.3241217925125,0.8324628839680827,FALL
36.04757750500101,1.6860948101060285,1.3344857409281463,121.44703292420122,119.11196469323438,0.435750298165819,PRE_FALL
40.67386017413111,1.8539181436884011,1.5090758170954242,116.41913641444158,130.0214526713422,0.5456158368879072,PRE_FALL
19.463555355807358,0.7482425665416564,0.8681963620703681,159.11133946170827,152.67689862827515,0.39007204451597377,LOSS_OF_BALANCE
76.38025979036728,2.1145400357153212,2.8980802134812977,89.7071717171418,102.28720012261884,0.7401959223319818,FALL
32.96412601149309,1.9365357542761796,1.8018952461210977,135.51700786487618,139.73005291955965,0.4760542676417282,PRE_FALL
25.904788422817177,1.1291207817409492,0.6931484084305509,151.56772649666985,158.05405733261446,0.2581787084433364,LOSS_OF_BALANCE
87.9224318828611,3.2908618689312683,3.17726234541251,105.97113141434646,70.45392638898836,0.8186234827801422,FALL
19.126132480320607,0.9902215778071256,0.7981535535651649,148.92346182266408,158.39082535134918,0.34299542944843453,LOSS_OF_BALANCE
1.68233645951541,0.39748775717681706,0.05077971325805451,175.80470296143142,172.32474481881198,0.09168993896943668,NORMAL
44.51500053755939,1.5031276831314262,1.862737734401366,142.97482040631982,121.390198357296,0.5855834545721874,PRE_FALL
72.65946045379692,2.659597460615515,2.2999023429368783,84.78470064607671,84.58984135146598,0.7718246310667445,FALL
68.78122237912854,2.7401415459230813,3.1002077308888136,104.28123047637145,107.39672567087457,0.9097704276475239,FALL
2.3185554741141035,0.20252371814012643,0.0553355325454181,174.60718314990118,171.48201678643923,0.002919227434239058,NORMAL
48.43525634494215,1.2993097010457535,1.1024747391568552,122.96969887467985,134.18877221114076,0.4054162530728028,PRE_FALL
31.474551787549228,1.6752939144138335,1.6513273535102595,120.53964658263902,114.75603610616153,0.5591058559073688,PRE_FALL
19.54239747824714,0.9842643609908529,0.9081463646918679,168.97411422675404,158.05662320388365,0.24601674818128344,LOSS_OF_BALANCE
1.8793569089261142,0.1056952510529488,0.2471908302765422,176.11417198380013,176.39239942839384,0.08671889705502257,NORMAL
71.2688728833514,3.3211979709123245,3.6237856163484086,81.94522249932764,71.79924786875421,0.7648995673521475,FALL
81.6061154880473,3.1396584363150426,2.8065941199931874,93.68695494192974,104.77755033330746,0.8789320663121886,FALL
60.38590418310668,3.3606117560514703,2.1137288469431086,71.50865065733579,72.09660992810826,0.9462266190242513,FALL
70.7049053089975,3.2704242742865564,3.6191452286219112,86.14159997792189,108.20798122747645,0.7787116451841538,FALL
29.15495471765466,0.626593976351019,0.5483756414570717,151.38845170082715,146.42822001447922,0.16826626377011383,LOSS_OF_BALANCE
64.04860322474404,3.3145084425277416,3.9280175296399436,76.49077056952652,102.96962026403597,0.8172109214628045,FALL
7.23580526744515,0.39645209715713997,0.051870747256896776,177.3855786657733,175.34392651574848,0.05762324617766981,NORMAL
45.87868893262138,1.203977383742379,1.6255784089362995,119.05315696206183,139.99310152629175,0.4532335219103344,PRE_FALL
18.74034839578092,0.7904554964366544,0.9017538873071314,149.5214730609978,147.71533379503154,0.1343933872426736,LOSS_OF_BALANCE
24.165094087796604,0.8865056446445909,0.4197763678189413,141.3683739752097,147.14650324549748,0.11172720262322279,LOSS_OF_BALANCE
10.398174830574881,1.1017088020410672,0.35875067874590555,158.04799220665825,166.01515339245984,0.3701724654922377,LOSS_OF_BALANCE
46.680389087668964,1.2355656546880585,1.050343928861711,144.73453523262913,121.88842815980966,0.4708999540181835,PRE_FALL
83.69722685200182,3.192207551665211,2.412221363566131,89.85358976142092,104.95394532676815,0.8569216862207215,FALL
46.26627814155303,1.4903943265238107,1.7425235688675247,124.67520356051661,121.59245968213646,0.4243387607689817,PRE_FALL
9.471181090634781,0.3415536542618843,0.27297823769636637,172.48499010545524,167.99499808641463,0.07354290652428307,NORMAL
34.105493039304164,1.464714578136245,1.8090978854365114,138.32871099676987,124.98531184764883,0.4175107478101836,PRE_FALL
58.419926729410236,1.3278565197428591,1.96909991402767,112.09161458438582,143.6503795810819,0.42007182378981334,PRE_FALL
11.142371864228949,0.5764471433110975,0.5716773939634227,161.63891075532274,160.33908574746962,0.35755422783842195,LOSS_OF_BALANCE
61.12303700588193,2.711651401661645,3.0698957873824897,77.00330311420115,106.54434757137787,0.7204952136113338,FALL
30.724195416649877,1.522729643190151,1.798511174417481,126.11018398510218,131.76204350910382,0.48547815092198743,PRE_FALL
3.259849115988185,0.22877521110309273,0.07870601863570827,177.9395482118596,172.91572529441675,0.06391085856661506,NORMAL
9.6443368345434,0.14599178190414075,0.15659552598124077,175.53144079889978,165.6866716478255,0.016415536770539085,NORMAL
9.499338956028705,0.06635600089432925,0.08873712846427198,174.71460297692028,166.3609425741356,0.047978295139249866,NORMAL
6.961713006468226,0.06863647740046147,0.1847031103243477,173.80245747856222,168.6368705761543,0.0669833964893104,NORMAL
29.78317259796429,0.5045155604476614,0.6394686008733864,160.63324090854076,143.44126591097015,0.10001071353187133,LOSS_OF_BALANCE
8.765441375994762,0.12789458696264644,0.16042003025815213,165.72880442372605,179.92020350485598,0.06619699158378947,NORMAL
7.832269959803796,0.43349045387991914,0.15643536441392522,171.87063783146522,179.46039274683042,0.006082540749450582,NORMAL
6.329408557657957,0.16759412770490045,0.24552703936099926,176.267072063111,175.0919350583575,0.022464066599728827,NORMAL
16.927326295171483,0.8110681444871801,0.6233632862422553,162.27713469392984,146.31912183737165,0.30931760930272956,LOSS_OF_BALANCE
15.413377902305758,1.1971399792517512,0.43770918922450797,157.55674509367194,142.42153814974472,0.16565732963115726,LOSS_OF_BALANCE
4.091415902449015,0.24965160764448013,0.19000081189609908,168.630317515062,174.87994452798478,0.07152363912994263,NORMAL
57.830518515804386,1.9240342346620862,1.7409164591948452,127.4880407255491,127.96867758751762,0.6745511588155813,PRE_FALL
69.03485330278119,3.303014790072075,3.3134863431937696,106.04137390982221,77.44185839514263,0.9362266299036524,FALL
9.675316856159355,0.11044762521850604,0.16966507383609614,179.0503169033138,167.10965052222852,0.07453433281019825,NORMAL
68.63511124240544,3.3256789292634434,2.257785671213309,71.45650600650495,73.40009797857982,0.8529818177390128,FALL
66.8368085561442,2.3719679800146114,2.5340181278414553,86.99223118786219,90.36784209181283,0.7633822084077815,FALL
7.3407661931152095,0.2948464173996208,0.05069542256704413,170.49887177099774,174.75810570181838,0.0037363427692595264,NORMAL
40.82814964587534,1.2434940436353092,1.6261176335052405,129.83963076887449,140.9533150086155,0.4756997731703655,PRE_FALL
51.89042803960052,1.2296184199667703,1.5718838437828762,125.10069931529407,121.80596144716492,0.5608445376457476,PRE_FALL
65.37513573181192,2.044381963817277,2.3603656850289907,86.52834683504754,108.44324409483282,0.8705916690708252,FALL
1.8135798477365006,0.3998300268027657,0.2556753383302427,177.7708158363821,178.98554798104723,0.09943130504254334,NORMAL
26.427307323838978,0.5147519473118953,0.9767636115376694,158.17444198611588,165.24418899553635,0.29866703033210634,LOSS_OF_BALANCE
1.5170818076868464,0.44858765748458573,0.1970795276848838,166.31692525705952,170.73310682781613,0.09606056934445717,NORMAL
69.04057878614914,2.004183826059429,3.496367372500326,109.74869232278702,100.14149409913517,0.9539462585844933,FALL
12.05840387358646,0.6946339279516484,0.7255330619394014,166.5008037106901,165.79737916693352,0.12244725877184061,LOSS_OF_BALANCE
17.147321613420488,0.745888482328612,0.7628680040758864,147.42841792880492,159.4424847465976,0.2777595000377485,LOSS_OF_BALANCE
62.84275744419533,2.2914787611190324,3.3967301328232358,102.17564653574703,90.081938222527,0.7179323623327283,FALL
48.007349222149145,1.2409565537967417,1.9888683898760098,117.46950938323997,133.1451005066378,0.486267141505349,PRE_FALL
8.83423798893626,0.017324721865752957,0.18575296465376873,168.68677168867868,169.42657744499576,0.041199220629616506,NORMAL
47.991490032432125,1.5093626346955609,1.2133878114236945,113.51283147673962,112.86989978923434,0.6137275035175674,PRE_FALL
29.26129778260894,0.9312721960972405,0.5930867018553118,144.868399598788,153.6290628186104,0.336757416078172,LOSS_OF_BALANCE
68.28874289647759,2.0275624803579713,3.522279012928077,94.16827944610101,101.53848430867292,0.8637795094019427,FALL
66.55165911660602,2.7885823664802487,3.8787858985958783,70.4129347249047,92.89771626161468,0.7684807512082804,FALL
69.26287697256215,2.7702279563921026,2.850721444753022,80.692192016074,106.36213650904173,0.856804249558526,FALL
86.62992058055778,2.1803641566782477,3.8660319169706003,77.32145569768416,77.33640087265661,0.8230937843498272,FALL
19.435046256459025,0.9612802671362621,0.7032272681292155,167.82236736423826,163.26193995600306,0.25763017220622153,LOSS_OF_BALANCE
9.065265055050547,0.3359342379812044,0.1521944566820446,177.68128866366894,177.609580418946,0.08764947843421106,NORMAL
80.61310735648354,3.2504567652587526,2.3818643617993693,95.3722163005263,74.12111290527595,0.8545154779681404,FALL
57.19848720607186,1.9004263826461272,1.1210108773716485,115.66983627545247,129.96472184760626,0.599392284892165,PRE_FALL
3.8304347287705287,0.24279239614316533,0.18268864558573056,165.5619850574657,169.1312121305213,0.014385267062667373,NORMAL
80.12237026619925,2.454024969462324,2.2761006972044546,103.13743296800502,97.77877254945375,0.7176048113309481,FALL
72.36017199375883,2.885398503263996,3.994031746752751,72.5171654714554,87.514910272984,0.8856207670189975,FALL
6.560580111117841,0.00277240906901588,0.22528934298554185,176.55069282861038,166.5988094484531,0.042514619394273416,NORMAL
0.4528980272782879,0.17226443328106728,0.01912797363362496,179.9118549071538,179.0187419832742,0.00690191461603138,NORMAL
73.85481565272055,3.4231845325603687,3.2692119910067863,78.18950841866794,91.41652848487865,0.9454405843499604,FALL
79.2657934060832,3.0364757310061776,2.6422298524504937,80.41800421891212,74.23483390280562,0.9359979215988621,FALL
59.31451577497724,1.745737677455455,1.6207900325465188,138.54596167367046,112.97033757549714,0.5315165085371667,PRE_FALL
3.3051483209301002,0.1689684276367715,0.20174188720980643,178.74244579760364,176.95881575743388,0.06456522206645748,NORMAL
3.0483660222443065,0.3516522439542518,0.2573766333692836,176.20930044915454,165.36620210592682,0.045484079766095156,NORMAL
29.43489010328475,0.9037855004412914,0.31005971252306913,164.41338048066075,140.4857380618031,0.36899647408790615,LOSS_OF_BALANCE
7.3652616476215504,0.44481622456911024,0.11432129952385373,169.29785364833683,174.47568285725202,0.014484833827806742,NORMAL
28.576411046043006,0.7622512924382796,0.466978226154968,142.74159290254974,152.65048191575949,0.3967871874896287,LOSS_OF_BALANCE
35.31649825204426,1.745225393747777,1.3184416324527946,111.0204934466369,118.01179014172321,0.6250813680506719,PRE_FALL
2.379959251493969,0.4911898274701784,0.05036622502547524,178.27980380092706,166.3308901885519,0.07089658131452245,NORMAL
58.568521178078456,1.935714117956584,1.508358270055706,132.21591523822076,136.40334614559998,0.48761107680296073,PRE_FALL
8.001050591640936,0.4312938307900341,0.09269951884865481,175.57704581677652,172.85708225252807,0.013525249384391525,NORMAL
24.251970105999554,0.827865212022779,0.5993684196962922,152.61516994866287,152.30775873242706,0.10830188150530672,LOSS_OF_BALANCE
1.142066513589688,0.38755651393199775,0.24698484239926996,170.5029265815813,177.33916391694393,0.004161052227023332,NORMAL
2.886105883058417,0.06217682908735411,0.20660339736362812,175.49600527463576,179.14014361116062,0.05004721771179256,NORMAL
0.6310053703222462,0.38809519985171087,0.13730387323420595,169.40163856762547,165.65709413488685,0.019946983371518835,NORMAL
6.961698735237949,0.029323197832588688,0.28274009639997,167.39093096223246,171.24041574946344,0.059075030299033854,NORMAL
9.926920436268976,0.14761537694163468,0.29338334537305877,174.8734472389302,169.1172057026734,0.0565929016955699,NORMAL
2.861941514591945,0.39943005975379936,0.18211949944927977,170.28481433752975,174.54926817008837,0.062089116313030414,NORMAL
84.22628262213773,2.8250742590706244,2.7762695058924836,81.63206589349505,98.51660543506978,0.7735204090872893,FALL
23.49044336828371,1.117351395894567,0.6664614910830484,146.75205733809193,142.25367122152096,0.3518226805328998,LOSS_OF_BALANCE
0.5977513160942249,0.3222874483239592,0.21039844200690086,176.8719936654782,166.8874118649784,0.023267463085606357,NORMAL
34.13909230119238,1.437438287646154,1.6021231799191105,137.44204243728512,113.38001976879964,0.6018922816155134,PRE_FALL
48.53097753929036,1.7919242359565177,1.9303051561680726,115.16316177235134,118.40357281530217,0.49334047118002144,PRE_FALL
4.1444239876897875,0.0740998706467223,0.1763802399844164,176.37566081786508,179.09474977480664,0.09249281667592735,NORMAL
23.926307318890906,0.9745303656696332,0.9806567969917095,160.81162232151584,149.9613964204485,0.29060603550460107,LOSS_OF_BALANCE
32.66878220859352,1.616136519026456,1.945319867971644,138.58894797477762,116.39688767963739,0.6066541916023587,PRE_FALL
74.14427932396485,3.2900485909814723,2.011160766875217,95.36070745495115,108.15392632511052,0.7813237920328758,FALL
38.75416796779512,1.2509195043160652,1.1839631619096818,116.80186820593552,133.03042758436007,0.5316614777415462,PRE_FALL
65.32040825974131,2.7078465688643325,2.4641066842706705,86.19063432062839,100.97588124636268,0.8003825031705749,FALL
55.63926580202556,1.3732442832810714,1.4106070927899612,110.36028827677542,114.49344542451216,0.6588150061858654,PRE_FALL
44.67855628648125,1.2245640766121635,1.8676098349139394,129.42810955540358,123.2827440573119,0.45091478635292,PRE_FALL
28.045529695195256,0.7582156730540345,0.9320164082668039,169.68695089331447,168.02331068103936,0.36040446173956464,LOSS_OF_BALANCE
78.07031913239405,3.0067437116260303,3.2565491592356848,70.36129855036624,87.7735059673113,0.7893584569243962,FALL
27.995886188858062,0.6217985712715551,0.924730995810467,162.67441622316534,152.60168468707258,0.11931097074283653,LOSS_OF_BALANCE
3.5289508885635534,0.025270202313945944,0.1484682610575529,178.23509214552303,174.81390055334427,0.047058685336819575,NORMAL
24.315303121391203,0.6121646944455983,0.9502771513801109,167.07945556569615,162.98926471479786,0.1661128104906715,LOSS_OF_BALANCE
45.32784502580792,1.8204144290380428,1.6697842310510675,125.87506486761903,141.48780102296715,0.5661399295354387,PRE_FALL
8.6978651412122,0.1133588356810758,0.19583375494810526,174.03452451474814,165.17151571443904,0.07774186181440473,NORMAL
48.202215757378525,1.5096198973793755,1.2469379739962636,111.45958918275346,121.51329591882629,0.5906024937205655,PRE_FALL
0.23986797518176006,0.3127303711948266,0.03537771717638156,177.7210468285528,176.99346526883258,0.09989870072501308,NORMAL
36.17969950241693,1.3462178094934614,1.8246519491801645,130.79233170442654,128.92947534316858,0.49999194942931835,PRE_FALL
22.41227447650308,0.9507067497070212,0.818729792188208,147.34450355911522,164.637051052034,0.10238288377500077,LOSS_OF_BALANCE
7.627259378955857,0.4772264919704432,0.23111011476738413,165.25034102656284,166.0129885390915,0.02621852771620671,NORMAL
72.59095278572975,2.6333310172072153,3.8672538527431346,90.36440517674758,74.09794368246112,0.8901280021499761,FALL
3.8571548975931425,0.425335789018292,0.23996972908468503,174.73269725808396,176.9536433555311,0.011305655637764611,NORMAL
6.587328733837543,0.3603163842186365,0.18154167235855662,177.63795006170085,173.45427051646945,0.08252362673266321,NORMAL
19.24557144480207,0.5654521841127915,0.6261143172378993,159.27453447918202,167.0037954639546,0.23945589909505632,LOSS_OF_BALANCE
16.8264013956127,0.8535159097603205,0.3596637031898717,151.173090722084,162.64535637535346,0.2081930219295034,LOSS_OF_BALANCE
82.90727747593428,2.1646029151697266,2.6534332374057747,92.25088075913004,72.33950566931469,0.7927911661315451,FALL
52.67020539329462,1.3084789924635398,1.3809491431177636,123.27794139601887,115.96602851040537,0.40598623585591176,PRE_FALL
11.311189496582418,0.8024104421666511,0.5132486854955374,167.75886011020017,153.2959499975514,0.2913648926175213,LOSS_OF_BALANCE
73.54076579414944,2.8643858028317872,2.0458819262235854,101.5993426768508,76.6554245169475,0.9931939922824602,FALL
52.80418783169442,1.5687193641938844,1.6813389381491488,144.74631607273895,121.81885205990525,0.40993183724316834,PRE_FALL
34.951774202347174,1.5773285949470124,1.5186813004774353,113.04821616620202,125.96096151465878,0.6360768843755092,PRE_FALL
31.574493045263562,1.8743145447807774,1.225519869317809,111.48381912317988,117.66503163835758,0.46979969505213054,PRE_FALL
5.631447028042841,0.1069640680218602,0.22971246589028543,178.89220383888986,168.81133690774536,0.09616517756313345,NORMAL
30.212528547699442,1.443895558262276,1.0926040862425006,123.2004715564875,110.28401979052927,0.4269552942803292,PRE_FALL
68.10745910223632,3.0130962578356684,3.737084305797947,88.92971330329812,100.34443061555143,0.8519018653787772,FALL
9.469793892288719,0.1523455761747542,0.22448897601983803,178.5531956396182,170.15777474772972,0.04126544960262479,NORMAL
42.1283311209081,1.3459035396785037,1.3700582818490992,138.54531243267036,143.0210443700093,0.6857490630645926,PRE_FALL
4.452563036829761,0.1520411691339748,0.03958627558860611,176.8402239277767,167.57605688153964,0.026000745763467205,NORMAL
34.54939360028017,1.6376447771083522,1.2551478817345672,142.0624941019085,110.01984435830956,0.4198684792892443,PRE_FALL
1.1540525228362541,0.1761189012314387,0.14411097671718803,173.5595729137965,175.00735857078325,0.041747793312552184,NORMAL
13.224205238792436,0.8937473466972435,0.8960150743063398,141.05015838547283,169.39785304472977,0.2518444932220383,LOSS_OF_BALANCE
8.023637444528116,0.3000166505727858,0.19815909710433868,175.21133625581072,175.81924796388915,0.06554005704624416,NORMAL
57.31460253566304,1.9741075163065067,1.812417884865256,124.9837546757498,121.63031720287242,0.4408375820500579,PRE_FALL
2.229181143963146,0.22722999130179217,0.16804525353182045,174.29636954515627,172.09700521640383,0.06571672064311396,NORMAL
4.474997889982494,0.1985452808447019,0.21789398350118747,179.7443470676782,173.9364423993568,0.051760935884032924,NORMAL
66.55026092962851,3.20460292989234,2.7629703824253986,96.03842949386848,95.67700095566563,0.8002023644707794,FALL
41.56100351538839,1.5210341075724272,1.057331923460349,137.45907783537234,133.23895692061913,0.4687715811377255,PRE_FALL
73.27696710607576,2.6546262640699076,3.379452371736643,94.89342930002213,78.0695803615791,0.987819490330973,FALL
5.421368553513552,0.32090473159118327,0.01761961547421904,165.50735635747037,177.70046074774083,0.09451881112008982,NORMAL
4.963547133680927,0.1038469921358075,0.2799373033955632,169.95905424295051,165.0410699858609,0.06716331324652049,NORMAL
25.590291070111526,0.5856125236059956,0.5230123987928382,140.32703072953282,149.86608167300503,0.23961298816085438,LOSS_OF_BALANCE
81.98812222429473,2.3812444657333387,3.664807660280442,86.46881749608364,81.33232931293742,0.7378721256924681,FALL
44.63305140428317,1.744082452579169,1.824861990375124,117.84723479498983,116.79558389433977,0.5884383252781189,PRE_FALL
48.886117083238304,1.356719612311367,1.582462437074063,125.51597664112272,124.38972370284958,0.443094435446633,PRE_FALL
2.893332434649436,0.13367153313904007,0.25740505348387727,179.78232453392692,175.18948973884966,0.009522516381434276,NORMAL
81.89498146000668,3.1308375476555703,3.517551946036265,77.95881307156141,75.33906266698656,0.9982048850208178,FALL
35.17725103982861,1.8494962276559648,1.259500678927414,111.63878146303865,126.60076727127235,0.5419825769959032,PRE_FALL
12.27117153256569,0.6343412080361911,0.47191062687286234,164.81686472383302,153.92479102731846,0.2679475031598504,LOSS_OF_BALANCE
21.89233956963139,1.0947410112757674,0.6338033081190071,143.82716609367603,140.28492406457477,0.2540696256903321,LOSS_OF_BALANCE
69.85780245850447,3.064968134138897,2.6970589571331995,90.79597149086547,107.8179143423774,0.922569176803146,FALL
17.502937698683454,0.9242177496596502,0.3503577547763578,144.099690477892,154.07775443696582,0.14641733672350332,LOSS_OF_BALANCE
0.7258944479897711,0.4640238750831669,0.03184066256099176,176.80337846493856,169.52026064767307,0.008650522143779272,NORMAL
62.73869048465835,2.3782236619040806,2.484931960259366,105.84986052241342,90.21429089430784,0.8239502831957143,FALL
6.252309702510104,0.11810238285360636,0.2934732801733639,172.51877191765735,177.17839290149618,0.06257923637157631,NORMAL
1.0089671309250703,0.016788137877140397,0.1793354690194658,175.54929400297394,165.73014481865624,0.07405410784798616,NORMAL
18.667552486127434,1.152657600444351,0.855938179529516,149.52581596159905,165.24293122250668,0.2983391281313487,LOSS_OF_BALANCE
2.6299391561373184,0.2615730537962903,0.060501956994656825,175.55155125369387,169.4302680150092,0.003940570762856865,NORMAL
63.729513070610416,2.005670264921572,3.664676552911813,101.54409685264409,109.38725300009693,0.7640332266839622,FALL
40.05573801793784,1.5346151833340205,1.0922247413929353,142.68222567645387,134.3395978667628,0.657183183872835,PRE_FALL
42.65264529859951,1.7414135160827329,1.356169493826369,110.19665097670432,136.7506899577948,0.5623041590059977,PRE_FALL
26.206393490533205,0.6271302845742375,0.9153541881402443,143.28174727854656,144.87121143117102,0.24926661745625042,LOSS_OF_BALANCE
82.28241844792457,2.074994929167736,3.832661567492118,109.03991875016914,72.95735640955407,0.9565173239621902,FALL
1.1264676102015447,0.08124713126986932,0.13767434130970835,168.8589732034428,167.792986036921,0.0736617895492257,NORMAL
7.728480892475602,0.24705851250869432,0.22633374757409572,176.39815724411622,171.73357885492595,0.09241542583856593,NORMAL
16.317003004738044,0.5444573982618317,0.9250140372947617,152.51412374283535,154.20013914635942,0.24843664010471858,LOSS_OF_BALANCE
59.75511812821577,1.2016698090506084,1.177573070173596,114.67191551029538,144.42953724060425,0.5100300960512602,PRE_FALL
46.02887497669807,1.6539744410789115,1.6218300789986282,115.57569644298032,131.24266364476804,0.6354734920310079,PRE_FALL
48.398193881064415,1.512114811109,1.1036563000013313,116.19071304673382,134.81993399130022,0.4299744101441655,PRE_FALL
51.37346924937046,1.8533634789897093,1.052831698342818,116.29274080593801,140.6529679381327,0.6396828684056409,PRE_FALL
39.698475012039566,1.5813602006901362,1.2893218557646706,118.23033469287078,143.01682958228963,0.6410866138705696,PRE_FALL
19.41957413210375,1.1421739361394476,0.484137150326836,140.89934089011135,150.14135727764793,0.17826433152074647,LOSS_OF_BALANCE
63.42868188380063,3.361809349931972,2.657506004529325,99.8088651007709,73.84730906601436,0.7207728402248742,FALL
16.20202614422653,0.9794733593051099,0.39190066793062517,159.96560888650527,164.96158622967977,0.2537959676978095,LOSS_OF_BALANCE
84.55270297948297,2.081354929503441,2.843402844159538,75.05493365248853,87.89240296954395,0.8253671863175077,FALL
1.1274366260380853,0.24979127063632878,0.17817893044131694,172.92429751404276,179.66545421765002,0.0986882532843189,NORMAL
13.379069323310926,0.7890251380173556,0.5378842368674654,167.38923771151946,163.86659297703005,0.16302549525612825,LOSS_OF_BALANCE
62.72756386639092,3.2081347938239615,3.0809852016097636,86.1841365675234,100.29792240354976,0.7856607319396142,FALL
20.1337009751405,0.7739693737355894,0.6462837913165358,169.12612275282987,158.50819029133493,0.20582913108126247,LOSS_OF_BALANCE
70.4637036889157,3.476213118417751,3.5220644708287505,82.12399327153258,88.35455742303415,0.9092222719968692,FALL
7.4556557358622175,0.2905328850466233,0.16967237689212375,178.025188772892,174.41994071221868,0.04760407132972683,NORMAL
7.0836705125606345,0.2192274771544543,0.0873993623955886,175.39252918986514,177.28448352006689,0.07956568359959544,NORMAL
23.95543374738383,0.852411781795805,0.3377982738811136,167.01276132706565,161.16505025712328,0.2865615341504091,LOSS_OF_BALANCE
4.154319943754019,0.35090531931175817,0.02472834357739376,173.04847224105023,174.24070583500122,0.027746773573456007,NORMAL
51.35400923186755,1.895603907927422,1.9314103165638024,131.10172436374506,139.80494621026733,0.5087596486062724,PRE_FALL
43.03873596668549,1.4388296840928474,1.3304075803884807,119.16038282672363,141.53942996988707,0.6770037285063264,PRE_FALL
25.681072231807818,0.9586931711474482,0.39183523262148434,162.21577209456748,148.0999598343634,0.12547498884020838,LOSS_OF_BALANCE
41.43640168087653,1.6501693252230736,1.81370606562143,136.90434016170664,114.18747324492861,0.4673554221440321,PRE_FALL
2.3956181493856055,0.3822691470383073,0.27298632103178544,177.11362410641362,175.26960435567779,0.028467685467345294,NORMAL
15.952950315765493,0.9110458717261722,0.6184987040620147,160.10779599471715,158.71431182499992,0.17952231692075965,LOSS_OF_BALANCE
80.72769348947186,3.0627225336687465,2.1200287422670927,105.1110023405515,78.6694854353841,0.8571767994770744,FALL
9.742253765046069,0.0680622357891324,0.09619954661252629,179.20918383024176,168.01277233053108,0.03141832811954414,NORMAL
6.923583308375807,0.10308010929483119,0.19194771111968845,172.84630296197747,171.1804698675037,0.09380896104466091,NORMAL
21.806769956521457,1.1658538950551223,0.8858840460067752,144.61326406051393,142.43189710234847,0.3492097676717639,LOSS_OF_BALANCE
15.060249424469694,0.5463731528159385,0.7673104964732428,162.63650814365676,163.47112442339812,0.3760294212440968,LOSS_OF_BALANCE
14.852913108516098,0.8585447569279209,0.38909240241812776,156.29808654634186,156.96723801146564,0.18800295603320605,LOSS_OF_BALANCE
42.43577522553258,1.6409809231661117,1.5680857017058067,124.43132479870343,139.6766671400517,0.5742686839393157,PRE_FALL
63.32878021213698,2.250775808995489,3.6154861598135533,108.57652159583648,88.95843977756338,0.7018865997823808,FALL
33.36043876776258,1.302325611338596,1.5971966648390126,142.3514267836452,118.55350426654431,0.5131873369228511,PRE_FALL
9.419232134680417,0.19779778117692715,0.030309651054205897,169.52647730588203,167.04677503286234,0.015750388601684585,NORMAL
0.19835333613759998,0.06061874460835187,0.260210575192241,179.44674841376872,167.9843716595531,0.05758944574733487,NORMAL
41.32160522506592,1.2856071101369302,1.9310101677495202,130.33618124518728,140.06476620710197,0.5975893475190441,PRE_FALL
56.20204307084545,1.8289053062494878,1.1058327377778676,114.26924382869768,134.6451670665668,0.4598563930049587,PRE_FALL
0.19476742385832302,0.46454930813230855,0.26361656334695527,177.4749829404177,169.61271188103993,0.005792516649418756,NORMAL
51.88668767413123,1.513996452409604,1.549374080218601,116.35783773019998,125.38377816686236,0.4362789302589453,PRE_FALL
11.64464102846804,0.6104757076108641,0.6614561237357166,169.08993760517404,164.9186414441125,0.32894881098738227,LOSS_OF_BALANCE
83.23053728815623,2.789533247888205,3.8179868603526206,75.15071457774327,88.01004902299034,0.892888007043383,FALL
3.984019018633276,0.3452715879803221,0.018010913317204977,177.2072710381027,172.14809136528206,0.06298622123621544,NORMAL
51.51260278097894,1.4967592294179037,1.2338078418010996,138.61504232285245,142.62586362199278,0.6095897792439835,PRE_FALL
89.57620279020462,2.1831713480777,3.155190691333351,81.45072196999766,79.98014379781947,0.7455255272663468,FALL
21.67965243007798,0.5256231415647247,0.4536683978618624,146.0900149014771,165.89504791074646,0.21876999263151078,LOSS_OF_BALANCE
86.59538093484443,3.277606673432771,2.368462822560293,95.52606127393572,73.45688088407658,0.7468186923631643,FALL
10.379471670830625,1.0507299322192631,0.4717006860731794,161.16853106891753,166.62967486222522,0.2332688408001839,LOSS_OF_BALANCE
30.032921189218214,1.5559341318281557,1.0908341094937406,122.04882874686182,115.67359244747267,0.6141082773028337,PRE_FALL
8.33744954639807,0.3517699625436855,0.18350332971778502,179.80849595447256,174.80964476566098,0.0007823107152157949,NORMAL
89.43484963290862,2.0459382649799163,2.211933785540567,109.61635459323766,98.03024760796694,0.8022199364737106,FALL
47.64978879225017,1.5500278999453254,1.0745328763977247,110.68408058287858,134.11610630611108,0.5307734975953046,PRE_FALL
19.212055402387115,0.6012905506141749,0.9600229360742605,165.1164996368224,154.99497995078139,0.23673535916378805,LOSS_OF_BALANCE
1.3887687203836574,0.3951865304038746,0.007885208042479707,173.31032155889392,170.5336674825183,0.08036617262885865,NORMAL
0.703881296102441,0.1519522744340277,0.2833810446021707,179.40880118155687,166.45678875236493,0.07251719328091889,NORMAL
46.787733399978876,1.6559334204402605,1.335399192658991,123.77148231270785,142.29111354693214,0.5241842515560815,PRE_FALL
46.26958624084834,1.6389445342959321,1.0685897698717248,144.39847618672923,140.5627405960145,0.6559090858782145,PRE_FALL
84.56766142898043,2.125561939665454,3.7010074578499794,73.77444861822033,103.1534275927829,0.934633290193087,FALL
18.63061583271518,1.1970780881900944,0.3163858408180764,169.2007120588171,156.69318461657733,0.24722706300693806,LOSS_OF_BALANCE
5.871800675834395,0.04303898715838522,0.06233513721055791,172.11919695009095,178.01288729816315,0.09866383473233636,NORMAL
27.20588943055099,0.9773588514217477,0.8165464990784703,156.57487880040108,141.56421252797352,0.3297044546393182,LOSS_OF_BALANCE
76.91776244279633,2.322723459909116,2.099836987627598,96.12335502181153,105.59995766717782,0.7002743253352759,FALL
26.55769388627504,0.6474291599813771,0.8128606718339251,164.31255956554526,161.01222240978305,0.11576989126911277,LOSS_OF_BALANCE
5.004773744927044,0.433748877349115,0.11450076594167613,169.47533630726195,165.81092955963862,0.08542397704033439,NORMAL
15.193753821152349,1.0494608248036603,0.3775625179231343,168.41434582418728,142.25126525693994,0.1987986922739184,LOSS_OF_BALANCE
1.5455333833220464,0.4649405078468372,0.25938170886598916,179.64309049396445,177.16157579910595,0.08814162046633245,NORMAL
84.42963600127406,2.82882439333755,3.915643279917249,106.59866288095319,101.36991362931772,0.8777069454763049,FALL
17.62582070638723,1.0219437092157388,0.9472627972569974,143.95618138634694,140.4555024088994,0.33987667713150105,LOSS_OF_BALANCE
52.930802282318695,1.4256359885700771,1.1004586748041247,119.95576520111285,137.64429498123772,0.6049125151219599,PRE_FALL
18.39028010312425,1.1384732348368276,0.5491890261627765,148.69568592868688,155.88836989677247,0.38089510592108977,LOSS_OF_BALANCE
8.979458598704026,0.14418634384221024,0.28698807897481465,166.64047380888084,169.13914104312934,0.06970821108516606,NORMAL
17.84420111743243,0.7499895101814666,0.6366713367908601,142.89599699205098,143.37102263337053,0.36426855675165004,LOSS_OF_BALANCE
74.76570036545168,2.895915567256411,2.462830092604385,82.78306743566792,70.87139624771146,0.8322548976189794,FALL
5.661421109171403,0.24266895200425254,0.10312188616578576,175.2382788913981,165.72613891727585,0.009957474191620587,NORMAL
57.72060136429971,1.369610088147772,1.0270421524297988,142.95294309126746,141.0835804491683,0.6335563186321495,PRE_FALL
18.99943871094944,0.8909127721270386,0.5622901171242084,157.32525345841427,143.8503692237076,0.3830062003533655,LOSS_OF_BALANCE
22.13548828259525,0.5234697338421097,0.4924659926382589,154.362046062565,141.31752163076501,0.30864972257077206,LOSS_OF_BALANCE
76.24722315243136,3.1536479500327275,3.81034507035052,84.36730405226261,79.62951707552084,0.7528278810527483,FALL
35.28030773397181,1.776676672856742,1.6009330499535452,116.5270460780447,135.41890220411767,0.6567835587664834,PRE_FALL
29.489996935449643,0.995251690926177,0.4743781393375296,158.26108971645917,161.20360287825463,0.15493135773903133,LOSS_OF_BALANCE
14.108023731053327,1.1308224070073447,0.42934727720484467,150.54600999413262,142.72337939118378,0.35375845673575557,LOSS_OF_BALANCE
22.891932979633953,0.8035595350627179,0.699996169564616,142.98323765215926,141.90494903484765,0.372664156993204,LOSS_OF_BALANCE
65.15692694309158,2.2383729575284805,2.8502284352817444,87.39925367947018,90.58892960274295,0.9073389578943223,FALL
19.182554472565506,0.917126109345846,0.3749536573833582,148.47389115288735,166.83814365728819,0.12783314230452797,LOSS_OF_BALANCE
48.83310204583961,1.2760624399758538,1.9308888383353975,142.77794572786365,143.0299954791619,0.6397557506345696,PRE_FALL
2.0067115345295585,0.28190337041209346,0.09117279218042489,174.34076285838157,171.9589003587075,0.05916909349848162,NORMAL
15.737703791494935,0.719691037256828,0.35705417011642415,152.6306777086167,169.4974325183925,0.2728035252411669,LOSS_OF_BALANCE
9.258617877978491,0.217688717276382,0.019224136910793176,168.32655366929268,166.20059605043704,0.0037755338285078936,NORMAL
29.11698136952732,0.7501155328259093,0.7309877375782083,143.5505291135222,167.6995882223626,0.3759620809960462,LOSS_OF_BALANCE
0.41993369021095406,0.39173762012552993,0.14258120362849502,173.94318425897418,170.5709799495485,0.008947990274967444,NORMAL
0.1862003563723691,0.35977364975204434,0.19852351878874744,169.2518193960846,166.28622754103617,0.04492033616194568,NORMAL
41.19966377655805,1.9495424532589942,1.5231210265822104,138.6776314955055,117.66749978211284,0.5053403073917917,PRE_FALL
33.06629025621754,1.3138717541683151,1.9812262872861146,122.44499773010543,136.60172263913253,0.6476559414647135,PRE_FALL
3.2465410862009234,0.18585975621768563,0.22925531037131133,171.4588210909987,175.88801525422755,0.06084133702570391,NORMAL
29.4401772948003,1.1256211462138748,0.6276029029886789,144.08359633122706,168.14429990202035,0.10010608376906176,LOSS_OF_BALANCE
7.005608033514182,0.4737793675350076,0.1690819460349581,173.44663336296028,167.82350497357885,0.09880062104046432,NORMAL
66.51724453508373,2.465441444420235,2.6394375615159213,90.22743345795234,77.883399737496,0.8873396209757665,FALL
8.351933578982914,0.06488713316112305,0.2620478332741717,168.03118543033173,172.28055430855042,0.009875358664853229,NORMAL
86.46804139629158,2.1306918805778086,2.745534014947361,90.70116780595328,94.35715066529912,0.7100674210601652,FALL
86.02207691888847,2.526378308997665,2.1856251140591976,91.31507350248134,73.21115215071653,0.7342452261779758,FALL
6.2019218787468935,0.40203823097869124,0.09886251488377806,170.02104335620436,177.23213205004504,0.08595084671008352,NORMAL
66.50231959130623,3.3902554203143813,2.864884399544402,91.03858438314559,96.59205337368495,0.8072605126155349,FALL
86.14513633120526,2.5532003685490823,3.610964285500346,89.51407020779808,109.73692812909181,0.7947768031278263,FALL
49.23530714172681,1.3453802007010571,1.6399986225751606,140.96686144296928,142.41794835595144,0.6106033093623533,PRE_FALL
53.42504718040729,1.9484305471557053,1.444429971792546,127.57254139589641,126.21129922282651,0.6091393148117883,PRE_FALL
23.48825998765541,1.0175543956597592,0.3371141865186457,146.1519334874147,144.3245570127776,0.3221272356076802,LOSS_OF_BALANCE
56.9196703817635,1.494835018721368,1.1392002101298062,112.54938812880798,126.13449299813988,0.5006843205775993,PRE_FALL
72.51477183953618,2.1327806924556363,3.5406288566810513,85.75632428240587,91.35158357506691,0.8928091623441857,FALL
3.8278961484158525,0.19078252254124745,0.16353563639048352,174.93731340468787,172.12307119433606,0.018822683807776554,NORMAL
28.870182828397283,0.5059351115404005,0.5496544005436866,148.47206539483494,151.94409165536226,0.15846511195854643,LOSS_OF_BALANCE
65.20075411615271,3.195970420096291,2.665569092800051,71.94045380966584,94.45854089733496,0.8604022329077248,FALL
38.088261656409266,1.3993417749267418,1.1036113423655791,110.27916349410803,141.29756779677203,0.5713020848755755,PRE_FALL
2.494902613242793,0.22822433356404032,0.2754093208023349,175.56950917830054,169.1096624771154,0.08235062916891162,NORMAL
22.156745429915,1.106861328882129,0.9861204807976109,146.12613855645643,151.71908439629732,0.2603471742267173,LOSS_OF_BALANCE
1.7508912705170843,0.38957129673914076,0.1393868699241113,175.43083877994096,174.47603771637506,0.08114976818476065,NORMAL
22.842044053238908,0.893329961421889,0.8992987081846116,164.25342445821332,146.70652507076278,0.13470698958108537,LOSS_OF_BALANCE
54.01114763591562,1.3852155032699032,1.2765148975811043,139.4513517366514,129.25729357763694,0.5623918993315992,PRE_FALL
7.043536961376878,0.14163384800435208,0.07344752215879032,166.06864306830363,174.19894325273967,0.033873889252973424,NORMAL
13.502525749065393,0.6743943722971131,0.9299752342135872,161.99731858791634,153.73484456196388,0.3732499286362828,LOSS_OF_BALANCE
44.063174391288086,1.2506575492451593,1.6874828429152706,116.94124162570715,137.5524079062179,0.6184910369305385,PRE_FALL
84.84626275222692,3.49679806927156,2.072671740941378,83.95406117465515,91.93920580949714,0.7636272832922857,FALL
15.152570853521327,0.8334116225395554,0.9282576186166769,143.6929433045111,144.07269297303324,0.26036299087155207,LOSS_OF_BALANCE
6.635283419996432,0.02174100374972948,0.051095894113429,169.26020311571986,176.83782741761132,0.061796477639139785,NORMAL
27.297915789216034,0.9552176555057662,0.49265122817928675,159.59586421663724,151.01969167849475,0.1360001156850777,LOSS_OF_BALANCE
6.538315267791077,0.2356098179041552,0.2754057227485748,165.68702540278613,175.51945216753927,0.013053773354265986,NORMAL
61.78061922801958,3.320085422777111,2.834361673648268,85.36764335655454,75.29633879882365,0.7296869361818462,FALL
6.2431700548006654,0.14340782718643613,0.02475305004452465,172.58394163960915,177.77167884078952,0.02778487969342691,NORMAL
56.729872517192895,1.9447591515895248,1.5033798232319349,129.15068638047123,143.86855517469857,0.49537584736988377,PRE_FALL
8.321431737689013,0.24918775235359764,0.21498099779753732,172.63308022604267,169.1013734506991,0.08347239455766944,NORMAL
30.941385367763342,1.882454066298171,1.2521819575843145,116.52968722163259,127.41659247296033,0.5974988348034453,PRE_FALL
22.038429371192265,1.0912888223500312,0.8456242523277289,156.202287528333,168.6398178493828,0.19823831439887596,LOSS_OF_BALANCE
49.8275583086994,1.274797915122514,1.5506139500620506,130.0519646945623,122.06510982843021,0.589105849875817,PRE_FALL
35.95378453767817,1.3584924839620796,1.6224343727965893,122.28725492821303,115.39611438761213,0.6326696345003666,PRE_FALL
7.654350125691849,0.440065950054288,0.12421204662590365,171.16877644919023,171.6450673057448,0.0933768524391193,NORMAL
17.88394670000178,0.9254754538200319,0.34861788377512726,142.1614606886495,147.35761503615026,0.37273931647491176,LOSS_OF_BALANCE
16.400317216876225,0.871279663818426,0.3720419822582782,149.00184257199277,158.2858006381151,0.27130252794598175,LOSS_OF_BALANCE
23.925843698694592,0.8963325020014569,0.6241037604340416,143.48785070732484,142.7168515732514,0.3188651131534971,LOSS_OF_BALANCE
1.7617400220063117,0.4779417231894795,0.0208822904488277,166.6311695075231,177.211000799731,0.07713433788706789,NORMAL
47.41091681649188,1.3431420329031842,1.2933173620738718,123.1717430796653,123.12656349602561,0.6595551720424854,PRE_FALL
65.40097860858076,2.0607878840057547,3.4008673803799048,87.80318849624078,102.32106778103335,0.9630846366401347,FALL
22.43684756863245,0.6977200506887457,0.8244780112827892,160.01169357066374,143.8728966206218,0.15984526684056394,LOSS_OF_BALANCE
71.1308230985158,2.701236352653583,3.1949116195241825,79.25060864015464,74.484556190514,0.8947801787206079,FALL
82.4680299261493,3.1626061880442027,2.237503910002013,87.41377643472566,75.17204708388792,0.7888582892533481,FALL
42.239953433230724,1.8012524127242004,1.1064266281263144,132.41642715436652,125.87789312339977,0.6503047839416776,PRE_FALL
79.11520443207152,2.2889800862772667,2.6231460744108173,108.04139880256417,78.8907672001245,0.9987237322057049,FALL
55.0502497059192,1.4551683571047642,1.7795022912755432,114.4246665768401,139.57226436755974,0.44246078161819696,PRE_FALL
7.235636168984789,0.050645239296478683,0.07676763082519945,168.4674042973762,179.82998896136405,0.02960221787104385,NORMAL
79.24658386979473,2.5296833662220046,2.1887467537023024,106.91797021941841,88.81299031048277,0.7236708424647428,FALL
55.765219562678254,1.4124061508610124,1.4826645760760617,112.31311755380261,126.39073153607316,0.6943591807013838,PRE_FALL
22.488429115592755,1.1078533943407503,0.41628829282423,148.79376756080399,151.33185612961984,0.18302866085826408,LOSS_OF_BALANCE
58.24211360243713,1.2758037781776608,1.9862802154323314,110.66838122890404,121.49868863217864,0.48847958155906107,PRE_FALL
16.453623239604653,1.0536274606744978,0.5504211617389523,142.17920993607882,159.70863834880151,0.2115892853104465,LOSS_OF_BALANCE
5.30508276546681,0.004237370976504784,0.19500606394734207,171.60149131169777,175.83648039546483,0.06280800383409026,NORMAL
71.51233307207883,2.239653349767806,3.571808616327186,107.59286603250943,75.41729280258758,0.9725772135213535,FALL
4.032769934617228,0.11749999999564359,0.13772837842447055,177.01891931590083,171.7214787849806,0.08565892241780172,NORMAL
1.9307953144641044,0.011850236428518679,0.027582384773079838,179.0775820159322,174.84908277846503,0.08354591370882446,NORMAL
73.85713914522182,2.0438403961603693,2.0462428554460823,102.25612229353763,88.95935211503468,0.8138618761128129,FALL
58.79302153113159,1.2183349459935788,1.7856076859147796,130.60140571788656,135.17140248628522,0.528606759912032,PRE_FALL
40.05153057107505,1.991098698659434,1.9370587624974616,134.03616226667017,124.1727140168109,0.44510215535571346,PRE_FALL
27.107313339108476,0.6321494899670901,0.3487264098698515,165.23174825365166,154.27030390629514,0.3037393324839504,LOSS_OF_BALANCE
8.986790307862304,0.22255559637122752,0.02633722233141932,175.22893890375957,177.68281828462048,0.031958777209997014,NORMAL
47.22262483427927,1.947969275806983,1.7146527692330147,125.85877783385138,118.93354047388932,0.6421974550908827,PRE_FALL
13.596078195870957,1.0361837808096035,0.49330103979765294,166.07166115081213,143.81667440252428,0.2891014535155043,LOSS_OF_BALANCE
7.270813243426357,0.03946350302773394,0.18073598964906817,177.3351191930983,173.18211596016954,0.032121142821459406,NORMAL
20.931616852356665,0.5503755810744906,0.4297130493644836,161.8993134702169,167.3296550053992,0.2926697131875631,LOSS_OF_BALANCE
45.84963902408091,1.2513327383977693,1.2677994388507843,115.42013267841185,112.29356940800349,0.6089933620395123,PRE_FALL
76.66396601341778,2.9153647373237384,2.04514563658127,78.88052098632119,83.7741149955159,0.994401639504865,FALL
69.23442634432263,3.080219428960167,2.684016022780545,107.69187357220218,85.93281108151453,0.7324037097266946,FALL
5.421952013742742,0.37398778018953205,0.017149581872244923,173.76266391688458,172.5427557437927,0.08527198920482854,NORMAL
9.84367990249133,0.48608243916887844,0.24253821639580891,166.89278997957808,171.350623489734,0.09882799363369157,NORMAL
1.9912993272657664,0.012212693863413171,0.07345276322350504,172.12704516328208,177.74606541937098,0.007282822918456911,NORMAL
9.440095257324103,0.4903448894398873,0.17211827486802875,167.20625212038786,173.47847272402166,0.09068807879261084,NORMAL
11.487193189538807,0.6784771597569592,0.5672476191434134,167.10979800596522,152.00178126753892,0.12497622283862639,LOSS_OF_BALANCE
25.100758606554493,1.0562870535411597,0.6819121148427637,149.39048527765468,159.56025873923437,0.19655138729819363,LOSS_OF_BALANCE
23.654768950692816,1.1743207379759373,0.915603478617901,168.1091687407147,150.88994036806116,0.314701368736638,LOSS_OF_BALANCE
2.424242967805731,0.18802765116207354,0.2449483546298739,170.8940269460919,166.70831735417997,0.056385050862878594,NORMAL
61.213424886079736,2.4089170311454304,3.0688653864214963,104.03965807689713,98.17489917741393,0.7471101762299962,FALL
66.00148909883563,2.1487126691910188,2.697932098448601,105.99712753806332,81.50821719059473,0.9746179560174029,FALL
2.9471459644089695,0.3485188874978274,0.05693275086589543,167.79940093423656,170.21497018527398,0.07324024101227128,NORMAL
5.938063980390787,0.09777411244013023,0.0320917102742706,169.56986993626884,179.23235193591847,0.0332217215311627,NORMAL
6.7396871061311305,0.13605142177310947,0.19858160784247836,172.28492557336494,171.6306628004667,0.027316684436476946,NORMAL
60.521905349587186,2.441988864025361,2.318940723236724,73.78804981484721,100.86358116865566,0.9851253296572474,FALL
7.8679459045461675,0.12178444858201182,0.03777716559241286,173.46866963861945,166.02915229236532,0.07651573758885845,NORMAL
85.0234672618885,2.9041142534250257,2.859850847220998,95.5053109076139,97.57881799281755,0.8077858318996349,FALL
46.42691312087589,1.2474973286969846,1.211007517674997,133.34088004079044,116.73651277181422,0.5583343437896064,PRE_FALL
13.849308945552536,0.9440568714917361,0.3990724076091659,146.12660038297497,142.75278177269007,0.2777891953636269,LOSS_OF_BALANCE
69.78746937638505,3.419789590278909,3.3210267402329885,70.76962216426232,75.89220658431654,0.8522927068019757,FALL
45.0836926063093,1.9698201048785047,1.0635821404375734,117.30176088741472,119.81250192542792,0.42372359598521114,PRE_FALL
0.8095904156904821,0.4404236239779542,0.22072823554033769,165.8221751281697,179.17983344681608,0.0674652966588665,NORMAL
11.926672571923053,0.5535620813277097,0.826126822560759,163.0271632579388,163.78194245681655,0.16057952633551417,LOSS_OF_BALANCE
14.901741032055009,0.982746215180801,0.6192462356701602,141.20698377029095,158.2741312531598,0.2655926963928563,LOSS_OF_BALANCE
46.37745054562056,1.6931745330284116,1.5384037540659805,138.16682221017652,118.7141523470046,0.6925767442176556,PRE_FALL
53.12222315829857,1.8166741888764644,1.6989016537004376,128.4642545438856,111.4571389673856,0.6840339565780479,PRE_FALL
9.22088395744053,0.4734787559340622,0.14312012113543712,165.136988993645,171.4565296990385,0.02929226130023878,NORMAL
21.764789157952137,0.8632614995924928,0.5763477326215085,147.91081128663654,154.96481917123373,0.22702665849740455,LOSS_OF_BALANCE
3.8038102892771164,0.0029480417919965363,0.1055276408015474,176.3021268758908,177.80171925853656,0.09534303384701064,NORMAL
1.4044918732224887,0.35842805632394137,0.21646772863539476,166.60442258279278,174.16277649208027,0.018754340053160335,NORMAL
7.07308643706077,0.21774357250383852,0.22013859120401755,179.48210596857118,169.05123594581102,0.0808199218806756,NORMAL
46.0287639561213,1.2377660391734133,1.3029459222026274,116.5883653783187,143.7465489195416,0.4157305765682745,PRE_FALL
7.712253330273345,0.22148047107146002,0.22128570376605258,165.50265437355412,171.9125195296842,0.07709959677901887,NORMAL
31.41447231876154,1.740656506684856,1.429237255859857,120.69260789341288,122.85995312021853,0.595662110598141,PRE_FALL
21.475593232582245,0.639814099945147,0.476746459631414,153.12544562194847,148.5826799777515,0.16035782264654466,LOSS_OF_BALANCE
88.37607542007098,2.825401680624335,3.302563978286367,100.81576862811518,103.31694313858372,0.9527341921476513,FALL
20.66577313013312,0.916884240237523,0.5452359945285403,148.53606484836095,163.54367788473053,0.3144563404607007,LOSS_OF_BALANCE
25.106703466938036,0.7748615256559482,0.5820594882149657,140.17858537945327,164.2244307912131,0.3624732617691344,LOSS_OF_BALANCE
41.420133456507855,1.923627856195694,1.3800169332951093,111.25941052537478,133.51663712009736,0.6090568275194063,PRE_FALL
52.933014236086535,1.7728877690191984,1.0119989438143944,136.0494044319357,113.08810898023793,0.5764415869967329,PRE_FALL
14.447156955110202,1.0997706464377863,0.39965153546357907,146.79723292010166,143.76032543402337,0.139065475719667,LOSS_OF_BALANCE
42.53610582018996,1.8166879535271234,1.631537961667236,134.89778263124603,138.00730188578882,0.5119071677413132,PRE_FALL
2.4952973922292445,0.051396810835892814,0.2340348725614328,178.26202052176512,171.09566084748175,0.062066151015071284,NORMAL
27.911729819081252,0.9231544673872893,0.4246474437418571,155.9144192192355,157.9883445459676,0.3038299935130281,LOSS_OF_BALANCE
2.289417838111544,0.452710006503064,0.25789062007612396,166.0628602483298,168.57006951553493,0.06689777782962807,NORMAL
46.98044773741064,1.478810572459344,1.3063476323473941,138.9007324853908,128.1185116519295,0.5234617731240141,PRE_FALL
21.17818206942411,1.1702442276234835,0.594643035247179,162.6756936625955,158.4562565178086,0.19071699556700605,LOSS_OF_BALANCE
8.863358320788956,0.03823118927860769,0.02261998703801299,165.27945442306853,172.6076746692836,0.0031194231008309092,NORMAL
85.56390694544012,2.449768636928715,3.650434851145638,71.00612852188078,94.88156917336958,0.7998688881917249,FALL
24.46507339194391,0.6922714823635873,0.8275845955467009,152.01033027762932,156.6935060414553,0.1939523983608602,LOSS_OF_BALANCE
21.187056464724545,0.6346987133370178,0.733092838371426,157.30566749519448,141.58623157977152,0.27107331496869136,LOSS_OF_BALANCE
6.394267984578837,0.012505377611333468,0.08250879551073577,168.34816107223233,176.04706821246018,0.06766994874229114,NORMAL
7.59990536061017,0.10177911917513693,0.1647658917255995,178.91509141266673,171.57174142608568,0.06982500291221723,NORMAL
2.717151070821846,0.15985478420938115,0.16204566675553692,167.07561092274233,168.4689221959228,0.06939498122990523,NORMAL
17.49059117739634,0.5568924532386577,0.806993736030654,147.40196354116105,165.11924967487693,0.29269521745143257,LOSS_OF_BALANCE
1.0125781097333564,0.10277523835896857,0.05699527727651563,175.45795055711037,175.83057156863512,0.072997400567029,NORMAL
26.467267870779022,1.1162323270846826,0.6696779927526018,158.27580825441092,158.22120639279157,0.38939421512603545,LOSS_OF_BALANCE
17.27119281385484,0.8810990051934289,0.5961359291074586,168.35685454118834,140.0025669295349,0.1901799933154127,LOSS_OF_BALANCE
57.00654530293002,1.3937945355958707,1.897088837887583,137.6624527221329,126.75759598804461,0.6396214103206442,PRE_FALL
59.97421441760903,1.9055499920863905,1.368078095763963,110.73279939674423,138.19076676290496,0.44319513226126483,PRE_FALL
67.85550728558636,2.64101157765736,2.609449408780467,103.85719884858828,95.40364039259111,0.9211117604982776,FALL
7.480784472087092,0.12492631411077554,0.13861297466287167,177.05845130165775,167.09689558909685,0.0011956923169412993,NORMAL
28.237453191165244,0.5178747003850525,0.7263267021479884,164.24102641189972,155.32388427460967,0.3342621253625529,LOSS_OF_BALANCE
28.126040549904225,1.0879839950977237,0.8920221542807485,163.49262314759613,155.72354999887972,0.16851139606843413,LOSS_OF_BALANCE
33.85607048633778,1.9648844481525196,1.123914942535933,140.37081943026806,129.34012928380483,0.5106465983578998,PRE_FALL
16.67444329361761,0.7477535000477872,0.8216497549469965,153.49123626381535,152.75893738045238,0.2180626618028326,LOSS_OF_BALANCE
26.33117671198049,0.8279052669867231,0.519232762283757,159.25672502929714,164.81761039356962,0.14944730785788218,LOSS_OF_BALANCE
50.64364492619926,1.8543613634251608,1.930942181057755,130.47119215143366,116.36417828989528,0.6681964129653348,PRE_FALL
31.901079930093495,1.5194387508604366,1.9253407694706823,141.44667485338442,124.35030609092723,0.6851917431939567,PRE_FALL
13.639686629565617,1.163938318022838,0.6154625490081644,164.43111364824475,145.5691412540393,0.11769461948405743,LOSS_OF_BALANCE
3.6756105061535016,0.38130281596842486,0.1722300012994388,177.10832056728518,177.67732741992538,0.09745466021257082,NORMAL
19.792460716581704,1.1197891270493168,0.6335077806408373,156.89171230800616,152.69211741318307,0.32694719304711306,LOSS_OF_BALANCE
68.72726420867409,3.1598100376220426,2.218720896421993,107.88898133656635,85.50126323987884,0.8448537831413061,FALL
8.921795677048454,0.043469416314708076,0.12657654590558112,165.44695829157106,168.27956962205405,0.05053552881033624,NORMAL
26.311295594048925,0.9784775308654736,0.4921251895535715,161.16927912921474,169.93987116318905,0.39952152935042806,LOSS_OF_BALANCE
27.590553416562646,0.6877868648366642,0.44399376302749194,163.57182954331685,150.42899339725804,0.18639776491937043,LOSS_OF_BALANCE
16.648709497417695,1.066776550866214,0.9830721993635905,142.8616710515809,145.07767138056795,0.35944831432870017,LOSS_OF_BALANCE
25.375230318293937,0.7543612873524472,0.8016372371403346,155.3467909908149,159.48889414371084,0.22857656133344068,LOSS_OF_BALANCE
33.92567490991576,1.8856298612489137,1.3695296664393584,137.96254868921102,140.65599760669554,0.6349837320986527,PRE_FALL
14.69437127937143,1.1448233967744923,0.39218817252591387,158.2136522864146,165.4900457241,0.12909394665602525,LOSS_OF_BALANCE
6.63355027490844,0.08525613817818767,0.1072582212713233,171.565717751729,174.3271054999876,0.08784755373974737,NORMAL
8.044535309273089,0.21310573196911475,0.24345630892193898,179.73289129189345,175.17596755944288,0.032423494101168536,NORMAL
36.23572937667568,1.2405661361038578,1.9371046179115332,134.35574930328406,117.66561318064582,0.43936016365271324,PRE_FALL
59.02243810486126,1.3161472403873176,1.0484164627886614,115.28261024960457,115.3125585171922,0.462173685783307,PRE_FALL
7.675287182899103,0.28832450406168975,0.16950366770621741,179.66843336326198,175.04766537321473,0.033830064176842325,NORMAL
11.980182627233413,1.0738343069800353,0.4659702489205729,145.6422095317395,148.9912768876743,0.34978834140720877,LOSS_OF_BALANCE
5.310414897327992,0.3189722867043188,0.015747332051838835,171.19952049072387,175.76037084375366,0.01005449047773479,NORMAL
51.12194229585385,1.2198321164693213,1.565131213032425,116.36040517846253,128.60920921027034,0.5584366977431613,PRE_FALL
69.12582628426098,3.1194244516304543,3.5798214825610524,82.78518172681822,93.56913090470067,0.8678435022362101,FALL
71.10233643669204,2.458921016762465,3.4951868054202473,92.99817609770847,91.4592060364683,0.9609521261644465,FALL
49.48221041161407,1.595980040601892,1.1195000956340886,113.1187004096482,143.11514987889257,0.5722008668652071,PRE_FALL
21.452611309215182,0.6916073649049408,0.8217515063746814,163.83031143088914,145.4328978174835,0.2452574431895186,LOSS_OF_BALANCE
3.663540200942962,0.302976812116225,0.021262188285036596,178.95316555213577,168.1310714024025,0.049140550142827415,NORMAL
58.204400434530584,1.857561310269045,1.9197525468991117,114.97310618025989,114.20865385069719,0.5105081015748295,PRE_FALL
37.96097740626745,1.624594254667883,1.0405441464617917,143.32030060703121,125.72374763611182,0.5190940544059509,PRE_FALL
61.58637115505624,2.963472227170124,3.3033956414141143,70.09198371851083,104.54899383420161,0.9465904427577243,FALL
78.7082544997054,2.350659679725609,2.272584349159028,75.37768194979103,86.05090665030983,0.9974519530858259,FALL
15.621655279676808,0.7749781472386883,0.7085537787914817,162.9934660168541,149.34755388624663,0.3382298578452285,LOSS_OF_BALANCE
6.93560398292543,0.46442260449271267,0.23609753777867304,168.34855820970964,173.83425233674654,0.01753516299902208,NORMAL
75.65762013505402,3.2319803857249574,2.969105942547176,70.23478719032495,77.14570820657968,0.9207354100340128,FALL
47.01658004888688,1.5216517975636001,1.0631795933101045,136.44619256937312,126.94838573321812,0.6734662203446582,PRE_FALL
59.629871844779004,1.9471360407622897,1.6487168247902813,124.54367888153078,139.3131690864289,0.6908751189302731,PRE_FALL
9.113359266286182,0.4110545321199831,0.11248741264859374,177.04225106262442,171.68335346357577,0.004385166091050175,NORMAL
13.22094052931914,1.1745671514506184,0.6614105581834555,161.8616191913349,159.5418474502758,0.3790681610300457,LOSS_OF_BALANCE
50.9137775445563,1.714649634375468,1.1091046950480252,143.263537674707,137.73589929975418,0.4105576569803068,PRE_FALL
36.83554516344333,1.9369098721825913,1.7977936260979903,132.07176919219384,139.74333796968338,0.5217676578052443,PRE_FALL
27.308173764658317,0.8396720487912264,0.41838461391290704,155.75710612879377,145.26162068933212,0.36914008195669734,LOSS_OF_BALANCE
32.18586523596289,1.7210413501864088,1.9370671076641583,112.54636480927148,129.97163928937943,0.49821776353091085,PRE_FALL
50.68589408728687,1.3553363530557772,1.991113535498931,136.5060025610399,122.2983904260592,0.5020542327765515,PRE_FALL
45.44051816854338,1.239500884483401,1.5780740645307736,142.34430624114862,115.87241362854614,0.436337975512703,PRE_FALL
9.572130722067811,0.16829727255631338,0.027823753014044373,166.45074565250195,177.7124154952119,0.06037260313668911,NORMAL
16.106483765328516,1.1346674366411205,0.46703363969298295,149.4533749702817,142.08363901823284,0.1562033236000433,LOSS_OF_BALANCE
17.38220323988227,0.5582723093219062,0.7938232020943646,156.4782521718826,161.6623877287533,0.22250286467001384,LOSS_OF_BALANCE
24.871158769743502,1.023674987027161,0.7889947478781344,148.98523087878178,152.34567449746075,0.20120109716945955,LOSS_OF_BALANCE
53.52279094892694,1.4751755185593396,1.719136494200892,143.8226072977331,122.32871118153366,0.6679753941144203,PRE_FALL
65.4523451084885,2.2414967993107906,3.7563253100375826,82.4400833833436,96.26046083860155,0.7836897673061379,FALL
27.948526415931518,1.1288477244648958,0.71403460149564,158.49888781631853,169.82402311016162,0.11357130946312667,LOSS_OF_BALANCE
79.00710904315233,3.279595657627633,3.3575573389493583,79.60260594258101,76.23065323321394,0.9629789178244809,FALL
5.220442296615541,0.18518872512439005,0.013031485000944443,172.9472477840956,168.44229384568575,0.08023001960078138,NORMAL
22.310944985489527,0.7531864068517322,0.7614609604728169,163.47278862886827,164.30778490861445,0.2823997527636717,LOSS_OF_BALANCE
17.76942029712589,1.136852369997826,0.5750828977618752,169.33978563202768,147.66601070036475,0.1270750983126217,LOSS_OF_BALANCE
31.211494916784094,1.5477519361216592,1.026251353652376,130.9724076964696,110.09784563013389,0.47838558901651074,PRE_FALL
75.62342926724827,3.163907573410298,3.919525450285029,95.5122352843662,81.27075908950911,0.9610648849590773,FALL
40.888201882667474,1.9273964841097595,1.583448521081471,138.9889078261822,126.62805662938749,0.6110809650463267,PRE_FALL
54.94174612994114,1.4323206588605841,1.963129058780833,114.053999881994,120.64021685252054,0.5663592152408339,PRE_FALL
87.3234953076558,3.132467325663785,2.776514537540885,106.95115792524523,76.02938184076852,0.7309773266436638,FALL
31.90443271087305,1.702255187414242,1.9733573828742352,127.32143898580311,128.62690577087173,0.5153423202231008,PRE_FALL
24.793099699307938,1.1610387740330554,0.4062923412329089,153.3014406582136,160.16714206534704,0.3281753785777154,LOSS_OF_BALANCE
77.1857595362384,3.268884735184803,3.666789026638361,87.8117956125767,93.08368773668828,0.8111219577095424,FALL
48.02860643795276,1.7591430764393712,1.377664269271356,137.58244830474422,117.2495818706415,0.49426353429242703,PRE_FALL
57.49000152524039,1.4891838294152973,1.6810808152370664,133.73684427570822,112.30575844587415,0.47873119129348307,PRE_FALL
32.0064250275691,1.5096794986240987,1.1622023593696635,129.8621180865213,138.05104539097997,0.46090721772362137,PRE_FALL
8.471333859196118,0.04623199826343183,0.21737541369216057,167.85722427646107,169.02692381782472,0.06736719206345786,NORMAL
64.1872204319464,2.872830036727867,2.210134927921186,79.51051135843706,103.65264864247123,0.8552274171665737,FALL
67.04829936098307,3.0646765604828783,3.87063511245367,92.12602904114499,76.47355286029125,0.8253789548034621,FALL
62.891667153262304,3.2361342216035105,2.463520519947671,79.00896677748555,70.24426564249364,0.9491310099106334,FALL
63.78605711893887,2.5324268797582863,2.0660339440580673,78.61795339617431,103.56006092745903,0.8759108301033633,FALL
70.83919519863468,2.2913079617743737,2.133506618100614,103.4381548419715,95.88063628653828,0.7056289167341063,FALL
21.17394623956406,0.5965114754521632,0.34700827529441297,152.8253524658391,151.28354680701574,0.12126028515954111,LOSS_OF_BALANCE
28.132641154181684,0.9655042133619144,0.4738366347627063,160.62049516207233,161.5850665917495,0.2824189593032877,LOSS_OF_BALANCE
85.68476578082186,2.2178891578028743,2.7795952465917515,74.01039901263968,83.41143057856377,0.7827031155382354,FALL
11.045193025529748,0.713603650941806,0.6790844167329178,150.43413615313705,140.77976306752578,0.28262178768473434,LOSS_OF_BALANCE
7.048825425548747,0.05658218480746735,0.1444598726073006,175.35745897293796,167.13131219858514,0.0731293183016837,NORMAL
47.772752117685805,1.3692159687932408,1.321040551743353,129.1492613209992,122.52134455867018,0.4554588289414304,PRE_FALL
28.845782599239875,0.6578862887728731,0.3575322890298789,142.84367569921943,152.11515596858408,0.36607537705081983,LOSS_OF_BALANCE
80.03239807510434,3.403577196759706,3.725003530532045,79.30690178568905,91.9980246098981,0.7280417196522807,FALL
20.771801892304076,0.6278589698338274,0.8451542554505034,162.8855794441259,146.39649345886716,0.25053390109252294,LOSS_OF_BALANCE
49.08696656367577,1.96396782421643,1.5338009427111758,127.25473089680094,144.52150382693222,0.6851113029284254,PRE_FALL
75.0195819473821,2.4423515734703027,2.2933628244154747,85.25939220885297,84.47255278280446,0.8019657214651847,FALL
52.95139293907677,1.484050769772106,1.8285255769358018,119.02009822837452,121.02758333773768,0.6126634168375591,PRE_FALL
31.60510386120511,1.684669850894075,1.746021074603779,113.12328058524196,113.94483546458461,0.5208088869702194,PRE_FALL
1.0328711595282625,0.03645975168947996,0.17140336795347588,168.7589452539277,171.6882307848444,0.08965123928912087,NORMAL
64.33138380691273,3.4321596567962183,3.5394166290845304,80.31267836747888,105.81274799785555,0.9803604908193497,FALL
30.57767193993485,1.812429340420004,1.4922272639238323,133.43747258198243,134.39936607720594,0.5650093244045112,PRE_FALL
83.03890907820102,2.2655496939754047,2.909751595627589,79.91328639806909,92.08599904319726,0.9895396726808805,FALL
67.3893077118579,2.9759922847261158,3.7215483544146117,102.81645428406404,79.57635151886439,0.8462030237200107,FALL
52.42565409809356,1.817919895147009,1.1267772816136077,119.05421507216357,128.83840512531407,0.6259024483262475,PRE_FALL
13.560080718839673,0.5982982515955565,0.5208786859347517,146.77881140305294,145.64735873180615,0.3650705736858204,LOSS_OF_BALANCE
17.137707235971128,0.5122632951493494,0.5272427850095804,159.07948099872806,157.8733671706207,0.20717334463872983,LOSS_OF_BALANCE
28.468195053544548,0.8356627609114865,0.5181014260927996,150.87705697246207,164.51116109831733,0.3669179156145046,LOSS_OF_BALANCE
14.517719540681284,1.0200216179382706,0.3643704846679775,165.32560652007012,142.8420084547694,0.20105141834921747,LOSS_OF_BALANCE
58.84334785090414,1.4487933925761738,1.0534204442602138,113.35910688966521,127.98697713638524,0.4504364074521865,PRE_FALL
71.62850086887374,2.5220925173038697,2.0955160006652047,108.99760835540417,92.52848977360253,0.8287713886637234,FALL
3.6592415112192676,0.2493850083050984,0.0631597446331969,175.5106894022445,170.58464441803224,0.08543260872408197,NORMAL
29.148343473979317,0.7228127592709074,0.7774706971778417,150.2790576894216,147.84081600151367,0.3258082003319728,LOSS_OF_BALANCE
4.814955231203607,0.31360024385384444,0.26761749803697543,173.05451317458548,170.02664481801577,0.07839890332085388,NORMAL
82.74494026774195,2.3840389721190753,2.613494578139125,78.94508647199751,74.04114997161719,0.7683474771121346,FALL
38.95950522927777,1.334071887363309,1.4927118622221176,121.8261683572627,121.80498662896743,0.6222405632432646,PRE_FALL
82.30538494769709,2.1589794630557173,2.695265969872386,109.36991985603979,79.46249604659346,0.7448131969395004,FALL
72.14112574538584,2.01909909455288,2.992401279362917,89.83472323311844,95.69454347180076,0.7219823758967124,FALL
9.69613292435593,0.14023001432694177,0.009351949406755888,179.75428153297761,174.39766271422877,0.08424057749358527,NORMAL
19.468192787978175,0.5378542605641858,0.90761442121908,168.5793502834327,160.5101432106466,0.18095443305091102,LOSS_OF_BALANCE
61.75336051475236,2.3425713390472698,3.5878784327413893,103.38860731321951,107.88996727673162,0.7490108568116732,FALL
4.894587259156378,0.28871276465208073,0.08061514562624578,171.21337634047558,171.77987583825546,0.06336277633502978,NORMAL
4.755002876452733,0.023280985370871643,0.022304417977695324,178.88377215121386,178.48967476297514,0.05635098640479835,NORMAL
12.419325270038561,0.641791620610178,0.8264936172805966,157.5808723054434,154.78938322706995,0.3257169935951112,LOSS_OF_BALANCE
8.512953409871923,0.439666295679928,0.008684447796055705,167.89145170247338,177.49394899614828,0.08369766776086951,NORMAL
5.779185183898549,0.10636940283600305,0.19702089089644562,168.36367303661348,166.623275728909,0.08453734186013451,NORMAL
30.701208940121557,1.6757612778946611,1.126504197882689,143.01438058200586,114.64453674932162,0.6643538572673697,PRE_FALL
80.15465781705439,2.0453143208920705,2.526492484167404,106.74090174917177,90.93262195397858,0.8180152980789284,FALL
13.51462744570906,1.009829190469223,0.5145846874429205,164.64029747399647,154.68855800379976,0.2586880356421326,LOSS_OF_BALANCE
5.628395970845642,0.15191775592111384,0.298175436813066,166.7767734331719,176.46665167989292,0.06063176512429628,NORMAL
45.48811129822847,1.5168647675585767,1.7109670526872143,144.70729380517474,114.47482527685115,0.66238564196035,PRE_FALL
2.0778790582355136,0.1055125976526965,0.198128441157611,167.35585640071315,167.60720322489652,0.0075064868901167925,NORMAL
8.02264784045096,0.33919656812460275,0.05437816816119063,170.69626168673832,170.37898372240645,0.0028816229571221545,NORMAL
14.433880878327507,0.9259656341724993,0.837490748350399,151.0739769851298,150.19552852990984,0.34697144255397816,LOSS_OF_BALANCE
1.5008973451051177,0.4344092687391019,0.0536600294019806,175.68071231819434,171.2937253685365,0.03095183054369818,NORMAL
83.6585406133496,2.1195366349537954,3.835941368895056,89.97268119504018,94.58664803821617,0.7333596251702784,FALL
54.56986347849066,1.224273333681122,1.038774281258084,128.81564465230832,143.53109793944404,0.682211203396953,PRE_FALL
7.771059502839101,0.19139950122159133,0.0997964210717944,165.90087971742136,179.3340854882599,0.026466485245473292,NORMAL
6.584566950002026,0.4780951608128755,0.04039080432918983,172.48242963153916,172.95546521278627,0.004857160563190521,NORMAL
24.266718981190838,0.9959172166608545,0.8152728737744477,147.68676781797163,142.8583826624602,0.11762569409335988,LOSS_OF_BALANCE
29.818774730230434,0.5104289919978311,0.803878794423831,164.37865675767145,142.29835027232497,0.1380147682992128,LOSS_OF_BALANCE
44.794516465271485,1.544658553347002,1.5624352769287777,134.140525368373,113.61173454508605,0.6687775920413339,PRE_FALL
50.836817529080555,1.597246449133716,1.01708853823217,113.40088209517458,143.9109927481465,0.43559509994509593,PRE_FALL
48.75816172211347,1.870946127053394,1.2286384637301435,133.18698762426527,115.44204713456769,0.47558860649618623,PRE_FALL
83.7188971721824,2.649235451707355,2.505555638739485,99.53019164538681,84.2512131224951,0.8070751613157493,FALL
67.45932050249463,2.2739594156070018,3.818945367131533,92.79504849056875,86.20276207414807,0.9449087186012675,FALL
9.024960819332815,0.2217156619179944,0.03863746469910135,178.57616955570228,177.44034265826127,0.03315498912522768,NORMAL
74.37173952446165,3.179200969814647,2.266522842799623,92.62089639851197,104.42443919327036,0.7867287462780094,FALL
75.20986880783906,3.3809757695098157,3.3052365216984185,90.53355707130979,93.85854033304527,0.9301173738144024,FALL
51.83873345788928,1.91883178906761,1.8675924844560714,110.79942030655644,115.22253813223472,0.5731565322745146,PRE_FALL
63.045814971301866,2.8467875890077314,2.214759861770875,86.99423124955865,89.13464700817809,0.7877612090391285,FALL
5.587904580300574,0.0335029570786588,0.21280114078575857,168.07068889644808,179.71877433377463,0.02386327053579228,NORMAL
21.167489360857953,1.1703310399764393,0.9446328705333875,141.78732169673486,150.48042603452322,0.3546254497378971,LOSS_OF_BALANCE
19.92350938769235,1.0826820362004066,0.6992590485461281,154.21198610235385,150.5631815693867,0.28554365910535107,LOSS_OF_BALANCE
6.9285926896863534,0.3331779829951274,0.046045440050783835,168.56857986564756,165.61727184732703,0.03166258377918986,NORMAL
84.79805227330428,2.5780701611773007,2.7124956932536133,99.43372628474438,90.85265046416659,0.8991986763459583,FALL
89.02367851343665,2.0010136343218337,2.582867854547205,93.34928162152693,102.33693966805669,0.8696801734018191,FALL
86.16629539380983,2.096133513523773,2.3111036765077397,93.95188809636332,102.10657803886694,0.8754799837960476,FALL
66.1872614577999,2.0894544501546757,2.352127435437459,107.74771769150047,75.88900163237611,0.7309862332934517,FALL
31.587003671342323,1.5613909137540478,1.6820487398663606,139.12001470891045,123.94258522587963,0.5602545457518457,PRE_FALL
32.96010867077696,1.5931137569229679,1.1559709191056022,113.4921838149259,132.5682156129648,0.6856450605920552,PRE_FALL
8.317718884748546,0.0466150508518387,0.028969329769735683,176.08193997733073,177.1765392791609,0.055637073561535015,NORMAL
8.767663131932245,0.2043233523436076,0.05670630411536121,175.63723255809163,176.84133723457688,0.057798714580044624,NORMAL
18.75202519740897,1.1803413918581993,0.3273433634627758,152.72546674948586,145.12166260767688,0.3409460891587789,LOSS_OF_BALANCE
32.25535691097681,1.867166287669402,1.6390624649246672,140.7363519236828,141.29931810291276,0.5766979229515283,PRE_FALL
29.55706658493328,0.5452972878113165,0.9826452459347284,150.15894939011264,157.84882489830915,0.3971983955896401,LOSS_OF_BALANCE
29.075241494485788,0.8414822526531678,0.91800013342731,152.71211965300063,162.4123781036602,0.34476765986997343,LOSS_OF_BALANCE
5.938771490410705,0.012103415167634524,0.09144565426391793,179.81477875445594,174.24331491681755,0.09901591822713318,NORMAL
27.125044397713246,0.7756407176563418,0.3916304783999398,162.56799439890924,157.41151039284216,0.3415215359347835,LOSS_OF_BALANCE
89.37758556543552,2.004819355111049,2.6778070960512235,90.0343924386492,83.48864633614464,0.9656909152409858,FALL
34.87336425998616,1.5849389371185996,1.9284098495757753,112.32122087570885,120.98849518160789,0.6667919502934136,PRE_FALL
15.56750125506202,0.5267976372059945,0.40901878225783683,154.09902635488967,159.20649145844655,0.19605598576711097,LOSS_OF_BALANCE
52.9697932283325,1.2857121052891323,1.4933845075141194,134.49430104964648,135.57169546160452,0.5998247235792418,PRE_FALL
6.42740311290164,0.21190340032980953,0.11294263568130022,170.23063798908123,168.77998063916814,0.04666980154972157,NORMAL
3.6222294421509105,0.3586513542270477,0.0354990668470628,168.45519498898986,177.1675894405944,0.07202556588749491,NORMAL
55.731745420056285,1.4206303571362455,1.4508904016397066,117.92452335448709,140.83211350766845,0.6631220275385331,PRE_FALL
15.213597591739747,0.9812268101805022,0.8787380265392832,163.98586003820537,145.9599115888176,0.22434892736583853,LOSS_OF_BALANCE
19.78216852853328,0.923393886915395,0.8247778132315746,149.50638743083056,145.72943431369828,0.39554563110498564,LOSS_OF_BALANCE
14.275599733872014,0.749603428142946,0.42153509043526793,152.0641846926494,149.48720664053738,0.2167559978651284,LOSS_OF_BALANCE
78.62686466978789,3.377493136876531,2.308330583592215,85.79885864376573,74.7732079180167,0.9518232089497222,FALL
4.673901492323101,0.06381389864058035,0.1866770882922194,165.40449677857706,170.91030384509557,0.056439198302477414,NORMAL
52.53535648418085,1.6027701516407662,1.8786499519140853,122.67102124461574,136.33475087060174,0.685007086996037,PRE_FALL
2.547225061385819,0.3543926419170853,0.0005073834655888399,178.88362748248625,173.07677995639187,0.07194299991448455,NORMAL
15.349824711131706,0.6058248616560228,0.7830949076383334,155.46162328219924,160.08457670453384,0.31192147519533797,LOSS_OF_BALANCE
3.7898930412826406,0.01434999888504479,0.25528585089373773,167.72759785736537,168.1817977526961,0.07978323568280965,NORMAL
1.535899345167342,0.18041446061363653,0.12828178723371406,169.41824173449322,174.93030339014803,0.06002155280137688,NORMAL
2.1880894169157727,0.26322425707425545,0.00020504891514924183,178.7684427888097,168.0219657502821,0.013048954561918258,NORMAL
15.341065594917717,0.919355615624642,0.9831283356577132,149.54478184070013,146.6397105659898,0.10542187700199002,LOSS_OF_BALANCE
66.10835378546527,2.9745950916144714,3.059399562089955,73.74428936618713,88.11134205922501,0.9041902888734845,FALL
12.686606310549788,0.5588197045515001,0.6111537207899578,150.54724854905402,157.51886674191272,0.23957593331991603,LOSS_OF_BALANCE
14.252850779210384,0.8313488932164398,0.8225474142267388,168.32208683170975,151.07996178903372,0.3855465258332329,LOSS_OF_BALANCE
3.139156450583597,0.42400763975316774,0.21592627890418506,169.50483402316897,169.6392699331298,0.04083929086192169,NORMAL
84.51068587411895,2.253512116379231,3.1005938785787923,95.63295382327628,97.0391320860358,0.9142377068201654,FALL
88.0572802579652,2.672854858812172,2.81698236478925,74.02016160978296,91.04769093710584,0.8715612843629841,FALL
12.525774139066439,1.1033264294535,0.8271243788964391,166.63395237553576,168.97508790242904,0.22398817532562537,LOSS_OF_BALANCE
53.814341096835555,1.9881175187076927,1.7802432640945105,121.99132483784413,118.30989857532859,0.6588501051078143,PRE_FALL
46.66131711153399,1.5441952942064545,1.8061644291794396,142.2944256669152,131.33193804058456,0.683314550076688,PRE_FALL
76.83534417344718,3.333490425623305,2.6991615390695927,88.5222214437777,71.99157912327628,0.769874364828826,FALL
9.180420164172792,0.4291778365991659,0.10049022198541337,169.0063172357883,166.47415182612954,0.06543432815684141,NORMAL
47.25260377724601,1.6255405457119514,1.3941849154004713,129.12333922469577,117.03262306667607,0.4960949260044299,PRE_FALL
67.81716099483859,3.077469845869765,3.2383091061174962,96.76307540111107,79.95505440303008,0.899921636544853,FALL
65.49065195406402,2.4584574105982893,2.127927691421988,81.37288426253055,94.46936942724456,0.8595692617080171,FALL
64.8074311972091,2.1637356192342247,3.081071731641843,85.226989855281,71.65025792814625,0.8527948270871057,FALL
52.3819224372272,1.2649244796369958,1.0917038822044014,143.2987172395401,110.13443973030095,0.6374778189188264,PRE_FALL
21.170304691127253,1.1110106324379396,0.7616365444138198,162.0580483650856,146.17673703170533,0.12340501861679047,LOSS_OF_BALANCE
22.02930827191365,0.6021094890158023,0.765745492982784,164.03875265145703,161.08900428585943,0.27966409248144786,LOSS_OF_BALANCE
4.201435177734256,0.45241923917008847,0.17522382426126754,175.43284479746953,177.85098048455902,0.07655945761180695,NORMAL
8.071078466573699,0.13599029751067687,0.019161596736944418,175.68484872300743,173.64977512071277,0.007707003128638534,NORMAL
5.534077299014189,0.21933060602711363,0.27770265917923853,165.61048341542903,166.49951776017087,0.08473667102470593,NORMAL
53.94091921955878,1.665399220705704,1.1734156095773782,135.36074444872133,140.6650984674777,0.5915786078133295,PRE_FALL
45.266276368438916,1.4349226156085098,1.7056574286120982,124.03829104921918,138.24380526369362,0.47053752570060825,PRE_FALL
29.9071853806257,0.9877620536975551,0.43483919426881873,151.16426778517115,159.7195415901626,0.34615246246329123,LOSS_OF_BALANCE
68.8093192671872,2.5631489416760775,2.2659152275988705,100.59420463186422,97.5882316554602,0.7126085915087101,FALL
34.54709778031406,1.6182244668208463,1.9401227885026766,118.2254759089282,136.41308480956474,0.6916958302790247,PRE_FALL
36.9242038333852,1.5958856718416856,1.0603089642997967,130.96733820944925,112.15314962349095,0.615652295324685,PRE_FALL
83.29436961934778,2.446311205095647,3.502165152716086,106.03776032905952,96.79967779370313,0.9172591435711559,FALL
15.615127160077968,1.133155313080798,0.7948776045755958,146.27258964042412,145.88260382062126,0.34633704119571174,LOSS_OF_BALANCE
1.4142838058431784,0.1749103937679221,0.2903089523078234,175.4771994421782,170.87936976503042,0.05950412281515748,NORMAL
34.12378169261197,1.406825264663628,1.4795236002753578,144.6708319676169,136.35133470186832,0.5335522955699469,PRE_FALL
15.49929649874022,1.1544831253635783,0.7392066062703622,159.1515970941181,157.38063727325329,0.13102576906442237,LOSS_OF_BALANCE
23.40078195124739,1.009944052225758,0.44964597248943095,156.79382068133984,169.93700338615616,0.38182214466702347,LOSS_OF_BALANCE
7.357824306046107,0.42749946141179845,0.19778485473786092,176.21721292619833,171.6989231612283,0.06993114422950535,NORMAL
38.07401347013969,1.230152434623302,1.8385628190951322,117.35650531059933,120.7653167701308,0.49757379582595074,PRE_FALL
28.828539753993397,1.046145883843184,0.5048783898970459,159.6093161204917,155.8053256332081,0.1802605747853047,LOSS_OF_BALANCE
70.3895018721988,3.1129814246191128,3.4578395148606016,102.31042000515347,82.83843782401011,0.950550344106313,FALL
23.07908444428517,0.6721356851475659,0.5930617420713415,154.91306883217706,156.01311940534444,0.259742329723118,LOSS_OF_BALANCE
39.255642094017276,1.4551458058640827,1.220732675435301,137.3440823534486,138.18426192776394,0.4086674006845462,PRE_FALL
1.3356878219680413,0.0765927823445896,0.22432045114525695,174.08608422133605,171.23768423146836,0.05492345088183648,NORMAL
4.7439633832773715,0.07656354906221818,0.20855760876627272,174.45467010244406,169.5167468213519,0.06616645760907221,NORMAL
21.332784110394357,0.6627008307073493,0.8371859352692397,147.56071546938836,149.3436487184117,0.2013605441920238,LOSS_OF_BALANCE
63.1851741974605,2.4851882682151913,3.2449737709257183,89.21089007403052,76.09175694997136,0.7968148216035921,FALL
35.603159080477155,1.211754031793628,1.9777778616447694,129.3653607362309,110.20455261049297,0.6830824315109824,PRE_FALL
18.232179843256212,1.1134803291188509,0.8093564555689139,142.66620318053828,159.08540745957458,0.3330073344652369,LOSS_OF_BALANCE
0.09141461690661767,0.25286645984653255,0.11196020780604356,174.26752853815205,175.0013209433001,0.061651936108433794,NORMAL
65.9831639215255,2.4340774399869742,3.8026040286277913,78.126981269314,83.33480156402827,0.8464991171148682,FALL
12.82006250261903,0.6447901784368932,0.8871529970771723,162.64594215948563,140.82050374114323,0.3707623907321953,LOSS_OF_BALANCE
80.48828446505345,2.932456304202919,2.460230261823072,106.93849720433715,98.25108475107703,0.8900071668106649,FALL
8.351133927257074,0.1839204791125164,0.2841390510732369,179.76659690297367,171.92519967661485,0.028177173270377543,NORMAL
0.559227088233194,0.3854507518350692,0.10437906208587995,177.25712550069812,171.24782568926878,0.08678310969512204,NORMAL
63.474660790303275,2.55953857179627,3.5635106131699654,98.18124208315051,107.44050003477176,0.8041087821133743,FALL
7.353317798996606,0.19018708437756043,0.09386924742344924,174.17257312005077,176.13701782061918,0.05938058013927891,NORMAL
35.37738771021519,1.479811657131445,1.161511998839797,115.63857966060593,124.4733913511391,0.4619110198912765,PRE_FALL
0.6383705389710992,0.49418048291088357,0.19217842368439672,177.92237400377746,168.91720361889745,0.07110937755717918,NORMAL
37.0569540331679,1.642426015671271,1.928556176418995,132.7456474940397,132.44036490484467,0.42551571486063144,PRE_FALL
32.683827155238916,1.4039405843510036,1.228556836166394,122.83081637252832,144.89846783947252,0.5435592252569605,PRE_FALL
15.083587866503844,0.7977403548221254,0.7861607596298363,156.07712958837215,142.11674138074403,0.31980246961727665,LOSS_OF_BALANCE
65.11881960220362,2.0435650782672856,2.5417064684143496,106.71599207841197,101.6961503421694,0.7140000137546415,FALL
83.93508907613979,2.711690521426148,2.360589047906214,94.68096286732076,78.32976510357945,0.7547894666060796,FALL
1.3736525917312392,0.10014829539757175,0.12275755402563121,173.5410538196018,178.59931401759192,0.04575714330615413,NORMAL
47.799531092811826,1.7046988766120847,1.1979901529295822,117.587379028758,124.17480776116989,0.49690605029339396,PRE_FALL
87.66164928810502,2.8008401925439608,3.6447170649537224,82.31843906961261,80.4965809499072,0.8215675419285422,FALL
58.272884364095006,1.7455817305389947,1.0539834103490233,134.5944016143692,115.88665311921095,0.4071379022437101,PRE_FALL
53.51014669030931,1.782697626113552,1.4378503952624915,128.34062696798094,140.84581322099993,0.4725869737656305,PRE_FALL
5.077376758096564,0.4102747365927892,0.08485169498484799,169.4783377465765,173.80406583621243,0.09989023332293388,NORMAL
76.03731557831986,2.4729879288956806,2.563577247349091,108.2675193503377,107.12666184568235,0.8152518149631853,FALL
22.238072492254354,0.5801316479309856,0.8927612969648424,142.18645083342383,162.90055849574256,0.2819599903329329,LOSS_OF_BALANCE
80.6514251681505,2.3594688902664736,3.2886194962436797,106.73776674296718,109.21612148947113,0.8281372046537825,FALL
48.48889902623904,1.9635786542916045,1.0911777509096283,135.91596380989722,144.25353738734879,0.48091874750603064,PRE_FALL
6.643713017420091,0.04280697749363088,0.2923963472856665,166.0151898436327,172.89089167983255,0.05073276965797866,NORMAL
7.826353463610197,0.1736018826542245,0.12851340397042332,170.55856314327085,172.58941184515618,0.03412311748612832,NORMAL
20.708344405957575,0.6716780923934194,0.8460202668977392,163.5814459721983,163.1117475615024,0.29777730863932267,LOSS_OF_BALANCE
65.51545474164897,2.4408848194604826,3.99261296258135,81.00246693093439,87.9421580691967,0.8649850538572678,FALL
79.53375316719544,3.066133432550502,3.7943727842102692,92.76323463331325,81.22319113654765,0.925978971829787,FALL
64.04137677248329,2.4789470040772015,2.437259581064917,89.94436487735268,96.47620684156198,0.9605812127568392,FALL
62.68290809422823,3.2435883692315923,2.6261619440393673,90.18370256974131,100.03431916852819,0.9263632499916382,FALL
11.426973545586598,0.5267969696389008,0.4402146178009397,145.89938968608692,149.87723877654008,0.19081467482122333,LOSS_OF_BALANCE
41.051153818095486,1.6448722582900892,1.500969831040106,116.24591200846841,144.38049792975306,0.49946536881959736,PRE_FALL
50.63751386030047,1.8668957346746713,1.159068871093765,123.23301498045622,115.99813027760943,0.4105388519161113,PRE_FALL
43.74613717923412,1.992780552117868,1.2631736976549859,137.7774358587021,117.32833563943746,0.6312426713037853,PRE_FALL
56.977133419728055,1.6148576935991505,1.1927163920332893,132.06040397168277,137.45291534399948,0.5111632078960794,PRE_FALL
69.88519563252137,3.4544314895878094,3.2979290358920643,72.22444817977852,77.30605817840464,0.8010500851980987,FALL
77.75658716757434,2.573482247280083,2.011578048688588,71.87107635136604,108.60362172760597,0.9795292702217622,FALL
21.22651472463417,0.7417094346744149,0.4452858412534566,169.54605814730937,151.0757436537816,0.18754691276890978,LOSS_OF_BALANCE
27.627754200072875,1.0698162753890073,0.5136312018703272,165.73764422989092,168.423639455213,0.221954435342353,LOSS_OF_BALANCE
9.74554790168251,0.04245120875824476,0.028673101601215667,167.00270775376435,177.29944337841323,0.007483048432987749,NORMAL
3.007364187951478,0.3537883987439861,0.24173284798046607,178.72111760723857,173.43578924380364,0.09677861885466267,NORMAL
83.27294519072844,2.289122159128789,2.3244024112007504,103.9920753974586,85.76456991408361,0.7489634139659155,FALL
22.320560155410448,0.6323715150215089,0.6748278394783133,163.68763368172205,149.83041813533865,0.11597769252089962,LOSS_OF_BALANCE
85.56903709749378,2.6629967560317747,3.7125185108826932,80.78249984684793,94.94181254310959,0.841991494894955,FALL
52.380570336377204,1.7407268922226384,1.7610843999775927,139.89707567518263,113.137913913431,0.5566637254406829,PRE_FALL
41.3874348251404,1.322429408315826,1.3399411950240805,124.42104413618043,112.60390377886246,0.559288698502895,PRE_FALL
5.231031752246739,0.35029009214877715,0.02857264153550841,174.92569894268945,168.72865492276063,0.034574948745750365,NORMAL
48.57224054885724,1.4361208899378157,1.1708711350092549,129.99971499727303,133.4323312218805,0.6191655322331859,PRE_FALL
25.84681024357644,0.7018859734917685,0.9786289230423748,154.96781056983016,160.56580099771867,0.23989524173942894,LOSS_OF_BALANCE
38.15169905240732,1.9054450432855556,1.4915198269236853,137.63557151429455,128.33773830518206,0.49662400488715425,PRE_FALL
5.414349580684413,0.06601368439907174,0.10401007403462373,171.65790078092843,174.67026662321564,0.029151679716304436,NORMAL
23.538170321927254,1.1211573886130783,0.3181735180243616,160.4393703448775,160.41918228313125,0.2182509408300183,LOSS_OF_BALANCE
72.95211640170486,2.5028609481842086,3.2940638466385375,107.69523630593335,106.39814457159477,0.7056600660278203,FALL
26.42808396072902,0.7692390774081082,0.706674756113028,152.65522283172888,157.33629318548572,0.3080496858312758,LOSS_OF_BALANCE
35.56530555683088,1.5306046135178197,1.5596665817480964,118.1286902508561,115.15855309003598,0.4399644466041971,PRE_FALL
20.07493443680403,1.1512288588093498,0.9145277263794793,143.9575860104668,149.51952160379042,0.25912714026778116,LOSS_OF_BALANCE
33.29023711833522,1.3238369522605227,1.8373744344474423,116.96930782403884,127.01866081890832,0.4017077499344282,PRE_FALL
50.2400286431598,1.464426596358802,1.5698573648811602,140.6589044465007,143.11937253363408,0.4432699205718195,PRE_FALL
10.474402522820402,0.8365652947085178,0.8082222256202278,148.78889213763082,151.9519020978304,0.3466947273727146,LOSS_OF_BALANCE
8.294046642529949,0.30925987618212303,0.2585120700932332,173.66028217885142,175.56857754322385,0.004582438365566222,NORMAL
35.54486435846319,1.8562790872250154,1.9972631097636162,111.02893777573973,113.736102631022,0.6335899049379439,PRE_FALL
1.682089774365737,0.22866069363672453,0.2227554755789361,176.48879332415535,173.24589276807077,0.011321099529202317,NORMAL
34.92736380064875,1.8018662764056603,1.0009781793245176,133.37007183452897,127.9864512398741,0.5801177324146173,PRE_FALL
64.45507963158968,2.364934571493853,3.3945828389100665,78.28716312146223,80.38612378756814,0.8033738835143407,FALL
79.66989795509085,3.143626914526799,3.0214871133419288,75.352604036176,102.33685851888444,0.8946568015832899,FALL
47.21556953804213,1.287584671140997,1.066408435604628,139.23144285018654,115.70516618634237,0.4630154249191432,PRE_FALL
68.86472358210649,2.235461468997286,2.2776691143098518,75.24087847067202,82.0814192554393,0.8221812713086845,FALL
71.9945174208234,2.772151821821831,3.420231126180771,88.03759235468955,77.49164234762458,0.9749093602172783,FALL
4.829259987793884,0.23808126560458176,0.1314497814819081,175.451448982855,169.7836421132655,0.03002640831819403,NORMAL
0.5361126263083682,0.1795195860856844,0.0028750318689843677,167.04802071993743,177.22823910980793,0.09638290894149398,NORMAL
0.8469951692852251,0.45056802242821653,0.27156227229400765,179.6725959602083,173.57940646124308,0.01695829233923255,NORMAL
25.43957365354899,0.9145189823459285,0.49406625313059394,164.2189874657837,166.14009751734596,0.30054907405949327,LOSS_OF_BALANCE
8.094304566778266,0.0032493798390305084,0.24174577554984236,175.4720909248234,170.1037577477699,0.015547949981178156,NORMAL
9.046175434539494,0.2873201258618524,0.15461490088911126,179.09866609845204,172.36019180843303,0.043605766746336774,NORMAL
24.433475315203705,0.671447470760433,0.42350485342812433,147.46908291498588,148.56058670053375,0.23448135771094072,LOSS_OF_BALANCE
8.307310188906033,0.0433314490278372,0.26448935520083156,168.65795158786435,171.97062699904848,0.06103317042305206,NORMAL
2.220927830798133,0.28833259317370485,0.016244451386635238,176.9890487666997,172.17480114918067,0.05407679455918271,NORMAL
28.930206112842697,0.7726943316047694,0.5416210216601155,162.23891414951055,169.0400085126044,0.2595046413354688,LOSS_OF_BALANCE
80.3652800500641,2.0638810060176027,2.2680478518950813,90.32232401103185,79.59936781869435,0.8458477150985094,FALL
71.23085208812896,3.111873495407301,3.719939084817354,76.13301693521376,73.7369726603384,0.8635768575286872,FALL
76.77736192400948,3.065552737206977,2.0498749714149325,109.81547094206348,88.5863660449717,0.875554846465086,FALL
41.87482700418218,1.6948360773894318,1.4403466307492239,142.56084269087995,123.34068458417616,0.49370509241973415,PRE_FALL
16.57441274292343,0.7220994035877024,0.9975067624677612,154.58885048612248,161.0687251555811,0.24286584060116062,LOSS_OF_BALANCE
47.271282291406024,1.8517775447985825,1.5052163371166172,142.1318002848865,137.02129138935598,0.6192340219966288,PRE_FALL
4.895770906300164,0.38178458355274963,0.02641240312771338,174.21719608087594,174.50231311053892,0.040339348039795046,NORMAL
26.587435695637748,0.7024746183838039,0.980457262822741,140.01628795121053,168.00520448129117,0.24465587796264054,LOSS_OF_BALANCE
61.84150227055526,2.717083043219234,3.968739743103084,73.84673460890754,103.49333731508594,0.9784427968971692,FALL
7.5232549536049165,0.4043648943156304,0.018769125440749313,166.52628073090713,178.07968995014826,0.01869598356320934,NORMAL
5.659280619159368,0.3962597369404766,0.050995094720429214,166.1845252598999,178.0625939796728,0.061971036853741536,NORMAL
8.10749316574389,0.13340285479723601,0.23621235274064134,166.62143439604435,178.08250174359134,0.08585932513377817,NORMAL
63.43266782537912,2.0475607185903817,2.9292965322973585,76.91572166057327,72.21525587573711,0.827941163052019,FALL
32.749141061469466,1.2391639444305125,1.9761231724851929,111.59465862736681,116.5603143246334,0.5821402881246079,PRE_FALL
40.297726456571525,1.4959512711890102,1.5354864276777307,141.78905550596994,130.04402839855413,0.6775879103811944,PRE_FALL
26.93218549124474,0.519634201881818,0.4975448520029505,156.24703744943392,141.95957501498833,0.2791332267470144,LOSS_OF_BALANCE
20.820339864730737,0.9615572992102182,0.35423328813051713,144.57265409148698,161.9197423494849,0.1839956600479601,LOSS_OF_BALANCE
70.3341802397339,2.608189231214465,3.834322181581627,77.65019673044917,74.35539050698563,0.7416083881587934,FALL
65.27164264172248,2.1553480346003067,2.849662467172055,93.143393697698,78.29321372047488,0.9569433677341155,FALL
82.45684830270307,3.257964281831124,3.416134927836006,103.68454188026661,93.92627679991527,0.7232160417534875,FALL
9.172241474811186,0.387183249409946,0.2539442662737404,177.91004199887325,179.40838125413637,0.03735907800833732,NORMAL
5.348343700610021,0.32071137324081983,0.18550480767318064,176.33940895042767,173.78412019970085,0.0700882031383002,NORMAL
83.83211668746657,2.7198785306137623,2.9504356711551436,70.38570710576803,103.08839695300219,0.830438480192321,FALL
23.254946407915217,0.5516392069591477,0.8862060361783799,166.11430931646524,140.90557191078813,0.20957326548087038,LOSS_OF_BALANCE
5.304988956068247,0.4983155413021694,0.24710652027756067,179.71699796422945,165.13205544442556,0.06689384679943866,NORMAL
15.898831623493908,0.5767304137451621,0.7944255399959427,165.34232373236281,153.33215189476604,0.22967978453618784,LOSS_OF_BALANCE
29.759095311857312,1.138150200420918,0.4990560732166516,165.24928591404563,152.0843236976135,0.36874885752827,LOSS_OF_BALANCE
13.76833569930594,1.127939712934633,0.7293998515811336,164.9424854559813,155.7695847405649,0.25962869609716643,LOSS_OF_BALANCE
47.270243900493526,1.2000743295377834,1.6963790830147176,142.71291894831873,136.36645857864957,0.5668860585151739,PRE_FALL
87.63415732647591,2.154434223245237,3.300982771082432,80.10390993430744,100.89595186141692,0.9763024212182605,FALL
7.907408298434194,0.11284356853251731,0.15677176053906536,171.75771697333133,171.64081506028992,0.08601666658261801,NORMAL
43.61030193586408,1.4614142646050414,1.3277661442927806,113.75277781919281,135.51263649815945,0.5098330362574298,PRE_FALL
89.17428438759072,2.130647055893076,3.5421654319376543,108.30565104688256,82.09947576734062,0.9968701294952638,FALL
21.202902703470983,0.7641166861485222,0.5698709010658503,154.23434004671685,149.35285497575612,0.25659571137347503,LOSS_OF_BALANCE
26.404826209008032,1.077080606015327,0.7889375312825966,155.19003541760904,150.55569039751674,0.28063478260315566,LOSS_OF_BALANCE
0.4963207222309862,0.26748537652988313,0.0557812794424577,166.53410232984808,169.03792699333718,0.07151959422112751,NORMAL
23.266722546863484,1.1147891256483642,0.464932041209106,142.18735705442623,168.4399278977192,0.37129715966433674,LOSS_OF_BALANCE
87.63845700726094,2.7112479506310834,3.589580806650167,76.40071896077649,84.347708990347,0.7460832879339238,FALL
9.956858002320088,0.48788845453429963,0.043545718467753555,178.9954491963436,178.75668181010127,0.031749621084193914,NORMAL
16.6717691003792,1.055877783639137,0.9604833040463743,163.27248415350124,158.5869966682485,0.3292295711390766,LOSS_OF_BALANCE
14.491620148033258,0.8524471208339115,0.7021074730249275,156.44699090733033,152.54240353531407,0.3199136982587927,LOSS_OF_BALANCE
4.827367864884781,0.015496602026087491,0.2827326774305891,167.4749579214287,178.34629905606064,0.015710377733078408,NORMAL
7.625108000751513,0.26968951505981287,0.23358794358916746,172.95530508292765,165.00857844191916,0.03241560570046731,NORMAL
67.39142319950882,2.5197575750464765,2.6419700341279135,97.00427064932254,92.16575393817544,0.7512907568684473,FALL
4.1658678366324615,0.31949559610443523,0.14941141804083483,174.40746015447127,169.34507485202408,0.0956650169954405,NORMAL
57.918579584736946,1.518563629894297,1.536260085451893,119.96466889934825,129.95379167908783,0.43254761567932953,PRE_FALL
68.17910455838407,3.0667522021962244,2.592531762722845,99.0563800031614,108.34319913088063,0.7170115460385602,FALL
57.3496558776698,1.2812301764752463,1.1392053077518867,135.91247375501612,143.13353502141095,0.5688312262825925,PRE_FALL
9.509902621434433,0.0007310202677888733,0.19719115505279933,177.73508981668382,175.9082255856146,0.010394901935155965,NORMAL
5.70981641156145,0.19478313694662935,0.1785575601089998,177.9689053575334,176.2731031300442,0.07052661840455195,NORMAL
82.46755703388195,2.8795761917565175,2.046789846608692,98.9114382864745,90.22661979769542,0.8638394730572009,FALL
2.84175280058089,0.31324034231309483,0.03938313318805916,177.57776668339312,165.4285693952987,0.06635491353038046,NORMAL
48.932237259247465,1.4156450067410997,1.0030268901217503,118.7251683203119,144.91197507657492,0.419733647219835,PRE_FALL
8.687523516449685,0.4100669782149981,0.004119987808029413,175.40692837584177,166.66916988474705,0.045006157063834595,NORMAL
54.41014195367583,1.9459432216704482,1.062881805185874,142.46500501604214,122.8620674564833,0.5947231475691735,PRE_FALL
79.69637100352107,2.36658668061157,3.6172711509687607,72.8840799249076,107.6826281140083,0.7537617565096811,FALL
8.212913207560717,0.22622068410845486,0.07215344775414059,173.37730449658767,165.18634487239567,0.07317862838999784,NORMAL
2.7345753675542306,0.06093705286635753,0.2029866737347637,170.69541278061573,179.70240805982044,0.08183774601305624,NORMAL
80.19524837797965,3.324145927575289,2.4076932700647435,102.58229448904162,86.30036172274598,0.9240951480343232,FALL
38.56145190856973,1.223053982529303,1.6033678573946264,132.79930162068175,127.91317877881663,0.5217072461648062,PRE_FALL
82.89018053476347,2.86682065126597,3.924314643087477,105.85254158963556,70.59320136146741,0.7574973567057521,FALL
28.819820934714468,0.9655547997275735,0.5649049887624855,141.71724631830418,150.68087701642753,0.19907657609791354,LOSS_OF_BALANCE
3.2093701050708145,0.4579662151493377,0.28349630112955126,170.78813902176066,173.10355969413843,0.028282899427939746,NORMAL
52.903327333154444,1.2719845502912055,1.161874357043246,128.0697969830917,129.0530421619081,0.5550555775257088,PRE_FALL
25.442014302299302,0.5476027347855845,0.8501304968407446,161.34208069869686,149.4188371205032,0.356029998573429,LOSS_OF_BALANCE
20.73454401499269,0.5940837770688606,0.7222897668674408,159.10565711573994,149.34292647456604,0.2408460942645721,LOSS_OF_BALANCE
66.65381998072583,2.170846670982314,3.7660563833296274,91.10815750953506,104.54789780247367,0.927587041786907,FALL
13.36590003221283,0.8561164347514527,0.49095408763194953,166.72683566729822,157.57032205441507,0.27506421729476277,LOSS_OF_BALANCE
46.534588592974885,1.2775184885948812,1.0796194556567889,119.48045271992297,128.0940058057955,0.6985829221559754,PRE_FALL
36.66007748229464,1.6276976609237823,1.5327034421018348,127.56330753101648,131.49280850915667,0.6641002828685378,PRE_FALL
43.8989791565569,1.5326400217987202,1.0513462517065255,143.1703900925354,141.3963603407204,0.6768240178405154,PRE_FALL
19.413700691234997,1.181450840129287,0.735341458185093,144.8093845773418,141.33831731026007,0.3790925543384178,LOSS_OF_BALANCE
9.404373373379956,0.3503484642123421,0.024019421362664137,167.5036569755948,166.54513971085328,0.006379239959116024,NORMAL
64.91002403952092,2.6419554284913764,2.5856742290256785,87.24330319318665,104.63194572717433,0.9630473097123109,FALL
10.758134311149114,1.146386397687464,0.7186526320277598,168.37629492068132,162.17766908049552,0.1986069555601485,LOSS_OF_BALANCE
28.462247037668522,0.9529746825128957,0.7386391502625873,167.20534341535938,169.22382715249617,0.1594798608015101,LOSS_OF_BALANCE
9.079369587356224,0.04473036025575816,0.172240005952612,173.02728415340408,175.84676517363636,0.0936669379750626,NORMAL
13.035451751045974,0.6052937024300233,0.509198940559191,145.99982922416248,142.64015475770708,0.1735680006321716,LOSS_OF_BALANCE
84.27216508928474,2.883275500671667,2.1306088117798705,82.4156654550087,78.39600587297458,0.8188161331487113,FALL
56.14071337544834,1.3211071456711105,1.5299396817421576,124.19710498430987,119.55529733945039,0.5637010062532612,PRE_FALL
25.15428370108645,0.7737441662719566,0.6694911041015998,148.49119609945208,160.89128947028453,0.15852765299627633,LOSS_OF_BALANCE
8.48033188463681,0.22735868428525857,0.1988306214185934,174.62556700849825,173.95718939279317,0.002135745473637063,NORMAL
81.69259980992456,2.803870329414568,3.930058408427369,73.43096414566631,78.24521707960876,0.7252923197848479,FALL
28.05765900863135,0.5897390278131777,0.7594619905798901,150.96748179724187,158.4082871679437,0.314894587762054,LOSS_OF_BALANCE
49.75996923247891,1.789236371183708,1.5049811398494692,128.5804184799951,141.13552297283508,0.6980893207873875,PRE_FALL
63.25980484503965,3.45972124570294,2.379743831680008,96.55296042735621,101.64407764579394,0.760337525382792,FALL
44.250101749371126,1.2256677034949115,1.9798228164464562,124.10445186881826,124.89472406734416,0.4931803858989796,PRE_FALL
68.4105865346904,2.7183659455502696,2.796936536073166,94.55122445843489,95.60590941097426,0.9546638557265021,FALL
35.254350165324475,1.287900946816383,1.248214797393135,132.40476419188363,136.4079764968125,0.42012220915300313,PRE_FALL
72.1720500665909,3.135399437132362,3.977714140711363,87.88888519170979,92.0988253984419,0.7566108835987353,FALL
4.2988814998983464,0.289992390597841,0.19641168711092147,171.9748228537052,171.6323969895721,0.02137014009891003,NORMAL
56.173450311741405,1.779990533741651,1.8260060286085258,142.29901152444305,142.30815195790922,0.6945947367570664,PRE_FALL
72.97459948559155,2.362843258869058,2.379307446633411,102.69518856515182,97.60812929465419,0.8811113171993261,FALL
17.700973592602764,0.580556960318247,0.34244238453235853,153.94470599736,152.21229390772987,0.24525145298743198,LOSS_OF_BALANCE
88.36039343203836,3.122657439722052,2.499546680157066,92.3022524876605,77.271516073808,0.7064392045752329,FALL
6.225603279873416,0.12655548755901963,0.13759279734856097,177.83116584628547,173.1525173940645,0.0005750548899053909,NORMAL
9.736818888990879,0.37787146778564257,0.13970860891295067,166.97692920560942,177.19276526596587,0.09196890421107368,NORMAL
6.771833769890718,0.13008339636061195,0.2972029861223721,165.4662314003814,171.06588339670762,0.045220116940106275,NORMAL
5.776870378935964,0.15635746043113652,0.22893641254158856,172.47398313089863,172.72087258847228,0.049875970839765416,NORMAL
57.220170621253644,1.511429030076295,1.9984434921678222,114.08743809297576,144.28776917393424,0.5161562297580375,PRE_FALL
2.2079717482028514,0.025259907072913756,0.2194735720694824,170.89324056778554,171.68424353966566,0.059513219129484034,NORMAL
5.785543857041766,0.3652473308713889,0.038514534615473335,170.81108368831,174.00819032708117,0.0882695863558678,NORMAL
48.32321615590491,1.3774232309138916,1.1831758846992309,126.38952233816732,120.38694715102577,0.6912460607625142,PRE_FALL
76.51293711669173,2.7967946247765987,2.927198622361982,70.10085816895202,96.74760414035156,0.7700505181552239,FALL
11.460515734802755,0.9534879043896245,0.5378668033915233,155.83141903157076,160.77758500116883,0.3460625580292278,LOSS_OF_BALANCE
17.037340053310004,1.0034463762805121,0.5375037537637145,161.45546999394833,163.60090601594135,0.18350204330301495,LOSS_OF_BALANCE
51.56606382342213,1.6558029011011843,1.9473511270920107,135.4716175493985,134.9764265933696,0.5472429449055269,PRE_FALL
7.214030805589324,0.2963533311328358,0.09779169429629951,167.9812709331982,175.1527881881266,0.032568495892035386,NORMAL
44.970964530309885,1.6925102674239914,1.8382189530297328,131.22938776158867,123.05363684935905,0.6110369162500432,PRE_FALL
12.929833105703194,0.6153728711070477,0.9122298628104686,149.70013627658503,166.8786002628152,0.11565675617078301,LOSS_OF_BALANCE
89.58214491289259,2.7375261616068944,3.0775411736933345,81.00408969678283,106.65742377536277,0.87293132248079,FALL
74.65362981119219,3.3731125638088955,2.7760479407797547,100.41700477892451,108.62896162152009,0.7109943789386965,FALL
27.759898056268046,0.7737183579236528,0.592106000048567,169.81831124639075,149.27969892112299,0.11232999320220238,LOSS_OF_BALANCE
45.09398671311076,1.3691487999888095,1.3714283804022949,129.2583326941061,112.8543561366316,0.5765623782889349,PRE_FALL
11.827183923588759,0.6330099166433221,0.881484666036269,141.91006807375123,167.09400761109939,0.25676731013378695,LOSS_OF_BALANCE
3.8414983350160603,0.30768872208198433,0.07448108411435597,177.97961252581075,167.3954949319524,0.032743582080119495,NORMAL
39.40424022359778,1.9992779418526254,1.190285051078436,130.55301942653472,111.49448192998962,0.5058684894660094,PRE_FALL
41.49494139117029,1.7603409671425891,1.9298615541530524,112.94394347788004,127.92507460822438,0.5181149170444551,PRE_FALL
12.102713881960565,0.7260013282520482,0.7813192382974725,153.0704738705623,145.10574357688802,0.1573479079993991,LOSS_OF_BALANCE
77.33131514894666,3.1133055584558247,3.9139861897350174,83.09487539415991,104.15017677824855,0.8287192909826593,FALL
73.7080720129996,3.2828904706061772,3.0894045471325713,86.87296837471976,100.62837292258648,0.8134630950015617,FALL
18.297527406104013,0.6102378859629288,0.4206939922440516,168.0887476023882,168.95900565789205,0.3225900012465215,LOSS_OF_BALANCE
72.22335536326511,2.372295766994918,3.4062460177979488,93.04872076986042,106.913963557117,0.8089906250657644,FALL
31.320556870338475,1.5924066832676231,1.8379014298714724,114.88993501738051,137.65098469494114,0.6096326559102149,PRE_FALL
65.3269093477604,2.5754725036975348,3.9196320683402446,84.83705246867959,83.30062495551125,0.9541187965862505,FALL
52.44972947062871,1.61942559652968,1.2038398788377966,113.86457700912453,120.05234777871091,0.4850338517412426,PRE_FALL
0.6141776315346392,0.23658026597701415,0.05072377228631076,165.7742982718706,179.85547244084103,0.08088957796795672,NORMAL
27.684478270240305,1.075949409090953,0.3786860700270116,145.08677184375406,143.30406961393112,0.13052087639972526,LOSS_OF_BALANCE
1.2693060748112484,0.3905619899684938,0.0806293459227737,178.29622139610984,176.57145435734438,0.0029356251172803494,NORMAL
60.65101195193369,2.0668922760967945,2.0204591254160897,98.59473643373431,74.13130955846451,0.9879491586440905,FALL
14.597210911384423,0.5251035737184678,0.4821567745096122,161.1788858772366,153.09289599568189,0.3985605230074567,LOSS_OF_BALANCE
48.70788270505916,1.2407085669005498,1.2171781386262412,129.30925757547737,115.48517713761181,0.5152871503020569,PRE_FALL
57.136756897807516,1.8653132412239732,1.6486974822460425,130.7337513248143,115.6956912446858,0.47063974791377894,PRE_FALL
17.272875664468966,1.1825452783458106,0.9075011509234803,155.40392127700613,163.40063178543855,0.15638604179465618,LOSS_OF_BALANCE
19.21818772819158,1.1043579652587407,0.6976345834160735,167.04229535635693,147.9985665575569,0.30878754288636123,LOSS_OF_BALANCE
88.44055794439012,3.240741864130368,2.718180590634735,91.60199593030083,74.47787028022556,0.7111166144864557,FALL
6.844641333814728,0.41926823827355586,0.29203337406761076,166.95982994322623,178.80596978457154,0.011293747937376742,NORMAL
69.80001053918583,2.2563520273372633,3.6713885350172184,109.4634068105814,76.56105589821088,0.7418622977163929,FALL
68.85705287989373,2.9928859166478334,3.31549936745471,81.93026368686743,96.30517777112283,0.81218049797777,FALL
19.155066408755285,0.9657813090103273,0.8389494797219881,157.23315244734806,150.6393593311109,0.36409352209025136,LOSS_OF_BALANCE
32.86747978273257,1.8001538583538261,1.6236069971446314,112.8457683959845,127.18291670973692,0.5807799329618302,PRE_FALL
7.189802411300433,0.2731766373609823,0.29693271836300494,166.53624658316247,177.4510607481381,0.07513454947436722,NORMAL
7.029875580937172,0.22701566320352162,0.20621547602137283,178.85866566723823,176.81742039970098,0.06250580071642219,NORMAL
8.949259168211244,0.4229668530779328,0.07518159269459972,174.5258563708162,173.26262123224708,0.012517029512690271,NORMAL
84.66974206851921,2.943802217607117,3.9581630868039652,104.62610877226527,73.15443071480856,0.7599076472537579,FALL
59.0826634600706,1.8131871407414923,1.9921229784446433,115.68022459822485,121.97354156979839,0.5566260125083132,PRE_FALL
18.54270866295443,0.6031635571071277,0.7587552182435419,146.7765317682231,166.36970311800036,0.21542314220987177,LOSS_OF_BALANCE
27.49300394048025,0.6226476954707371,0.9559986211281624,167.64157053823442,149.6817260532044,0.18789457469764237,LOSS_OF_BALANCE
0.7922577127072128,0.12796196421852235,0.25048892978471426,173.23206368165754,175.90852177987398,0.05277715058867243,NORMAL
67.53942634488384,2.7356150087888604,2.2412289311807427,77.91861936007876,83.55392004177011,0.7680055097646676,FALL
73.44710568802984,2.4608844697763583,2.943231854294554,100.58743070546433,95.54514295304534,0.8069866026320545,FALL
14.529300314575476,0.934154518616636,0.8010763226687281,151.75724269290689,143.0391281589616,0.3201773118020639,LOSS_OF_BALANCE
16.65725081131825,0.6643890077594867,0.935758576154792,169.90218310200598,168.17965820523906,0.3901629532923889,LOSS_OF_BALANCE
9.961213802400968,0.2645571725495685,0.29132351328408546,177.91169553351747,165.1722153291423,0.07207218193601947,NORMAL
35.037589806228226,1.9198134037361747,1.175907207864367,136.1265477686532,139.83685596368107,0.4804967319619784,PRE_FALL
7.341997548045468,0.43038868287716264,0.29261223837446404,166.96149227328578,170.55810297075436,0.05616512157483692,NORMAL
11.700118201854504,0.6003572931615115,0.5804370014855711,157.71671696996037,143.05166469695394,0.37758709466254925,LOSS_OF_BALANCE
63.750648429953166,3.1756302666906118,2.320241951253627,73.46162164848056,98.01172812223524,0.7963456529605166,FALL
37.335635302070905,1.662084125612372,1.8945216502261426,117.11152774249858,129.45804478890722,0.492418424636375,PRE_FALL
19.294718646454143,0.7232341681601777,0.3794754053898528,160.90905742304534,161.14456403137547,0.3321045343924421,LOSS_OF_BALANCE
82.86316790704598,2.9407812735878665,2.3352965325860238,103.0709691494489,78.40391531751392,0.7790723634149745,FALL
66.34084119276558,3.329472536284115,3.690536488339158,100.48356244867185,85.92547654520001,0.821843330167756,FALL
11.947981241634507,0.7034038468883215,0.6370275302485751,149.93922789342272,141.82594309481442,0.3221418818487618,LOSS_OF_BALANCE
8.276210076057508,0.2306735819819815,0.12673865473513243,174.1970141886584,165.81820000223289,0.051696965026613806,NORMAL
71.8853788214344,2.562764723774281,3.0844644122189555,88.05489058591166,96.07300787062015,0.9568417288766862,FALL
5.917701254708113,0.0755678067324893,0.13399595030345055,177.1176103698536,168.91878881855246,0.07007748725726894,NORMAL
77.98181894415933,2.0360402564960487,3.97074334875452,106.68907535651519,81.19726943023778,0.9145576860769319,FALL
4.26764006260958,0.33255393153015445,0.11229030703066105,167.28958387153085,178.84477553601576,0.006713330813664775,NORMAL
16.686050719098386,0.6752866295949183,0.3754884573184219,147.15077637705267,150.22405903768185,0.11632985805340212,LOSS_OF_BALANCE
54.10278256276071,1.4108458723504227,1.370228501889963,141.5018500938468,142.7922760189675,0.4960464169242288,PRE_FALL
5.521245975330635,0.006482618837319154,0.07540233851169172,174.30842543417774,176.71387339313827,0.08701180923213352,NORMAL
65.22927948019293,2.272303195860496,2.7576648735308176,108.9143002381157,101.86428285082496,0.7474971590412937,FALL
87.26043415584137,3.4219745464714384,3.3146085712480686,76.17279725908867,106.59252605951934,0.8809607426623826,FALL
0.2527214125447208,0.07266335581639777,0.20107625363008255,167.99853625897074,176.2527752800508,0.016093539434323,NORMAL
10.557824505913159,1.0576190894689623,0.7147525212249393,147.24019337420813,163.22473361431258,0.31795277391987864,LOSS_OF_BALANCE
42.11144216812392,1.2503742192218057,1.9571541315675423,113.74917032899634,141.457148417074,0.47562963025952165,PRE_FALL
87.36448031687974,3.4971673238180645,2.0339771287524506,101.02126009267008,103.45989594408196,0.9461746710612297,FALL
25.490525910844955,1.099869312387626,0.9315167791440186,157.8723062167365,143.38283202125223,0.30573524725282697,LOSS_OF_BALANCE
82.82851358645934,2.143410395046714,3.311572987774566,81.51644839928477,92.22680700123024,0.939960234137175,FALL
69.42046096854335,3.127056398085164,3.227190114099706,109.0971131356754,80.40710852412428,0.8323860463007746,FALL
69.41880590778766,2.3037875696273344,3.0496626358835983,109.55331677751039,105.14110739973033,0.8633938197958176,FALL
79.78374462023964,2.1413965203030916,3.810843076955926,98.0159632807904,83.40604351745786,0.7129943059381898,FALL
43.971047493612225,1.3400183139616675,1.0132690636572292,141.40928396240756,132.98135095987735,0.6878286647115641,PRE_FALL
23.459719030568188,0.678984817728823,0.3225865569896172,165.56875033035425,169.0317082580794,0.28941521902353734,LOSS_OF_BALANCE
61.36771421704991,2.8450276316571452,3.5942848725818894,80.61208787221041,99.13481594982038,0.9865040229361328,FALL
5.557683234056182,0.359204137648163,0.046439047582219235,169.45061738241847,179.5306404745374,0.057918029081625626,NORMAL
36.992272409100615,1.2399989051638791,1.0794119565703046,121.21417330124088,128.52667183982098,0.5428132328783368,PRE_FALL
34.50384235299899,1.429370369765621,1.128807410725317,139.39969836781424,130.6990424676082,0.6101877082441891,PRE_FALL
39.263021618801794,1.292230508343088,1.0916955145445857,136.94871878905664,121.50854848926392,0.45651282973038526,PRE_FALL
5.516469339264275,0.30597418131026044,0.025864644495579812,169.63936076292694,179.99392565901582,0.07188696598907195,NORMAL
21.90366723197664,0.6069590962454414,0.8086537645979934,147.71875166456033,153.90953704100414,0.23608093176013029,LOSS_OF_BALANCE
11.986672660973559,0.6177091948669121,0.40082397705218376,147.66663575954095,142.68885690440848,0.1920382655087815,LOSS_OF_BALANCE
15.267522449122302,0.8882051452842898,0.9510876158543093,162.28561977319316,143.7919385439438,0.11022270061193083,LOSS_OF_BALANCE
2.5864795899117565,0.19401630182238538,0.18906517938773634,171.49537551958906,165.25336452456213,0.06732987323277127,NORMAL
25.887807603549064,0.985662333914143,0.8185006377858925,151.92481484152955,160.54082837681543,0.361076715991246,LOSS_OF_BALANCE
13.787917457604195,0.8330849845099981,0.9278049961705865,143.60849529316746,168.08545429971653,0.15392302042777112,LOSS_OF_BALANCE
23.56416497899778,0.6908755824233274,0.5850279543175954,140.56156846479712,152.42974519518305,0.1389300829353228,LOSS_OF_BALANCE
65.5781217717532,2.5200760341046813,3.7544414865328397,74.05047964448656,81.60709269228558,0.817866215012637,FALL
70.40559406314941,2.03809902095017,3.0496526054082844,103.36975532888893,100.88011418127724,0.8422796104848715,FALL
28.360689659046187,0.5273841711593635,0.7513429664924041,142.0836234397948,142.85359453332057,0.3407539846340095,LOSS_OF_BALANCE
35.611441623110245,1.4571243569629564,1.9919804128089216,115.68482517312005,132.23539236382703,0.5776924609319556,PRE_FALL
86.35410802415858,2.3846108231257355,2.8281876869362543,88.69415316920686,97.17746373320792,0.8163098337240927,FALL
3.1638345764870888,0.357834228055018,0.23368235323014436,172.3137126862216,174.46549158394043,0.017682426656346072,NORMAL
26.97190183429276,0.8073759226407533,0.591024887103241,163.07099491505048,147.3594819385141,0.3427435647107586,LOSS_OF_BALANCE
22.211330473299352,1.0261791220212468,0.9402102005041297,159.36731805579515,144.14239700882501,0.1563911647593556,LOSS_OF_BALANCE
5.256956548303001,0.384582275187349,0.24700181985251718,166.1062606936686,179.5856959727065,0.06423385893863813,NORMAL
27.813598619813096,1.0419225005657333,0.5713439901722777,146.26461923055564,158.3116169885271,0.12249948671016617,LOSS_OF_BALANCE
3.251854433186679,0.4973138779304618,0.15916705122939737,171.80573126363208,174.0814018730297,0.009917846167904198,NORMAL
60.81925490581598,2.6132864931270436,2.073336364375007,82.60148378473158,80.24378219835714,0.9215606024611519,FALL
8.10185936918698,0.05754263334939297,0.2547540024140729,174.71954875916572,175.15708999336326,0.016435409285070323,NORMAL
70.64579424760622,3.0476018052261127,2.8498285450911847,90.04928641137458,73.16636762020359,0.8598365407030713,FALL
15.383654414865909,1.0852062583168642,0.5051457162033666,147.3208698619942,147.29220028199387,0.3302930242809834,LOSS_OF_BALANCE
89.26190273362403,2.645935352856109,3.1941259606258394,83.4886592228772,91.42287821521573,0.8068093203539681,FALL
74.45126378728118,3.4154097467800626,2.348762155940685,85.63259325209647,81.14108509852166,0.7963861259376179,FALL
10.71200169572185,0.8553229857807719,0.7552358779697148,152.94546689337326,149.10255054716956,0.35495005073349883,LOSS_OF_BALANCE
86.79564879410103,2.1521439045380313,2.201688604905433,98.74404148699422,93.42895320173763,0.9803681095254125,FALL
79.85666386134173,2.96379944119987,3.9918595376855954,79.07074607212517,77.00201371314702,0.7271410704610838,FALL
11.149063612319864,0.8629721761325967,0.42027800179079505,165.7912204213021,152.3258370290187,0.14711063650904996,LOSS_OF_BALANCE
5.35885475715387,0.10413123509808492,0.20564799010392862,176.99303000228701,178.32044204277352,0.03535955404208081,NORMAL
28.1020699102734,0.8120882602266314,0.9192096527693343,145.5242008688898,154.0497919680958,0.23824110708133237,LOSS_OF_BALANCE
6.044295126967953,0.2128520854683536,0.05393921312926938,172.64122371645175,173.2807504557153,0.045004576731260654,NORMAL
56.14011938285764,1.255506305953397,1.2457761213307086,128.49948108250817,129.48985960810205,0.44300903502208744,PRE_FALL
14.966858889180068,0.5585168822658028,0.39984492404027927,158.82153129569528,140.40490712055572,0.38990822883560405,LOSS_OF_BALANCE
42.15306854415128,1.399012528150879,1.2906788132969482,118.08134170830654,131.0152472609324,0.5409139073505739,PRE_FALL
14.062818777834998,1.1592641708516762,0.6998156137656553,161.9626825552042,155.6268168522817,0.34931134459491686,LOSS_OF_BALANCE
71.56928235925106,2.9759639282910015,2.8449838721084246,95.16598663429966,84.80936283633761,0.8746003519752208,FALL
73.65776860864155,2.443993445940598,3.2145113141745325,98.93717666901989,85.1051066887424,0.9564083216366068,FALL
2.498064478821005,0.4616327996380064,0.13293922351603707,177.92023657142747,173.25487968674773,0.005058832952488124,NORMAL
20.387595684009458,0.6758675540274159,0.6240161161678432,168.08607496250656,167.81238781215941,0.3160390771840212,LOSS_OF_BALANCE
17.798794224671155,0.7240290246883212,0.5889759683989563,149.7265337239059,151.26539474909995,0.3483224195975844,LOSS_OF_BALANCE
33.87266279634921,1.7530175577004974,1.115143529030839,126.7558018614272,111.51731049092528,0.4980470448017685,PRE_FALL
39.64921259199819,1.7290591242849702,1.3662106417873976,138.75523746727592,137.47989677033485,0.5125976586258404,PRE_FALL
4.405748327776676,0.24586089320265492,0.27857588946968864,174.154528274309,167.67663255097156,0.049205729446135806,NORMAL
18.935594807302245,0.5856613164040043,0.6693122496334196,157.33654167009743,159.838069265359,0.39290483582140867,LOSS_OF_BALANCE
45.71601821283277,1.216320609326966,1.6061594267256623,144.37035429849843,112.07011702578406,0.5119440945137076,PRE_FALL
21.454663358119895,1.0339510125106837,0.48250339247042007,155.93082438796236,148.74258153652477,0.10655554266378482,LOSS_OF_BALANCE
59.37484488966557,1.4916574719427735,1.7607102411134554,113.1490375455369,142.05474712369127,0.42771303418751794,PRE_FALL
8.351198266345559,0.4418410827462808,0.011324247707268375,170.05146557946424,176.49461406670864,0.013104904142950803,NORMAL
84.65725930002726,2.22601294183912,2.7815784719120025,84.74557807920311,108.13364113032083,0.8197761324059961,FALL
14.39159529137431,0.5371964397023686,0.32498157026366403,147.98534733923535,141.97542157742345,0.1303095972734529,LOSS_OF_BALANCE
80.6427777580713,2.577916078949752,3.5164989014532635,81.26989683884726,80.18889841880146,0.8521399707899401,FALL
69.67954569078877,3.35130254907894,3.46490979864625,97.375352831652,86.25408141347266,0.78333491607877,FALL
1.0190130544597653,0.386240442475612,0.2550879717266389,174.00617422225267,166.81582597600973,0.09838443515146714,NORMAL
83.48430004825411,3.040606748442663,3.6440520843920243,73.01378740844382,98.98716734015261,0.7334938133082209,FALL
2.6488016649805246,0.12331375384699172,0.16841044024894522,168.94112412784403,173.7687898533531,0.08978228836024771,NORMAL
33.57994905355105,1.8281265558551052,1.2636706475015096,139.47514004102075,135.96559177296183,0.6463533884493389,PRE_FALL
63.11188468347267,2.0156328861637367,2.5658515479913637,96.1781122417382,93.61259480205678,0.8973083266981795,FALL
10.400567465293676,1.1582486351474282,0.3717645112503284,151.93812224075424,154.546998376165,0.1470836519071975,LOSS_OF_BALANCE
50.17973827235234,1.9115432649523656,1.6757106970419628,124.27390223452083,143.64852454595191,0.42593366787318565,PRE_FALL
27.308637913471273,0.6253141626696672,0.6412532561211051,151.7542359156389,169.53168626465174,0.2977750932701894,LOSS_OF_BALANCE
56.544405506773984,1.2712215090977523,1.8162157401539853,123.49799227840023,122.16455563852239,0.6071878634183281,PRE_FALL
15.76957642126156,1.1423851458847545,0.992163901957267,162.60406414556192,167.73547557704327,0.2999300836294041,LOSS_OF_BALANCE
60.21968415421194,3.136942874038575,2.1325695070576707,72.26388415911082,97.6056511684501,0.9068401141276177,FALL
2.8821779536145575,0.4725967697816053,0.24406981042139178,173.25144913457675,171.82238862902594,0.03145171571701679,NORMAL
5.815555853323672,0.23663024437976238,0.15927657934373032,171.3825571905782,176.18903155070416,0.033079129719593016,NORMAL
27.679340643826887,0.7225768825755645,0.8960879487280504,154.46391136963223,150.0531565437426,0.2825599966468735,LOSS_OF_BALANCE
78.37021655597664,2.502282634630967,3.165295671789849,76.31802905778848,77.30830803095328,0.9055927301317565,FALL
15.387663726318417,1.1529904818832784,0.6303871717604322,165.68712610776106,149.10854362788598,0.1434959582378694,LOSS_OF_BALANCE
58.92529613917028,1.2453705019436228,1.6847628285373102,124.34734588959557,128.69958181389543,0.5855758675645645,PRE_FALL
23.77101312283901,0.8062455702116718,0.4982738538940611,158.61129468781536,167.7540679065621,0.3570991801453197,LOSS_OF_BALANCE
55.6286467537731,1.3474602864409964,1.4187339718379626,134.52094473035385,111.89673407967355,0.5189471154644132,PRE_FALL
36.954469056087014,1.2738167859372178,1.052146535907753,132.91176693445837,137.44920339818282,0.686151665151433,PRE_FALL
5.818904904939293,0.20256723377555702,0.17701089355221541,178.59455366097274,173.27390997789237,0.054346932391811854,NORMAL
59.41452172852054,1.3778091007050777,1.9627458494773196,133.72198182797226,132.1242004533619,0.4548655011640943,PRE_FALL
85.02289060480615,2.8446493872515046,2.7576472612462384,76.48606129811716,76.58168893126327,0.8356535190226899,FALL
66.26597332309645,2.7840779340860786,2.4351786819240475,93.48298361867154,100.8029861959019,0.9038173403242348,FALL
41.32275293824917,1.2004587130975872,1.460772704548337,137.95933184883356,133.71338949649817,0.5185050760589147,PRE_FALL
49.454572704023825,1.655212180022582,1.8666921936264171,132.07936069688714,110.58959216968006,0.4655253642694994,PRE_FALL
5.573402980935688,0.47430078208238075,0.0355161872151536,169.76396383786826,178.19457182424398,0.07270795332601915,NORMAL
18.647073976136202,0.9453380153712667,0.42936549707636473,164.55650301529434,159.72396088555794,0.151232647549022,LOSS_OF_BALANCE
41.5374494833215,1.9891944941789825,1.5517465584702619,132.46609745688116,115.06422589602957,0.48030273777524235,PRE_FALL
64.41487733537217,2.2713915125674404,2.420115781729123,86.09764806913708,103.49173400707183,0.8366324999823631,FALL
88.80394029179473,3.1824541841137184,3.8303971441496216,71.889731884191,78.51416261372694,0.9038971133788974,FALL
52.79895583168628,1.3949047858077441,1.373799820885246,129.8478772261468,115.12777743190274,0.5084037960795813,PRE_FALL
42.76754870746404,1.6690606744747982,1.5144924653799177,115.42512439912537,141.03536845558656,0.6071799746130044,PRE_FALL
23.902029888769395,0.8658663819547608,0.9902136653494686,150.5635137720791,156.14628460494959,0.1629518516836993,LOSS_OF_BALANCE
27.16590392622294,0.6948949659931549,0.9713397352278414,168.46697324533898,148.89489294359961,0.3702869859078868,LOSS_OF_BALANCE
6.50144093249875,0.39061652480544745,0.1955263965731668,176.3134980608929,179.24417599073985,0.019936068236253292,NORMAL
3.0708527133220853,0.39404521840379964,0.09939514109123294,168.90838853108556,169.41076682475514,0.08512138882114102,NORMAL
10.69015144131609,1.0691884871795028,0.7416668995811884,160.29276796316864,160.92414267339012,0.29360006112132436,LOSS_OF_BALANCE
3.380855621474553,0.29415435922861666,0.0690344197789731,168.3032607667734,166.0648962901355,0.0631102957270099,NORMAL
29.43076835199975,0.6158627540351559,0.8255094539858017,151.52451259549676,163.38116520425234,0.22025468783203894,LOSS_OF_BALANCE
69.48111288470245,3.1885028586342337,2.33333058152916,95.60038939558555,102.24814158514096,0.9627514839393931,FALL
35.07180475411176,1.8810022607607588,1.192023146997562,119.80860441454703,128.21510625369694,0.6747775167750814,PRE_FALL
17.812367780558276,0.7158269756346246,0.33669067933219476,140.13997198238926,163.1722908565541,0.330134271536182,LOSS_OF_BALANCE
0.42415916009097776,0.49791818576202407,0.1556107957762535,170.93416794953836,176.02755122325402,0.055770094981340945,NORMAL
11.35905636436381,1.1100313351340896,0.9776803724590561,142.2433136853033,157.26067622931265,0.3559585649917121,LOSS_OF_BALANCE
77.33661915442799,2.4328375966306326,3.7105589105611285,90.1355686980362,78.8156259130195,0.703065669465276,FALL
41.890170747162756,1.5793365091392784,1.2866057344838127,141.675104367313,139.48960587288784,0.5036021135499297,PRE_FALL
9.653278401300332,0.19165821002673034,0.011317595542481395,167.99121376842174,170.59652108141057,0.0014077118724632133,NORMAL
8.53804069963399,0.18481498355460396,0.11184934529406754,169.26975548396857,170.2703255014217,0.09775236282168033,NORMAL
14.430415294042891,0.5138471687651776,0.49679413867285876,167.6419606899912,150.73463056791834,0.12698995578947847,LOSS_OF_BALANCE
6.229449626775515,0.257030330979732,0.06197321387200513,170.25477206886177,169.7772736777796,0.01415568287914828,NORMAL
56.408717020834175,1.945634540775447,1.1745812893982532,113.94053684930007,135.36831604851855,0.5365733732352966,PRE_FALL
21.96464131915062,1.023769288263448,0.3318583101313761,147.60970648479656,158.58973630836704,0.19075220669252546,LOSS_OF_BALANCE
2.9770893510289365,0.49965633463945386,0.1349197028491241,170.2286546523347,177.25092877674658,0.0439069903383333,NORMAL
21.77234947831178,0.6589881203259962,0.8232329825073357,166.65006014877596,163.7954252666721,0.27041458348731634,LOSS_OF_BALANCE
51.92870196020907,1.630001452586946,1.625960674789901,143.76037672267728,142.47311803066748,0.552465249666279,PRE_FALL
9.339418546983879,0.07707514925902414,0.14878448267153194,179.90378362085087,176.55551683714617,0.02379474391092903,NORMAL
28.259644059783678,0.8585831683980827,0.3113408885598198,153.11620749436045,140.96252053077257,0.2512634676838239,LOSS_OF_BALANCE
86.09672164156521,3.34165801575399,3.2224262063927975,98.96644701134349,84.24397929019041,0.838547586949059,FALL
53.56551399149663,1.7924480549190298,1.5567523733779076,125.22178046477511,127.41262066637061,0.41500070391641813,PRE_FALL
8.763676264726689,0.15733894039923896,0.19663159958846402,170.93447851590997,178.71821384610814,0.045885185258739886,NORMAL
4.607204414645122,0.29341325857498973,0.008205209259622159,166.74402452161385,166.0133139099188,0.06336617975581886,NORMAL
9.645746230947939,0.48436261087334775,0.08743444547401596,175.42436651508166,172.36510969338153,0.05758792816249606,NORMAL
77.77095573803759,3.482654927278781,2.117404517613263,99.63119722523021,95.56378156805411,0.742948718439422,FALL
0.8928740458732076,0.004059626204858502,0.295926494547182,171.06296124096625,166.91333545586153,0.0294184662866671,NORMAL
9.704006110222279,0.08928390808623182,0.28876029472846665,168.98199543784452,166.62603820822068,0.04345637585646444,NORMAL
26.80025632389998,0.655299964123502,0.31170346691514533,162.0023697043797,150.61809491937788,0.28028088982389354,LOSS_OF_BALANCE
33.6629253211413,1.7343987024686693,1.2783005668632463,112.91438354156216,137.61500096485804,0.5059720490345326,PRE_FALL
10.94098672259766,0.5126914169725084,0.9166342748892724,150.7113162451076,144.75816395313623,0.3483846065240987,LOSS_OF_BALANCE
68.13055859314241,2.0367521280762366,3.358896290131916,90.61255586993138,97.4679411780306,0.8870596422314782,FALL
60.857320516579364,2.6325651906919547,2.6701649957760365,109.71227090095404,74.39754735062937,0.7115354649944247,FALL
77.25413912371002,2.9687144709953204,2.7689416513901977,102.76680206869977,74.66300235922046,0.9672075097008219,FALL
13.06992954621583,0.7506608927589518,0.45167070329255304,141.03334536239976,160.25132392323735,0.16484994987113358,LOSS_OF_BALANCE
41.6364204451297,1.3514401289540794,1.9449407178929143,135.38603350995453,141.88219768543388,0.5861025910177275,PRE_FALL
85.20566080901882,2.964869820422866,2.118994468769195,89.3088474019131,94.64502552436781,0.7296372047545421,FALL
84.77713971665105,3.310021487092202,3.938649252402664,77.45158837585184,75.10865163680852,0.7399720788345057,FALL
87.93371148789484,3.0633053631378035,2.327451662647719,98.1708696737839,91.61210316254227,0.8228796251048992,FALL
87.31814895628624,2.343040726028341,2.0015872463686772,88.75287942738184,79.64801340004863,0.7700275444971875,FALL
9.0325600471339,0.3180664100119448,5.530213656509408e-05,167.20088031078294,167.23824647661013,0.05312558210753147,NORMAL
28.40311630202511,0.6114866098121138,0.6235485628652004,168.87422078918866,140.2064994160701,0.10969677049373892,LOSS_OF_BALANCE
60.188218348056985,3.3482809357456755,3.076452531257967,74.0180462170543,96.16756761468012,0.7799203118250421,FALL
25.509913287404878,0.6031863438238697,0.516072090136488,150.2870094681674,151.06489985516765,0.10242455270367992,LOSS_OF_BALANCE
22.211450876244285,1.047509380436474,0.9631684457608134,164.70830684061488,141.2590831161974,0.1316233251252315,LOSS_OF_BALANCE
29.43530417898383,0.5421868499274017,0.30918967477492443,146.48406404289983,164.55534332656717,0.15637522895852976,LOSS_OF_BALANCE
4.353932455325072,0.4986346133893878,0.18816786366971935,177.51162178014008,168.86829539981665,0.09108044857315943,NORMAL
15.821631386461569,0.6013760175320241,0.4526955311227657,162.45147552989164,162.0595668966855,0.10273975438377062,LOSS_OF_BALANCE
21.557072315976384,0.5902093250868782,0.7453914439178122,169.32066903891698,145.21151812444307,0.37125141170201814,LOSS_OF_BALANCE
23.360253700049874,0.7396625163725653,0.6633510454297389,141.89353312148623,150.96266733702598,0.29268780803400424,LOSS_OF_BALANCE
3.144993983942271,0.015814107922827503,0.12416087035864093,172.45581651595035,168.56463369409556,0.045190632961286205,NORMAL
13.542241749059887,0.706452641498654,0.7882907122948678,147.93635430017383,154.69656982015516,0.27360884926530693,LOSS_OF_BALANCE
25.658582750852716,0.8178537343595104,0.5297355682512324,145.7744395229235,143.08068961179745,0.2785525323002772,LOSS_OF_BALANCE
66.4953909287682,2.730013970114851,2.6137912419244667,79.1308365851868,70.63782983312508,0.7557137188807143,FALL
37.7994666600363,1.7147712217335411,1.6999427267528433,113.36420664470302,131.22692557299672,0.606709608324685,PRE_FALL
86.83947361220235,3.2351771460308685,2.776790381561214,70.17647280703268,107.10974574376529,0.7652756851858458,FALL
1.5874620798154138,0.18642599105066354,0.08486807358432537,171.1315409587098,170.07550720262128,0.05978858623829895,NORMAL
9.03928571559893,0.27279514460276116,0.250378505965805,173.7376434973469,167.22140678351224,0.012744551928213877,NORMAL
76.23053350138197,2.448362868464852,3.32148230817137,77.12780318690068,97.02227741975673,0.9972027258191789,FALL
67.02998446289683,3.4435597440422034,3.3017791305113526,88.74892338081395,106.64196097309588,0.8603423873373408,FALL
28.913940367427507,0.8413063086909212,0.5234452838104742,169.23063170378236,154.11518987174063,0.14893926198511234,LOSS_OF_BALANCE
28.809908403708317,0.8297638983716024,0.5890729229789081,165.2349039910858,161.52158053719236,0.3630283681717803,LOSS_OF_BALANCE
0.46437457501178114,0.49029489103155116,0.09722133301919328,175.55604379271432,172.82059356200327,0.08296471556536504,NORMAL
25.81293754470284,0.8188086908509763,0.7954278149038956,155.7521960717815,149.10230514089952,0.1661008983024143,LOSS_OF_BALANCE
6.857994927340121,0.3723344205826626,0.014713275232799982,174.09609739614712,172.45090929785806,0.09041552908937255,NORMAL
3.0194583969161473,0.3614412642004987,0.003430720258250397,174.80525050605297,175.3915288563411,0.006212433180053612,NORMAL
68.9746537032404,2.7641591352263393,3.967339471193563,92.92147616203667,89.93061442381733,0.8917474857419896,FALL
54.216145038809174,1.4493322785796672,1.2914309435172,122.2168907441655,116.31458659212083,0.5555466543899148,PRE_FALL
43.068702758682825,1.8520486678610308,1.1540459425316967,126.5610948893618,111.07084297897298,0.6812782064908298,PRE_FALL
7.478436409812495,0.14777102562103334,0.016370739304575888,178.46868840535484,179.32007267020728,0.04948877199432669,NORMAL
1.9905788155244997,0.25456125811259106,0.15002337107119315,165.67955028700612,167.0555456035128,0.033304070535276724,NORMAL
20.277329861196105,1.036509706375159,0.4282732481903028,142.8352595713949,162.57885519425628,0.2631137005745028,LOSS_OF_BALANCE
39.8142869606866,1.501478116829387,1.082878374313264,112.87332022846385,137.86680043347224,0.40254695896069614,PRE_FALL
81.80267068590919,3.110018954236368,3.2355518347729655,85.52818328407596,91.6710808262696,0.91991657764503,FALL
3.1911588640315722,0.23323628352031822,0.08024150233625472,168.71878323788317,166.45217478840857,0.029021200496990154,NORMAL
45.74701884711668,1.2877649907233655,1.4214601812805092,143.3720210453834,122.59655404988379,0.5807330408182894,PRE_FALL
27.853280402164177,0.7952250985614384,0.8293408424008182,149.53349884153778,149.60364226955556,0.15913697566761018,LOSS_OF_BALANCE
85.95093754499102,3.4948155802609144,2.3820178410160424,84.1725294859758,87.84364223875693,0.9401098008904719,FALL
8.179766593860826,0.24103317082376646,0.17017316565358057,179.02563281263426,170.38377489895817,0.06818357356103366,NORMAL
34.96720083660994,1.9251432654628053,1.278416661549184,120.57308586199372,115.0625596134096,0.43737079936924494,PRE_FALL
43.284368050870945,1.7416547762058991,1.9980395387711534,123.01894295943175,124.88095376284932,0.4517447515110004,PRE_FALL
54.35966970585022,1.2609117516712829,1.7304468610205332,142.18326125861583,111.871492580594,0.5586285663796109,PRE_FALL
31.08467765144706,1.8234463009118422,1.7286644410262801,129.82227014532813,112.35512133652388,0.6904388371556922,PRE_FALL
72.84082899692127,2.630371993084104,2.7425005371745623,107.04014897418628,103.67429433046178,0.8289099778914596,FALL
72.32186896287104,2.9298238992185617,2.022159269211168,86.6781152481303,72.90685831502032,0.836111470197054,FALL
69.16784109549447,2.2003478240650707,3.6736403357046745,70.03839970904,101.78449850924824,0.7532984090671329,FALL
1.6383263093540756,0.4765081008773488,0.15690160881852247,176.7448065231562,175.81148277140187,0.016696295419238085,NORMAL
15.060759078588163,0.9376892882589913,0.9797984860876696,164.6997712620556,165.89555965021913,0.37827245176764424,LOSS_OF_BALANCE
86.31661872646369,2.5603704614514564,3.728037871714717,81.65226867738798,96.21757002232657,0.8376866400783375,FALL
54.83302918342959,1.747558955143301,1.642040982898902,117.76429175989355,134.86161027346478,0.48563673801507723,PRE_FALL
8.603688174133925,0.1626006583282394,0.14284642219661206,179.6247231816014,173.10876242088426,0.027241442761231416,NORMAL
37.7928476632519,1.8753132264630574,1.6504868484310322,133.7549413549299,111.70133001308889,0.5491660256549616,PRE_FALL
0.20052357499524387,0.3901518321303217,0.23027181852355538,165.1334697910507,178.67273157078557,0.06473715541750241,NORMAL
54.37008501442441,1.7361555776968234,1.4477612086191933,115.18462498296915,111.0668718471761,0.6159377838109023,PRE_FALL
29.304549288703473,0.6237146674036311,0.9801232934813717,156.12166084140188,169.36287161737278,0.3334557978935918,LOSS_OF_BALANCE
17.921723590932267,1.108941362754578,0.6983715619908865,154.8203396433168,156.5535556213044,0.2979515263560746,LOSS_OF_BALANCE
26.189755405835843,0.9626361006494749,0.9588132289711289,169.31305538096044,169.93084742647494,0.3644991385200279,LOSS_OF_BALANCE
15.9347698245296,0.8580796913841352,0.8855383693478946,144.25505079356068,167.3650088662608,0.10720026096703517,LOSS_OF_BALANCE
36.17201475757314,1.8319560207929864,1.8303892637593453,116.40772417973402,132.66170671831975,0.5490867064334422,PRE_FALL
27.180240605296984,0.6464606362341496,0.7540362551928157,159.49219478110527,153.0736542140148,0.28781774533880355,LOSS_OF_BALANCE
21.728798249017714,0.9748102620334942,0.34012235228844834,155.2132360233032,165.05524789380652,0.35761066165851196,LOSS_OF_BALANCE
36.180895172131216,1.751511616208142,1.924312236088825,110.16585746149609,118.41355847631243,0.6440913243187478,PRE_FALL
53.67533760573059,1.4097046384920435,1.0143550769998981,137.66760403363966,120.87597288948422,0.5270772044327372,PRE_FALL
42.530422827500075,1.8499648195483447,1.918972857674762,112.76289683716568,113.88478291633815,0.4643796344015531,PRE_FALL
26.070763659145232,0.9610694988481273,0.42318965532634906,165.5756305252535,168.91360671575532,0.24575258966289557,LOSS_OF_BALANCE
29.007177613193843,0.6798006028318089,0.757026803641613,166.48776085956766,165.10559951789975,0.23003058500251186,LOSS_OF_BALANCE
57.2358004067395,1.720151670241128,1.8985218998049598,128.20729832983247,133.00407131312267,0.5683459872536634,PRE_FALL
31.643175648410416,1.6977742952089165,1.0229606702180405,129.526799109237,115.4250285694732,0.5920718411752208,PRE_FALL
12.086263548565734,0.8870347427155469,0.32244140787819303,160.67073649243204,154.658399677315,0.1560076315678628,LOSS_OF_BALANCE
51.55182968294469,1.2446692314911196,1.5665712461817953,117.70037511752912,136.96119614710227,0.46780164190586615,PRE_FALL
88.40502663189402,3.477566304961189,2.288036551686693,79.72061908038492,87.788295044037,0.9193409768063521,FALL
54.74607128976521,1.88849138964573,1.4387959987125403,116.53781536956514,116.10156979713558,0.42096474281420465,PRE_FALL
23.537447513095543,1.1069438998687062,0.9968741851236407,165.86506911784014,142.11096840717855,0.22512688329273794,LOSS_OF_BALANCE
7.895555851509545,0.19061824809952754,0.17671442584236194,176.12091063423367,176.42308840571238,0.06967076031574668,NORMAL
27.310310214596576,0.5624318153735878,0.8966420832705193,144.88822051625763,163.38477635437167,0.18548076669983865,LOSS_OF_BALANCE
9.73723584315309,0.24810161326851132,0.1492570177480882,178.86465699940445,172.78913780302412,0.08011480874017739,NORMAL
18.797247063112067,0.706415731520272,0.8206132163378526,160.85247549307786,144.3957842009029,0.1876998637448571,LOSS_OF_BALANCE
12.486128256752364,0.8979087528775895,0.52469257403314,147.9355263369365,145.3635318824221,0.23881728056952362,LOSS_OF_BALANCE
22.686110824993506,0.8856144625269717,0.8717929207498536,146.6191711256496,148.06380507437555,0.2744991398523763,LOSS_OF_BALANCE
89.30294994129616,3.165181888772536,3.8424339737412505,109.15987813963127,71.35820914776176,0.9963212114363309,FALL
22.099224111403124,0.5139439416318758,0.8055601046590684,164.07238633465502,142.70758132199202,0.3114191561936321,LOSS_OF_BALANCE
60.860153990665324,2.227343973794047,3.923486394476015,95.37659595843579,108.76977680111634,0.9247303866510916,FALL
16.053133172934523,0.5875626429511589,0.30971314261526955,143.35737507402186,140.47655739546548,0.3911561090980942,LOSS_OF_BALANCE
4.537237063292064,0.47690796376054007,0.2627558821134582,168.95083576126638,172.50879169575447,0.017865188053013136,NORMAL
6.159968375942019,0.3678338770726613,0.07387375215213392,166.07465970511626,176.65157848187525,0.03234116411562112,NORMAL
28.636180998570822,0.8500329056275451,0.5794537613768237,141.69944596572404,160.92553724910505,0.13326234128200826,LOSS_OF_BALANCE
23.454128082623484,0.7892141229588796,0.9266877240504543,161.09899025164023,162.87395724493066,0.2614394361104416,LOSS_OF_BALANCE
11.58134158615433,1.0553241786041054,0.8091531131568941,149.8134714715318,155.21180518016305,0.18283240896492614,LOSS_OF_BALANCE
49.27582145531568,1.359290462136093,1.04196462807342,125.8518296598108,110.13026092188713,0.5066264383877546,PRE_FALL
18.079879916459472,0.5237949794766439,0.4685987947706234,154.65877681285656,160.63952317747967,0.38636660912443777,LOSS_OF_BALANCE
19.898585037180062,1.0146530394956272,0.5498708198096462,167.453025920412,146.60861867149364,0.31394015767287964,LOSS_OF_BALANCE
31.167533787786642,1.543413540409831,1.1937561377010195,129.17837912340482,144.6404252955405,0.6989367617324834,PRE_FALL
68.22208430024665,2.4777528809511447,3.3355595894611927,90.34783769534687,106.71238166053348,0.7755623550335209,FALL
88.33489432170087,3.3231750668642825,2.476393217141874,71.30297728761816,80.36192254490074,0.8717266952556441,FALL
75.75813714027795,3.3341869854343074,2.0181855827524577,96.90671398737175,83.25597698088833,0.7963246364787616,FALL
53.60886768967488,1.2686000467626217,1.008668682874529,140.17872441881323,111.84634470643701,0.655780277602256,PRE_FALL
28.213075604122867,0.7320514789922289,0.4509305684794918,162.00003048376078,168.20041388578136,0.1108224917474731,LOSS_OF_BALANCE
7.532909188188649,0.09555171536695545,0.10709225281060902,176.71262350467637,177.98697415617087,0.03319246863813446,NORMAL
0.32901780153471893,0.46438318062732964,0.09434540796799529,179.4220378481401,173.80554156126732,0.07522544698468651,NORMAL
58.68224875694864,1.8516584687022235,1.8874511033183876,120.28692905954793,129.95373736304109,0.4246634803500092,PRE_FALL
7.285450606527043,0.15683865709749562,0.18186265599184298,172.67134589504218,170.7779315001709,0.057658804349659955,NORMAL
43.94605165583958,1.2728197984381004,1.5814025187145733,137.88106299421278,114.43726306057783,0.4161376585731011,PRE_FALL
12.173899857605882,0.807000448252229,0.8875502229299372,144.8550290181952,150.6121333123202,0.23018804640876553,LOSS_OF_BALANCE
5.572867581992731,0.06704637552953902,0.07285755482687573,168.05005099590082,174.70058777321918,0.09222261045112223,NORMAL
38.441963538016495,1.7200754162380245,1.9011200003850437,121.98366132512861,119.13716490083937,0.6592165518371725,PRE_FALL
57.42315617599364,1.6870083664172748,1.2309452364078872,121.03128417743798,130.68127827943476,0.5347814014510076,PRE_FALL
18.47967247322694,0.8560776535623444,0.8115581564269949,154.38967842559632,155.45034461135904,0.39938632773632,LOSS_OF_BALANCE
49.778216484834,1.3705669218870675,1.2346312861767306,115.91415852514781,132.39778208928462,0.6312573473483657,PRE_FALL
82.50360694618037,2.6415901896248895,3.7771111978282352,74.91500975120229,79.23704781275491,0.9756801969460243,FALL
76.01002353554551,2.976374776005333,3.3210657815191738,106.40918019542974,83.18177211759027,0.7864949924403091,FALL
71.51792344054259,2.892946337627701,3.7339284459978597,95.6366893925985,92.6542884716837,0.9705061132791715,FALL
17.429347083706347,1.1937140707829732,0.5122820578946687,154.5777662160943,163.73611103211402,0.14264194171978348,LOSS_OF_BALANCE
21.926267935034428,1.013717589543572,0.36596979669895147,155.097204575192,161.01413681107425,0.24302749873494525,LOSS_OF_BALANCE
10.732247014532764,1.0170762142341598,0.4740387024183836,142.5214057866451,142.8371772451821,0.3180362212910749,LOSS_OF_BALANCE
72.57828419179585,3.1083810525450857,2.7568073950362764,76.09441517218181,74.41851381981846,0.7260641947454476,FALL
62.99068008484145,3.381171050036831,2.7643151590043407,73.19349924442932,101.48817762152923,0.7296646122378394,FALL
72.55082579267473,3.3287333816219213,2.698579364161744,73.34859822444912,102.38084840911225,0.7401463680590173,FALL
9.816757109638335,0.39428091289343675,0.2270092569604167,177.08288064879878,171.58078347144897,0.019296529905015847,NORMAL
89.71738032341338,2.52441778475914,2.451511493609007,73.44643973039666,93.02394949251268,0.8989722710386037,FALL
37.91730447063457,1.5390784899573602,1.6591111286606846,136.89099186254202,141.16926385120502,0.4417833018353084,PRE_FALL
13.876842248536237,1.168370084944701,0.7471136270132075,168.96359181566325,166.31432107692027,0.30364045771565235,LOSS_OF_BALANCE
88.77789885926016,2.2294859575419235,3.6094353445443303,73.58682323891912,96.50656699308124,0.8461886646706331,FALL
84.13393985671482,3.491398098947446,2.8425584613474957,96.90071341435758,105.29452629821378,0.784183309829213,FALL
14.836450443403306,0.899164750038355,0.36937397922359816,157.34401034487277,140.4195293476072,0.16509942274349548,LOSS_OF_BALANCE
65.22326705141184,2.4522223008306745,2.009534847241526,71.2763894420584,73.2006604833511,0.9128314125374385,FALL
28.510012790357678,0.5524157208150073,0.6826053159930352,150.28693906250814,161.76051977445152,0.3968933845184476,LOSS_OF_BALANCE
57.29582469660781,1.7782315194861646,1.686395454153732,129.79401870300038,125.18071974608719,0.6318407664717687,PRE_FALL
86.39111472214479,2.0862983142323532,3.560151492556032,100.05427378369696,85.71287194283512,0.9723020565686356,FALL
70.91936030531392,3.468837692674439,3.9099823357667045,95.95110938628963,100.67375011981358,0.967836410809539,FALL
8.204531801304974,0.09094207593504983,0.1978946250173559,168.96781047817936,175.86280197116633,0.034267127456033185,NORMAL
19.608508610676488,0.8939958641281217,0.6110283387513864,144.8943332524713,149.95268959080616,0.14635399709003163,LOSS_OF_BALANCE
1.3712929474354563,0.38673024182531207,0.2259473402973204,166.99719346779318,179.89410232869577,0.014285306683489386,NORMAL
28.83689959010119,1.1641541235582973,0.5434855792413822,144.81672008077908,155.0190324591403,0.3185662268391768,LOSS_OF_BALANCE
50.69891136467338,1.9229212894999372,1.9761247270804676,133.23541814900238,115.13262016193173,0.5334711665594628,PRE_FALL
42.0428326429294,1.3813121637773553,1.985636023038814,132.15525640439162,121.89020597048447,0.62554461604512,PRE_FALL
7.980982406409714,0.1562498607227173,0.015832281642225242,170.15319256503506,176.677906998707,0.046886881034102115,NORMAL
4.7374415039519,0.22849427964143698,0.18187815672114124,172.7325859822088,169.9194877145479,0.0613068121064678,NORMAL
29.484947833160994,0.7872056628183459,0.7454918125296286,158.56627901439202,144.15716125287997,0.2859760884270696,LOSS_OF_BALANCE
51.88910370241085,1.7298508634672396,1.5422823237862502,144.12532672413894,130.93780104135192,0.6074219292046978,PRE_FALL
6.593271583922855,0.1382132919619568,0.05811569790395895,176.94919457464115,175.27865631622618,0.09685738378128735,NORMAL
8.969997731932951,0.4343844178122767,0.147241605481964,179.76592024016333,178.74010244508835,0.02802666231831871,NORMAL
15.192489614123613,0.8989323034795766,0.45957562265323215,155.69239878555362,163.46758125893652,0.15755546431467052,LOSS_OF_BALANCE
84.06441689868436,2.279732163032158,3.7263797078923524,74.73855456955226,86.0579431208842,0.7932866072907315,FALL
16.092045426948758,1.0153305235130647,0.6168314467628545,162.04445012303762,169.69379355290124,0.17720185368524907,LOSS_OF_BALANCE
53.27220344793739,1.845442126118371,1.905409963254866,137.03619340945176,111.53561365291239,0.4548033398913353,PRE_FALL
6.772890455050625,0.4570844581923089,0.23850513666973777,175.93986864923767,170.59695772350486,0.09494651035305128,NORMAL
69.02650436907973,2.057929046949332,2.2835267601519442,101.12475041331231,74.67316607344367,0.973048357689812,FALL
44.405267214960574,1.6773922996839432,1.7950031756369857,133.34585096692715,142.82388112469124,0.42330223757707397,PRE_FALL
11.572099242330351,0.9835726956584794,0.8488208061322982,142.3320589256599,163.24076924121115,0.3272002103133071,LOSS_OF_BALANCE
13.355320762204153,0.8089632495931391,0.6537047879887815,162.04784313591506,162.80973393228913,0.3458811423639004,LOSS_OF_BALANCE
16.021245316415442,0.5599185489724121,0.6966655630542564,158.84956481929595,156.374920275071,0.21278978314043373,LOSS_OF_BALANCE
53.1901673737983,1.8081670295873125,1.4298965068138423,129.18821667939852,120.29703832707284,0.4422480137152686,PRE_FALL
65.60018799510057,2.588634729850963,2.0990779790771152,98.66431311769668,87.21531988471685,0.739914383433104,FALL
5.024752121216726,0.19685846142619895,0.20590159395911684,167.62200543178574,179.64760792855563,0.06982445680961395,NORMAL
36.864226997364106,1.8077777200013276,1.4787218074660773,117.97915808895922,122.10017308127284,0.576622660598523,PRE_FALL
74.14591059635579,2.2490692560562735,3.6601953025648992,70.1626771518543,73.81675251539637,0.8608916408126308,FALL
5.358639653837498,0.3810948047420515,0.05554495273129859,168.2457695981791,172.26297880819064,0.07245850010930516,NORMAL
87.51813987729832,2.024578278037164,2.9084377693787116,76.5217706434762,76.53626342472953,0.9391206058839024,FALL
20.041704001881406,1.107430703843547,0.7895220022603233,159.46735031881514,153.67992455081352,0.2231160432511471,LOSS_OF_BALANCE
79.42046982541201,2.3825693985446073,2.139264742105772,84.83901286453191,99.54609445039046,0.7183690015180554,FALL
13.004555035112226,1.1766700282905045,0.7366565934620692,159.92960963307473,149.10936798605877,0.18647798612255564,LOSS_OF_BALANCE
67.64730302076413,2.527915001126944,3.2356138654143844,92.8391430628975,86.22512408369768,0.7225803910649008,FALL
6.533365465568498,0.41773453383832226,0.1549988692661816,170.64493171565317,178.6086363967023,0.051637178216757035,NORMAL
59.71456952108619,1.4694485895663507,1.6153736234947997,141.21674110069262,143.5945524207541,0.507752251653615,PRE_FALL
25.239024629968746,0.8533347028905316,0.6226553151993091,153.49788174045548,153.47224216512947,0.3599036657687966,LOSS_OF_BALANCE
29.169672235938428,0.7539985688940433,0.8685752092277543,143.6616130623767,166.0085880539675,0.35729414174497753,LOSS_OF_BALANCE
29.15094285338189,1.0688333334440625,0.31164121287795976,150.806168364011,141.37262850320286,0.34226734355646304,LOSS_OF_BALANCE
65.73629398145914,2.4682683552082425,2.081738043239082,73.85476158962291,99.76407123804643,0.8994963686015524,FALL
40.71222515636096,1.9664728742432538,1.1344928020362746,140.09806449682023,144.51895273912862,0.4740686069329614,PRE_FALL
80.62626809957978,2.32266834806942,2.949782282292831,75.9723715621696,85.97425176163041,0.9083375714409301,FALL
49.63638079646347,1.756341071847447,1.2665550535433452,115.29569527916175,133.77122307579253,0.6550451074091451,PRE_FALL
45.55871989655361,1.6047323159195366,1.568921308505311,122.22595225219358,117.37050067086656,0.6219943360731999,PRE_FALL
62.48983056822565,2.477521093307826,2.8883187236543666,73.72933683587416,78.90682828970392,0.8991646443906548,FALL
30.99600420593016,1.6871046304364796,1.7928261680816178,118.0340541256591,135.1715312830072,0.5509123954841721,PRE_FALL
21.723208572588202,1.1306969549972103,0.6629759306979507,145.6646975597753,152.6883457971715,0.348924869508009,LOSS_OF_BALANCE
5.86465082739477,0.2807932069960362,0.09889379442486151,166.83346928031838,170.30397119450652,0.06653405200029154,NORMAL
2.6520305817215197,0.3920353009742847,0.13650251020174298,171.34511228985244,179.3597646128951,0.09954226894927139,NORMAL
51.328993376331404,1.2009524890201118,1.4208648947489975,129.64418408460432,123.84751275715203,0.4927560483174522,PRE_FALL
4.905509411536766,0.286338495277465,0.1074256764491218,176.76047172855752,169.76788508058283,0.021996201542755747,NORMAL
57.449422967198096,1.3944217570463915,1.1492395775622009,138.43122682446779,136.34621433185774,0.42956692233990795,PRE_FALL
65.68798183859474,3.1466537259462166,2.1692755841427727,109.64168492736063,86.0980373650323,0.7087992884317466,FALL
1.8488122054204725,0.44274634637476945,0.11082049947958351,171.68662906191688,168.94943950024327,0.046505795615465056,NORMAL
17.89393628705472,0.7596308491570262,0.9776404673200707,156.7868116589915,157.41460729674372,0.1780874956470724,LOSS_OF_BALANCE
27.803925532465218,0.6303103944767092,0.5481726266906009,143.04013336393322,154.76138357763242,0.12542313381082543,LOSS_OF_BALANCE
47.21955035111195,1.9131494131129836,1.706367566033997,140.78851805641818,116.21222039875765,0.4446549262427423,PRE_FALL
5.017288049254599,0.20541890683235392,0.16384987810928897,170.504550378784,179.67350174164753,0.056814957770159935,NORMAL
71.62866701631529,2.9100430744901176,2.4619355384097057,80.9960382894543,98.2576040957513,0.8988260856189509,FALL
82.17452091484748,2.774867433389818,3.421816689106345,81.2062675545834,71.7884991500317,0.8102933466028919,FALL
8.845519975872275,0.2465409967369238,0.1136137724322777,173.19035951517682,166.52142839455684,0.04794892503971605,NORMAL
6.446850157085018,0.2911619007070316,0.07764619570395775,177.19120637420423,165.32700274107918,0.006447203604690976,NORMAL
74.80253000681395,2.822565069085657,2.886374930320674,99.89651571486718,108.47202316283264,0.7667334088659988,FALL
4.705365676706802,0.43319668484626983,0.17507238592277416,179.16451476000117,166.06823606106113,0.08894260614703879,NORMAL
9.839004705882779,0.12195647327599635,0.052335969847240184,167.40203566823038,173.39773428734796,0.09584626217339498,NORMAL
41.645343259269225,1.9399843784312183,1.6537023166144706,111.7050207321506,130.4981371694684,0.6094649684058197,PRE_FALL
25.035973929645678,0.5050586608478843,0.707711813989617,169.62856502276495,142.9052555287782,0.2567003632898328,LOSS_OF_BALANCE
58.614387701264214,1.7376907928292824,1.785637710826236,132.29269677192337,116.35911511749863,0.4374067645029688,PRE_FALL
5.254771514000353,0.15687629936890857,0.05195472715719832,178.68186241386016,170.1349052652277,0.03542869886448128,NORMAL
55.422951464042846,1.5395788476649044,1.561370861859254,141.58462516956666,131.74125330433287,0.6951759633224281,PRE_FALL
28.0433628676842,0.5655837435064675,0.42705948070863686,145.55084067931728,165.8705651408681,0.15665797644032087,LOSS_OF_BALANCE
68.61093399532778,2.3287890193458236,2.61530490616871,100.85982509473536,73.11077647464944,0.8488630767946352,FALL
8.152143907132826,0.1336623683383179,0.11906892674942143,170.59577375195522,171.0904111481083,0.05650021824479691,NORMAL
3.236016700850828,0.1240235418335725,0.07823558311963315,168.53281879202302,176.30634977672185,0.09540348226549127,NORMAL
38.92409781451009,1.227994202962647,1.12007651703097,114.96433290984778,125.99246772046686,0.6796736923322722,PRE_FALL
76.45586289357922,2.750316933718505,2.858331803178057,96.75023543171619,71.04536813883745,0.935437675791833,FALL
6.935247471703971,0.17217488703166045,0.03867924012849082,170.75325714461542,173.8300603225211,0.016702018726830938,NORMAL
19.358142149809623,1.0061456875566028,0.4938328274070027,169.45261057279583,150.73242988451682,0.35675187154342725,LOSS_OF_BALANCE
26.13842048250792,0.9247983748041229,0.5812585056738937,141.34950931924723,165.85923007142145,0.10697897450616185,LOSS_OF_BALANCE
26.219887192284467,0.9297074484113534,0.6038741457572607,152.78051296463923,141.2131426885742,0.2025234542189653,LOSS_OF_BALANCE
1.1118686032423841,0.14405078901961527,0.09034535837586599,165.71624169928276,171.29738315630163,0.07938991086394381,NORMAL
7.873267705902519,0.2722634400953842,0.07084629574362662,174.93918385389506,166.16841603882986,0.09308632590763928,NORMAL
14.215392637662298,0.760672989543062,0.8714657966163608,144.25883696284913,169.33729102502136,0.3095025817460062,LOSS_OF_BALANCE
55.735154208726996,1.8905782443285266,1.7878392535028547,135.91072062875548,128.0145775707016,0.6145466153455978,PRE_FALL
39.73365512431437,1.8183404420826859,1.5064394355976036,137.73034584820383,125.74228848414138,0.53266044694082,PRE_FALL
80.07836458687854,2.820294406278682,2.2707378341319404,109.20516854941643,70.33090241672359,0.7428129765837037,FALL
4.745902140850605,0.48353534808602544,0.23487119742942641,176.6424303775811,173.66451593796273,0.07214001122963068,NORMAL
24.094618303816205,0.8899924859814018,0.3284259941993174,149.84346221991913,143.47167820888336,0.18508343277188935,LOSS_OF_BALANCE
72.46848360682537,2.6786298318916524,2.2462285697427866,99.85019546078263,109.59790719017025,0.8241588818330482,FALL
28.662228876223406,0.9500815448229782,0.8780091712280549,141.06287381099486,153.89170942287757,0.2853246074505563,LOSS_OF_BALANCE
3.4033884316428367,0.4401599898791127,0.21035512509966048,169.14402863634277,165.15226671658016,0.09480625777770313,NORMAL
55.21980210484619,1.948775507259398,1.9407046186250834,133.97282280034054,141.5038228188046,0.6094850764266451,PRE_FALL
82.06136127368083,2.712004164058976,3.488817608204105,109.31854315273742,104.62200609841997,0.8723008768414121,FALL
29.56191222213938,0.7966741798106057,0.3521082568309951,147.49952484597492,144.9344472577925,0.19324175729493226,LOSS_OF_BALANCE
4.925044537185159,0.08995361582809563,0.18282172731918458,175.6288060125509,179.68886489349106,0.00015809172258312023,NORMAL
12.96278952688664,1.1185217305602846,0.9490735701701043,148.1130456641427,163.7186395492077,0.2927239372879796,LOSS_OF_BALANCE
47.11619199294725,1.8909947031860816,1.62619041137203,117.17066983066162,140.7538366158811,0.6209900705078307,PRE_FALL
14.730098702317452,0.9748172229594367,0.5394986987170989,169.29315580362533,162.12294668138674,0.23029855448050726,LOSS_OF_BALANCE
61.79431404526965,2.679217202313743,3.849005620118647,76.67748647238751,103.7249318093051,0.703327892222414,FALL
72.60669795296242,3.377879624277933,2.0632921520172034,104.34612235204771,78.33712958992693,0.7753023578325029,FALL
7.624474837329655,0.305990798834512,0.08005878390134387,173.5056463940846,168.4636702309952,0.023218253426933566,NORMAL
69.9178086992525,2.406443183846305,2.041619119114272,76.64840430328977,104.40725605910748,0.8841549002001805,FALL
84.55080987988593,3.1496224007426736,2.2021506975677703,98.41029811276766,89.72230487290325,0.7586694342196776,FALL
64.77520516023618,2.970054258776304,2.4395661975192318,108.84296175584203,87.1745160314822,0.9210486001733504,FALL
47.1925304561865,1.8921636096087888,1.4121250163362458,114.60267715775392,118.99817935948073,0.6869649659221262,PRE_FALL
49.34370459304483,1.4259747605658173,1.6160490914193328,125.73849228664068,136.1824292564274,0.6048643518028312,PRE_FALL
66.20623271401602,2.7173521959661926,2.1351955959151203,103.39339366746151,78.26108930798743,0.8014771920626889,FALL
23.123455140347012,1.1656271779326453,0.5274408278107112,161.94635652001674,162.02958678607905,0.3872208337419484,LOSS_OF_BALANCE
26.52276872464274,0.8146191478511501,0.9467373900960334,145.32879883052132,148.652234301717,0.2597997117710106,LOSS_OF_BALANCE
86.01788924080802,3.095284645224247,2.905270591674445,108.33325929795217,86.32837033092554,0.7136745606703241,FALL
22.90143128501419,0.8564109620599916,0.6490114432813574,153.92801832683352,149.65469398628628,0.21216361640127526,LOSS_OF_BALANCE
34.43830838807261,1.7345148538135589,1.5400133540986354,120.05143308780991,128.27777562185284,0.6303961308522609,PRE_FALL
62.264062974944075,2.4972464856897796,2.579250610487046,99.35667553184624,103.51467139871801,0.8331813670982015,FALL
74.16928297272773,2.444159150178786,2.2874405950557515,103.92120356356739,78.06865936565129,0.858785100444859,FALL
85.33327173555435,2.89253278873627,2.331807899269026,100.86588921480009,106.1647341762196,0.9329888518719663,FALL
8.064884937937665,0.3732796753585225,0.10161457614056588,166.7275456117464,179.44339939303316,0.014075701500588268,NORMAL
24.833294406477904,0.8826767179388234,0.6333108792925366,148.7010856619736,160.02606587857449,0.38772742432824625,LOSS_OF_BALANCE
40.44629420177411,1.9501501442875429,1.878286877382643,124.99428850856609,127.72687998715872,0.6096189081049799,PRE_FALL
57.045536694773546,1.6580755766304511,1.1031026120497738,124.17153705473805,119.12549415816548,0.6053407773685369,PRE_FALL
25.628251739007652,0.7232008371726519,0.7437339913184804,145.8927748676313,143.4921917561959,0.12501586260505573,LOSS_OF_BALANCE
45.778842562278015,1.8174939309062255,1.2868361704711329,128.87302648446354,117.90454304290736,0.5191006404084455,PRE_FALL
33.13624169550981,1.3890518069643552,1.4855668296590625,121.03393579288596,139.9870148640958,0.6849333687981005,PRE_FALL
78.01393836176929,3.1440594547232097,2.664247088441022,81.21466684655076,103.66126742094886,0.7052686709209766,FALL
67.97945667149567,2.012021433083463,3.090037324842339,74.82732117502361,104.3832442809211,0.8759924986447433,FALL
7.719897841487407,0.36046228066364633,0.19299272999983844,175.3996996504473,174.15114870118128,0.019226416913671343,NORMAL
71.53325337949727,3.3296532635597256,2.0272801635035727,108.08902367904031,95.55754607783723,0.7059438890377137,FALL
7.127113999493597,0.199148010197561,0.02308124743240376,167.4367537607206,168.6070829145643,0.0834650560091752,NORMAL
54.77555540168367,1.3682128120627954,1.535080215923549,122.65711172741048,112.30850850514248,0.5808302215178484,PRE_FALL
26.686580531359812,0.5493721467138345,0.9743501407231021,148.28653614381858,166.77915500136626,0.13704142658258742,LOSS_OF_BALANCE
5.047293461120348,0.11104281407570715,0.08693490874700611,170.91483605817098,166.98283568056317,0.008254511263858266,NORMAL
74.60560213272154,2.674622732637095,2.0516609063140154,109.84895262970372,93.65965330909637,0.9156896677451474,FALL
12.220615814900526,0.5939993136867494,0.8248783458157787,149.73636552181364,163.25728723387024,0.2241332139618189,LOSS_OF_BALANCE
21.663177162558803,0.8418151386920585,0.47325730048714404,143.28157992180655,164.5677931645641,0.27018001902113764,LOSS_OF_BALANCE
7.491943579773724,0.20759230012487012,0.03165425456974672,174.57936449832064,170.36945048807107,0.04587205924283744,NORMAL
49.284474394814694,1.3308805159908152,1.6481047491264256,138.55537592384735,110.88602758349876,0.5587110290175425,PRE_FALL
16.352367164377732,0.7739648756855828,0.6093660823824963,151.96038535103932,167.37106190352887,0.18049517009892774,LOSS_OF_BALANCE
46.611307468441126,1.4533742354056312,1.2198723045873816,138.19986078011982,138.8791780055651,0.46094236271465855,PRE_FALL
63.983772462122914,3.024940025703868,2.7148266296281083,86.5889273234053,84.11600895385563,0.797528832643877,FALL
55.03361494075753,1.878671590497858,1.5290019996427615,124.19837263211332,123.08517176139969,0.6156303918370817,PRE_FALL
10.016864189298243,0.6032437066755039,0.9180683182213298,149.03847000916156,142.4112581129209,0.17085507480299963,LOSS_OF_BALANCE
76.30692142324388,2.1985928904247136,3.1828734519019357,91.60584760748706,95.77709505773335,0.9498469755158465,FALL
27.2493295974245,1.0624851797881791,0.30855714241131127,149.57077334718545,157.24046629078026,0.21519708563305134,LOSS_OF_BALANCE
68.75810179659763,2.0453105368418263,3.435926596752644,93.6543361948616,97.47852979710122,0.8994605494314823,FALL
60.48869951753803,2.8415897055056947,3.436732523858905,93.80971860566427,83.91443092502668,0.8051172946305405,FALL
14.371217103465918,0.7110739740526795,0.7192083675392211,169.49307478751413,143.0544076962466,0.26085445908738625,LOSS_OF_BALANCE
12.811203038102558,0.5783526547229391,0.8141362849635927,167.98806342198907,155.658726766158,0.3486944748023594,LOSS_OF_BALANCE
13.53063752183905,0.8551050874463897,0.6599401645260228,168.54307092248195,148.9891180241555,0.3601782900069431,LOSS_OF_BALANCE
6.878431859969037,0.1223751307593382,0.035806399057921066,169.15825551298076,179.91499431103006,0.0066724826387251305,NORMAL
28.02958397039561,0.6337602415918253,0.8290827804556289,143.98204445328275,141.60005913212385,0.3117741889217717,LOSS_OF_BALANCE
89.28980122648821,2.8617574663110665,2.5868889097085552,106.59917734899597,109.58703047987893,0.9458208324882786,FALL
15.678557189365403,0.5649736974997083,0.6862500959528735,155.64007595346322,162.71138972841624,0.14800820206870527,LOSS_OF_BALANCE
13.109825649494368,0.5884578518559717,0.5651604652203063,162.0626712443016,141.58593876327015,0.3176257818323228,LOSS_OF_BALANCE
1.0293221030895394,0.40877644611251757,0.23902733200858822,169.88804592447167,174.74177119183435,0.07924309395411472,NORMAL
75.3022924144199,2.736289244673003,2.589128060045634,87.14813148603508,94.20785220615494,0.7716526356803798,FALL
3.092900638735262,0.37084675452877713,0.22219745407025346,166.79164510361832,175.61850910677148,0.07014996112238661,NORMAL
5.384122941602124,0.22272904096939927,0.201467332894259,166.31065405635232,172.67681282696392,0.0194450039345513,NORMAL
0.32229553227045793,0.3822694270641173,0.0045042781355271065,169.04788053969273,171.1956603328758,0.07423666616628996,NORMAL
16.69082490921438,1.035315140646505,0.3975020396930226,156.412620428971,162.01618008232322,0.37725227867963484,LOSS_OF_BALANCE
88.8304083773665,2.2496880538449955,3.0764257996244653,83.88453128291874,80.71938167562342,0.8150579985810495,FALL
2.7696765694484538,0.042124357998993334,0.16601898953541902,174.0001180083878,174.11389648373284,0.077896965251326,NORMAL
2.733270286287973,0.4962929392253987,0.14718103683323797,170.33716796558772,179.11714267456088,0.04318479462395447,NORMAL
71.98020585279748,3.4227794737968726,3.2566840644493977,97.7349265646169,70.84167023303254,0.8334448125977327,FALL
76.32873728854622,2.0494705708472774,3.9296327542119283,105.04684079314602,94.08886940466031,0.7739343411296116,FALL
13.501935676739114,1.1392982475818132,0.8071628381427178,143.65111257796354,162.69819070614233,0.13610749752975054,LOSS_OF_BALANCE
6.463406088905228,0.15446644197631804,0.13224695704884346,173.69360708052605,175.98539651908857,0.009013337574621893,NORMAL
27.551470641207814,0.5249453303547783,0.7441480088166857,140.23911764753916,144.1062401800625,0.21286271707441246,LOSS_OF_BALANCE
11.171696719463215,1.1571839806115838,0.4935119698042496,158.3098556588846,149.4207960262805,0.11921304637291918,LOSS_OF_BALANCE
8.74301735766478,0.04379931545144,0.2183560070867945,171.66330543252016,179.88895748730113,0.08036855045147566,NORMAL
9.813354962348672,0.32504319390348896,0.2874979358415589,172.55840158564874,175.4146796059099,0.03223813974138552,NORMAL
33.884273137117034,1.3351546429713983,1.1346896323102702,140.87224698953938,114.11149004918403,0.48865531377939314,PRE_FALL
17.271624853355014,0.7130496865367146,0.36782105466919596,140.40984750158225,156.55304680104484,0.35859228103676755,LOSS_OF_BALANCE
2.112339792203123,0.0686174026286635,0.07665585120643778,169.92183533906763,165.1159485985397,0.07470141234297678,NORMAL
25.438810208550265,0.6805608696512901,0.6312826677034693,147.6807891048073,166.29973607705057,0.29508762491679363,LOSS_OF_BALANCE
66.1405829749999,2.266184103189345,2.1562572418429817,89.84035666047987,81.94189244313566,0.7432459224436927,FALL
42.67045199686396,1.4518307027701445,1.9154932405912437,129.82990585554157,134.49493364571532,0.40223161101901717,PRE_FALL
24.689214226439073,0.7807815565545055,0.5859613302828165,162.53842761019303,152.54539986710077,0.27977456140267787,LOSS_OF_BALANCE
86.62523898953188,2.0339958787473496,3.5898536386667956,96.26764682439563,104.65865342797963,0.9531130121353314,FALL
60.14929581580966,2.3955633183976617,3.0239976559586585,87.17595076362093,80.70490752871859,0.9236269326236295,FALL
7.237336550024618,0.32828204320523896,0.27190280914910314,178.09919493090808,170.00043054090835,0.05827395145864196,NORMAL
84.91382921941141,2.0325203348714154,2.8135920111160617,75.52359173145932,70.23254274087365,0.8239827168999488,FALL
51.89929143377268,1.3764086165279321,1.279800223336529,110.58862664811423,127.33440783189783,0.5328084832403862,PRE_FALL
25.96556489572972,1.0530962525097025,0.6444066293377615,157.24446408459974,159.03121532509687,0.32033014239866864,LOSS_OF_BALANCE
6.124483933501055,0.3127623002474133,0.06822839323580265,168.60541212255865,167.2912373125328,0.09705371730952171,NORMAL
0.2502464964648232,0.4421174226074261,0.16842221467496366,178.7288386311474,168.32050800110986,0.006321704116019545,NORMAL
18.4334823573608,0.9466419352116664,0.9056170704883479,148.40610694341174,161.72157102803348,0.18275969081684507,LOSS_OF_BALANCE
84.99692279443842,2.98518719300748,2.4102369987517216,97.42604561854361,91.3391640170115,0.730117260548726,FALL
18.40352217800112,0.8822603593920848,0.41627071962252515,151.32669714453905,150.44256662050554,0.3857130643527784,LOSS_OF_BALANCE
64.90100390866124,2.338307480860857,2.145085210452206,77.76684656207617,96.41904610951924,0.7947245624298309,FALL
88.88558256734666,2.4635688791060586,3.9455568048085436,77.56450284597932,80.39096945670839,0.9543593272523523,FALL
58.187383153546136,1.2849684987064214,1.710615287655736,122.92309997829159,110.89807445784652,0.5937462489820244,PRE_FALL
35.96108542762206,1.2128332329724456,1.4355375377466681,132.34587864028038,115.15095584651765,0.6595591535950376,PRE_FALL
32.000072938595025,1.71820343205178,1.5315726403550942,119.50446079588451,133.92859725471138,0.5475328913534724,PRE_FALL
69.45447348420957,2.18189387295413,3.447013891139506,71.6905014437341,72.36283233466281,0.8593356370808707,FALL
15.76910208918913,0.5165853326045499,0.8928543918804168,149.93810817809293,147.26746951173635,0.26179352563785163,LOSS_OF_BALANCE
35.88849254722166,1.2081663052626028,1.1265329922416751,131.95559725699965,110.45660182435307,0.4108347042665866,PRE_FALL
13.00440071420633,0.9670913694874383,0.5110946367482154,164.52687634982294,150.45157049791564,0.1311767688492535,LOSS_OF_BALANCE
53.13877177728102,1.8460031234913217,1.207141536632544,121.00358030721061,124.37763578560387,0.6128069877198752,PRE_FALL
59.55853707660026,1.68381681968697,1.53631016761108,138.84477547090873,132.6044552146407,0.6873177087091858,PRE_FALL
32.06669975308377,1.3079547204019493,1.3001045411629466,123.77655131434456,115.23200995388638,0.6978690406718004,PRE_FALL
19.078522473864997,1.1565232582314322,0.7486764004168647,168.29222671315745,141.55588392627087,0.38162779880240394,LOSS_OF_BALANCE
49.044959964637,1.2850624884285007,1.4736580031628672,119.76157721333347,129.50485456415765,0.5266765700286743,PRE_FALL
42.656986766600525,1.860133895357218,1.9795442124428813,121.12145784968487,126.37046983354675,0.5638338362576863,PRE_FALL
72.04056317569405,3.077622960286943,3.135372960591792,80.88434628587413,93.40404720124225,0.9284255826943009,FALL
85.27761062808389,2.077013196563163,2.286918447486417,87.64429531848205,93.35227950297616,0.9193384234729702,FALL
62.25785905546286,2.809755347693513,2.845964699045706,93.6934526817271,74.49333093143473,0.8799522389871439,FALL
15.665310738274945,1.101307380582357,0.7657281992656514,163.0665613474136,144.6511104599428,0.12580103959112712,LOSS_OF_BALANCE
76.99169400520641,2.0286399695513597,3.9662078598129193,86.07181353104558,105.71345813567899,0.7617419991988045,FALL
7.27107070447535,0.11640524897797772,0.04520510810924657,172.40369329793617,170.1286928080294,0.031157668520305548,NORMAL
19.054361622484493,0.6721497994929098,0.9881153630103674,150.24889414249895,153.79398024655714,0.27985410018665474,LOSS_OF_BALANCE
23.50049160280134,0.9620550124917084,0.7797619169769783,157.16630700301044,154.27733165672169,0.356305440864662,LOSS_OF_BALANCE
12.835914680422247,0.5817894393152648,0.3309135130417467,143.836144842031,166.15038677454848,0.35044121134504824,LOSS_OF_BALANCE
6.379992138800034,0.3057640452145714,0.050980645220253105,179.55203762867552,177.82506032620023,0.00864743323005448,NORMAL
6.848466123459062,0.1286633788174414,0.24647758190770688,179.49762400875517,174.6254168159806,0.04905955825807824,NORMAL
71.99414805115842,3.112836482120692,2.6298252165141696,109.77027494838251,82.90611381773964,0.7065721895780619,FALL
61.35472166695203,2.986791636600245,2.8643927872343324,76.74343130505892,94.67965014307936,0.7810794550489013,FALL
63.23646885161908,3.2426558318196643,2.1032353942907758,77.69675621553623,85.30287639076724,0.8294863472116367,FALL
44.723295373874066,1.5015815601275133,1.8480662468560882,115.50114375871495,121.4832106626164,0.4653898622706833,PRE_FALL
13.025294923137828,1.0971235628872882,0.7601936343733707,163.94660549759632,141.59666564812957,0.14458624211229495,LOSS_OF_BALANCE
9.758532694286732,0.2879835052262425,0.04119882059452654,177.54640638433685,176.89652504919826,0.07642278823672723,NORMAL
32.68921694837305,1.8872241168796726,1.6662206410896467,139.46350803270445,125.21596306790785,0.6122354405270027,PRE_FALL
49.8101165545369,1.564274601046005,1.8768725146736487,138.39407269322336,137.18270646955628,0.4310888703531737,PRE_FALL
44.17852896459838,1.6684840925449829,1.8591435088049324,114.3981329448911,118.55518475439862,0.4128732203731788,PRE_FALL
12.079309075668831,1.0466453491030825,0.7959703619890166,156.8201228097023,165.1223607880518,0.21274670200041196,LOSS_OF_BALANCE
60.10291165897577,2.9572571849129963,3.625461629209668,86.36712299033861,93.98020239442423,0.9016947446881458,FALL
86.21995222138912,2.2979399748100757,3.49507665444286,80.70671901305809,77.93196582393315,0.7890020621453918,FALL
16.504325730996573,1.0598681348364,0.765151618693118,152.2888498128731,146.98466850077608,0.21861913876011493,LOSS_OF_BALANCE
4.47068119913798,0.059353426026816425,0.1492120044199503,174.80059504707557,166.53964982220228,0.04123385476755495,NORMAL
16.005513495821056,0.8047721489308937,0.5230572261074942,164.90643141667644,141.93282588584592,0.1610674124493457,LOSS_OF_BALANCE
66.80713489662196,2.4284820049321856,3.559272115590106,99.07825255507274,109.09664100921012,0.7410149292861666,FALL
0.4269631909043081,0.23049746100097035,0.05039676261871693,173.60826299710084,177.32528102298426,0.03949986882219195,NORMAL
87.37388346626528,3.1137487229977596,2.55587213722898,101.45398773114611,102.46892245242103,0.9092124197185741,FALL
57.65519324888192,1.4800937739731992,1.2006492979940981,132.54473095368581,123.69591525421443,0.44592925521765936,PRE_FALL
25.047667133239706,1.017874704153746,0.9386677710920186,140.25601635204467,148.98422456126926,0.34669265675537075,LOSS_OF_BALANCE
69.128378298656,2.750895951685248,2.5968020673470953,102.16628977595241,94.37647624096823,0.8284590381228579,FALL
44.16819035340103,1.76227088270993,1.263887150058606,119.92772138719583,144.26506099002455,0.43591028368555435,PRE_FALL
1.5143125811934544,0.3452501304592627,0.12311322279681151,176.62458452710638,178.80781424845816,0.08728177089123204,NORMAL
8.595916920106054,0.25217976303535633,0.12593850380148183,167.24341790439684,166.44447865084805,0.04758691854894773,NORMAL
36.76505531278312,1.3813097382976225,1.426821478360203,127.75465665199073,144.01975055200268,0.540862729542917,PRE_FALL
55.04357046894305,1.6411406525650825,1.280330882161126,131.29930850078875,130.7277217812721,0.6819896149734499,PRE_FALL
34.57892238075011,1.896386510954339,1.5005838745792137,121.30325890007157,136.45870769174076,0.6010789008344906,PRE_FALL
2.206627583021649,0.2354951299171606,0.14532231477127824,178.35733265830558,167.1741190794295,0.09278871164428708,NORMAL
19.81036766519473,1.0106359945705878,0.7532949901925845,140.63141911703948,144.88755946276777,0.1533202807996404,LOSS_OF_BALANCE
23.448676040764376,1.0000456852046102,0.6637666532118516,147.42899993923908,149.8354088924345,0.2747107137573256,LOSS_OF_BALANCE
74.83416353200559,3.400728208460804,3.4843291168163595,93.27889075078193,91.277301593146,0.932000312009088,FALL
2.071573703466585,0.10797567595933738,0.2609086280308634,169.92839330148345,167.21331269912164,0.09005310356317582,NORMAL
58.10539497844697,1.9336520251029496,1.3063494973484095,113.06384260592466,121.9591671339256,0.6281253465989998,PRE_FALL
38.011676451799616,1.744174463303723,1.7166564456355826,143.4745828630264,133.1774325429245,0.5710827995425717,PRE_FALL
27.255456206588175,0.7692642749161558,0.3310908850812458,146.17190362050988,145.53280390648374,0.2293254893999367,LOSS_OF_BALANCE
4.708280768793115,0.2687588438466004,0.19922833180189914,168.2761743398599,168.71198143962866,0.07547395497248655,NORMAL
8.184052148653736,0.20931603746722527,0.1606543235936789,178.00341020558344,172.1223658218288,0.08816538694176229,NORMAL
74.83242778920886,2.9232436742406183,2.377571272439294,81.99118933002151,77.31008471285593,0.964661442865506,FALL
65.8038633976586,3.0127035225585184,2.9777196379990327,105.53791900807931,108.57247890586527,0.8046396272007957,FALL
44.31481133478018,1.2004223514270989,1.137087859348656,118.87673285533081,125.2108877090648,0.4474887132644583,PRE_FALL
23.646795528732024,1.0839627465196058,0.6254458916512151,142.47921414962863,160.58196859046905,0.13042152894109918,LOSS_OF_BALANCE
25.260885944256543,0.5934683880203849,0.8412823075725009,166.94063870978235,164.59373228432602,0.31911163227114936,LOSS_OF_BALANCE
77.02107037046054,3.195169643165401,2.3855954987346237,97.13083015131254,79.65767501922406,0.7011121910579116,FALL
17.78275934204693,0.5069520562338524,0.8481506617787888,157.91385915843247,142.3342614001163,0.3003887465115399,LOSS_OF_BALANCE
5.211391200572839,0.49105792570280704,0.14184766349745456,175.2216348008678,169.68164048376104,0.03230631884829062,NORMAL
54.90392862214148,1.8573693305069554,1.9292610281152718,123.82500735980574,131.21381881476623,0.6969093676496098,PRE_FALL
72.6977530998653,3.284337167746644,3.907557685645865,102.57614106585054,72.65574617147637,0.7653787551916355,FALL
54.05742025521333,1.5568922944957615,1.9942160227766508,124.29920384838053,119.20927777771624,0.44923298278136714,PRE_FALL
71.79889143945181,2.8075998590936697,2.592070200525325,88.81555664248398,95.55661923776991,0.8847733347306069,FALL
37.49092319428499,1.2997557462266691,1.6161372018097846,141.77931779383397,124.1939001417206,0.5489161094228066,PRE_FALL
57.725879460103556,1.835873042180711,1.3731416240799947,126.8514613606549,112.0621108824055,0.5054296812630544,PRE_FALL
76.02946781298931,2.333368307298821,2.2496235300578347,78.71092957892576,73.32583542878834,0.9362545916482381,FALL
76.99951056012536,2.804761677203574,2.3194765074631283,74.79992138202556,76.1567382272123,0.9107283778254498,FALL
0.2366443470145152,0.09656489416385433,0.09847858535931195,177.96529413045428,179.50333656072542,0.02791249927218714,NORMAL
23.055939338386093,0.7627601485184943,0.784256394906452,163.85975629182218,159.75556554413092,0.33331924333499474,LOSS_OF_BALANCE
8.786772741911603,0.44520104303938074,0.2444575913035011,165.44198847682813,173.3240902739521,0.02801938446282051,NORMAL
21.51930402137316,0.8044779338811964,0.5795334363840553,165.0228923358594,147.57724308744946,0.21196443349333538,LOSS_OF_BALANCE
9.883314855964674,0.27707597620909774,0.11713611976801923,172.05202617237728,174.53506187202944,0.09810394225515603,NORMAL
83.00757706060662,2.8064563618818292,3.7855133034836426,75.4313912528331,89.6383992204922,0.8360538257640944,FALL
8.086920831772371,0.226716150089891,0.15397435296049244,171.85197713567814,165.86605171398787,0.04623783057389237,NORMAL
5.910424892899215,0.40890008888196344,0.03189936007748471,172.45715244803324,176.98762833501718,0.02205725242429234,NORMAL
60.59925572860139,3.116619808094999,2.2437210764836264,79.64524471380257,93.37972106928235,0.7031305698647047,FALL
42.19892873061088,1.6340957256955617,1.1250576972987003,127.58864964446532,130.0854620978638,0.63680324579477,PRE_FALL
10.215380733721942,0.5821044092210694,0.5178124134761741,143.07836631797062,158.8563720729455,0.24133279971520866,LOSS_OF_BALANCE
83.01540522421263,3.107623428829591,2.079811159350684,90.54966073386274,106.61354208611479,0.8631964494765167,FALL
29.659011250152783,1.063771293476452,0.9923000552290355,156.96791679739516,166.83016693686085,0.2883233055446756,LOSS_OF_BALANCE
61.053443670964626,2.4576003135790416,2.416529172519559,90.15507184267243,90.90869811211402,0.7195017304433668,FALL
8.464681151407763,0.028952972011565214,0.025863839517446797,171.5172538290903,171.80057763445714,0.06088324044274436,NORMAL
28.32468710828584,0.9632122006891575,0.9530172838701358,164.32158244557337,161.339200466577,0.1229108477879825,LOSS_OF_BALANCE
41.93791329165918,1.5653805777726353,1.5941711660838962,111.38021859909165,130.67214488013894,0.6317712672394409,PRE_FALL
42.85571641160349,1.6717526371452551,1.478439484799054,131.51811119740282,111.46562091089122,0.5474000408731702,PRE_FALL
20.37933571195505,1.1476701644606138,0.5678110571911249,158.04986926342494,157.71029103656238,0.3380799903929482,LOSS_OF_BALANCE
0.7207549659215784,0.4308821810112943,0.012690678468837412,165.28112304878468,178.81743651753618,0.08621100136120664,NORMAL
18.798185588251158,0.8265076505087512,0.9761198449962329,154.40623729774575,165.3297599159051,0.16535274999278238,LOSS_OF_BALANCE
60.36114873031085,2.5445282519249615,2.6478838736212125,79.56694044999304,86.51491773459787,0.708991398170168,FALL
83.32878497589623,2.386100944334434,3.7546714286400507,104.65890977933498,72.91796896785212,0.8726584079345622,FALL
3.5530723054514013,0.09289551684547903,0.18137197719684986,173.66907751167085,177.70205830010548,0.023674996727801857,NORMAL
58.88658161410758,1.5531035427992235,1.1099099582637244,132.22464073293017,132.75258505741706,0.44120595582420324,PRE_FALL
18.567672278452143,0.6238266124347411,0.7164242670972645,156.2828863641343,151.44689968638747,0.3535274825832373,LOSS_OF_BALANCE
67.72117132913581,2.013251848305806,2.383704106238655,96.24950490530331,82.86676121100601,0.8350695529381327,FALL
15.895937805257995,0.7614326306922383,0.5252920567933383,163.72759909534597,149.77055398182605,0.2679916785784445,LOSS_OF_BALANCE
2.6245226426498713,0.07763718100008093,0.19644980266300494,178.282069756446,169.64055980324997,0.024739651931519224,NORMAL
78.66632833293804,3.214835460520645,2.5355623238367277,106.6522786653521,90.50778169720999,0.8233636708425651,FALL
0.5308524865627895,0.3273789359076935,0.002500252574528283,170.8296772085547,169.06965568620507,0.08520829447572587,NORMAL
23.08232089718273,0.8864401516164453,0.9044067906969941,165.5092704102114,144.8413782099863,0.21071929646222318,LOSS_OF_BALANCE
31.955260206887786,1.4102204613553346,1.9486620326690547,122.51749054798404,124.04644405654798,0.6757823353482006,PRE_FALL
4.242094519411406,0.05196340458683507,0.16132626420724835,175.54114299401311,179.6433588200854,0.07752067404630614,NORMAL
19.20441505897016,0.5380423639659685,0.3382849282705961,164.89682867814008,159.49639821955165,0.20004503636287085,LOSS_OF_BALANCE
8.640507204685768,0.32548478155673866,0.20614812126513432,167.43984767622732,166.10564084342062,0.08457624840245603,NORMAL
8.087958766377302,0.4704379435000208,0.01968827736754768,178.37854819938306,171.86811179898405,0.008017040335150428,NORMAL
29.08142955580007,0.902937867242392,0.38223135453992124,162.92092023162863,150.82102483066666,0.3017828182339042,LOSS_OF_BALANCE
24.025223084066937,0.6181291694555288,0.5807244377777191,152.86710104355055,147.8047333991344,0.12671838020838694,LOSS_OF_BALANCE
73.56365885766266,2.970564087931812,2.861815815107477,78.72119948338907,100.39710024878096,0.9028758338044466,FALL
29.40650255835036,0.716491477601263,0.8360761783944268,164.0446887193849,153.7614055863009,0.14960262431335686,LOSS_OF_BALANCE
27.82233495346492,0.5789863008173468,0.6265679791430934,157.54935722838104,166.28726967642322,0.3074310769114781,LOSS_OF_BALANCE
3.0682322929795802,0.3442492197994786,0.03820450941706065,175.93246433904,179.23182156331933,0.0948698159849903,NORMAL
1.8739178352787722,0.22442183851072572,0.16642200018266032,171.12066262624705,165.39392856019947,0.03539142873452589,NORMAL
61.37079733208452,2.624929190746815,2.5013433417097737,70.41142387548672,96.10810604464054,0.8131740853559806,FALL
2.38685952615846,0.19789292339562725,0.2015070668879914,169.49995619698143,169.74265794407782,0.07518644924144022,NORMAL
19.94069780819974,0.7755516273231817,0.5609163666806389,156.39744245586814,143.24912885999763,0.16721825803342344,LOSS_OF_BALANCE
82.3192253599454,2.791838877915039,2.008382571098143,107.83872343293353,89.86685041853119,0.7301440344308241,FALL
1.244750082443834,0.1840095871573365,0.2668459551036844,176.14961558279433,178.4195624243258,0.038664476826069216,NORMAL
21.957355030013463,1.0876414051353815,0.5661074601074256,150.5425376092878,158.96620822237895,0.27554774993811,LOSS_OF_BALANCE
86.43703728406781,3.0815266000036,3.6202266237032283,98.25359874069423,91.562994691804,0.7274806477622352,FALL
16.29609143758578,1.1873614470709923,0.4150272772003009,141.8440498545616,162.7757715516747,0.298052851682571,LOSS_OF_BALANCE
1.4644421827769438,0.09863590141199163,0.18071969558194975,176.4032294332034,174.83263515778108,0.017714612894722915,NORMAL
50.27252719604543,1.4719445737807106,1.6831833957653888,120.28415852567942,143.57264492877857,0.6734298849014482,PRE_FALL
11.530650394752922,0.5315664325609071,0.3753425200093992,152.74740563624042,142.83453087463747,0.298256576181151,LOSS_OF_BALANCE
36.77152813357364,1.9059062207141335,1.8548135313001086,135.31762851543294,143.46737070333424,0.6754391187802905,PRE_FALL
73.09002574917787,2.1154616615179536,3.4089274087943884,71.10484994686844,103.24694269336948,0.8580906225584566,FALL
41.00181586918989,1.9741410693524797,1.721574205014822,139.3876121765684,112.3106150952448,0.6226336160361392,PRE_FALL
27.43231589695942,0.5744314611230734,0.6740632020871389,140.1754120875002,143.50034781097725,0.15152060536101677,LOSS_OF_BALANCE
54.93912115635366,1.9875215719762906,1.9870854943239373,138.93002739543476,123.0124322110074,0.6513361932381065,PRE_FALL
68.80800050991677,2.6834160443975272,3.912370099224586,90.90201147256018,81.0322946942683,0.8371109285605609,FALL
11.962773932968622,0.6828826378594032,0.5114158587003287,149.3220740199019,156.91722834910814,0.3036769633202234,LOSS_OF_BALANCE
77.38360873593558,2.5083185950451656,3.129893797395389,95.66343744005138,88.67706705073888,0.7826830247539669,FALL
65.37424481002083,2.801961930471254,2.505325337627072,90.80333832036693,100.80689764661776,0.7001634304738386,FALL
4.3583597604663655,0.01451240997335762,0.10083886310951473,175.18712827542524,171.06475003706456,0.016504473120350884,NORMAL
85.5118417946276,2.5767246436445124,3.5059371403065698,95.11102382906321,102.81599916073588,0.7416591152969992,FALL
84.8120714802339,2.407965900455417,3.754362194223127,90.40083186232577,75.87480787004722,0.8056834516099355,FALL
19.697980495094434,0.7382191638993856,0.937551584945026,143.0725357423446,144.63664744124924,0.16633405051732114,LOSS_OF_BALANCE
67.58072821613061,2.541795808181092,2.7559410889627793,99.55748459570303,73.34768187218647,0.9059913221348861,FALL
1.2142608336261984,0.4865734079108472,0.18266150012458948,168.58946193491477,167.37567245707848,0.055083900700267,NORMAL
34.35543146772636,1.826824607647541,1.5792795820839616,132.28719520060517,129.90664205466976,0.44407955556441947,PRE_FALL
32.50703647861897,1.6200606974218277,1.0935365278993414,119.13990673886727,129.21176004980725,0.64843303228537,PRE_FALL
28.924292317896274,0.8636101501675967,0.8479612768097056,159.77472734468483,153.34760862734655,0.27312144076178113,LOSS_OF_BALANCE
8.629284949026113,0.12227572517835172,0.14152937687332143,170.744692115511,167.25127002361725,0.09311600771571855,NORMAL
80.67618300331677,3.101956166423499,3.31565794559196,70.83164469781647,85.64491887809956,0.7148888485573843,FALL
4.956207874930209,0.48614511767184293,0.2824759229495735,175.07013787118584,176.78706893970778,0.03187344573163122,NORMAL
4.793942064709148,0.43473692576226897,0.09988929324564638,179.35529640790008,165.2300055934274,0.09371597632022477,NORMAL
2.0727779485464026,0.35249412987009837,0.0951122235055344,170.2320476130196,179.005505621562,0.07954053560023336,NORMAL
29.65069113724698,0.7573960695136515,0.43555194020411325,153.09574490444405,141.73767519850364,0.16961002742944092,LOSS_OF_BALANCE
14.980161486496964,1.0763871866984713,0.6742164468864305,140.04199884429102,150.4238569660521,0.28154786073912375,LOSS_OF_BALANCE
70.03567666037569,2.0953188210197613,3.444012775700833,78.33145076982483,107.4716460054503,0.9905631578067381,FALL
7.33226827212901,0.14549958010718694,0.13941034265113583,172.6561799001568,170.95177736474562,0.05021672696664309,NORMAL
10.19726665287418,0.7640091872635457,0.9781414401200257,151.3589705419055,143.1500818839819,0.3776907580871214,LOSS_OF_BALANCE
89.24901677652807,2.16327965043049,3.020519782652081,90.02394186425963,89.33490514559202,0.7904011546974352,FALL
65.2110120296031,2.7584844701355067,3.5270627417891656,81.12878469779625,94.54664364729747,0.836303424310522,FALL
31.52749049690901,1.6135980164147685,1.1232977947855967,125.34392458608178,127.06308882809643,0.6290918942853174,PRE_FALL
32.681492757340166,1.3182577766468526,1.4423476462918163,124.77428432727005,132.1849066327171,0.42404706494005273,PRE_FALL
57.78639340402508,1.8386416898477644,1.8356237040462178,116.86943772586856,120.34369765328924,0.6317674201774174,PRE_FALL
17.684533485368753,0.9457336311008231,0.31960329335662274,146.349861305184,149.08869701959864,0.27527043226078163,LOSS_OF_BALANCE
65.24605382949375,2.4037098892132907,2.9269621694860604,99.31265438280455,70.32762201164263,0.8373656918043055,FALL
7.524456465479524,0.29478695888075657,0.1152095728029362,179.44873065829896,169.71755502273254,0.01398301888092337,NORMAL
74.58485435238954,2.833286019867837,2.8968487084796672,78.64327308739708,85.53046450523632,0.8203854308614552,FALL
56.727317187296805,1.9666181965340783,1.266007319591384,125.73197237130385,137.21016263038933,0.6373844737632848,PRE_FALL
47.71289824033144,1.8331706295332277,1.599901710975262,124.82160810075038,141.6334067856076,0.4451311047301271,PRE_FALL
71.0842174036448,2.3738203913456175,3.697992035472466,97.91876774158183,76.3701582814883,0.9634470822845357,FALL
60.49980948282959,2.211943837884634,2.3923538925948415,74.93964764525752,99.24345608865872,0.7449776463357256,FALL
63.462260812737284,2.2188634510786853,2.443837252615502,96.42613250630053,99.01541379240183,0.9156173745795326,FALL
6.12441505313896,0.38883081882355236,0.0046890978804832615,172.3045121223542,165.09524367830426,0.017941285614771364,NORMAL
11.11751013152695,0.9844288385452303,0.7392400971094446,143.69226545569478,164.74774704378677,0.1308445935204076,LOSS_OF_BALANCE
27.061195687249004,0.703462420128846,0.410744062804383,151.97841261040327,142.1893603108193,0.21646689967995633,LOSS_OF_BALANCE
78.27608130730684,3.345791038080021,3.6914566998362552,103.54366572915873,102.8000674061951,0.7897719186443454,FALL
3.4059274647510596,0.3845028266827212,0.2864575190743997,170.95054573963438,176.60332374196983,0.0029625658945165115,NORMAL
73.26901479732398,3.2320069194536205,3.681073252882274,90.13019467791204,82.97270497848922,0.8377056248598969,FALL
35.57789335267328,1.2646966621132583,1.8801119405300883,136.03538612049414,117.95944685597084,0.645082138915795,PRE_FALL
22.712075442284494,0.6903025493301291,0.8469022477926276,142.4004791567504,169.17665601363373,0.21947334195163284,LOSS_OF_BALANCE
45.31004252026614,1.2378917442927884,1.4825878461924462,124.73990568821388,136.28762987870874,0.6568643649302381,PRE_FALL
3.916014272776019,0.4971415652738153,0.2895551820862653,165.48574114390632,174.03583001176457,0.09210382164180794,NORMAL
6.011419504945338,0.0042318635574356556,0.07571713240819544,177.07628353793228,169.58189547576836,0.09670244433683767,NORMAL
66.24052472508708,3.2221808792088797,3.5527356297134425,70.2584028695896,101.54772446019604,0.8022917163472814,FALL
6.651806185418959,0.3943893531739398,0.26472116706839444,171.79924601549357,165.45396198317763,0.04753343620366384,NORMAL
11.285325057715681,0.6170743370250968,0.3236320076187566,155.3407043039196,157.60607728581314,0.1880420638707625,LOSS_OF_BALANCE
55.83556423198834,1.254395213590195,1.5133845879872658,144.55766001746545,129.8155093250099,0.4741203463679722,PRE_FALL
4.830263303446918,0.3649617917548944,0.042404226277182544,175.4813284801238,165.27582768834458,0.058300494332641575,NORMAL
23.44491826346749,0.7470963126452812,0.868946873124417,164.82400505274032,150.7389722138832,0.15315599107551378,LOSS_OF_BALANCE
83.01762355089186,2.287372844205812,2.876549839656769,91.65449221878244,103.78682938134749,0.9971582292635508,FALL
12.38380873832706,0.7875452652508887,0.5774155867416065,154.59072592811964,141.4409324895608,0.2585192145264589,LOSS_OF_BALANCE
20.75231794192551,1.0435137900448292,0.5853322079172252,157.54266008717627,144.1442046177862,0.17808368607429254,LOSS_OF_BALANCE
67.51743031989702,3.376568461625198,2.4791015807095063,98.8198636181645,93.85045247546105,0.7041222363388608,FALL
19.50998835794721,0.9821813452892019,0.4124824119799798,160.9007025741303,150.64077129496584,0.3078704310290148,LOSS_OF_BALANCE
77.48137016336716,2.8574857496094443,3.906794768914056,75.5630047888253,108.29064546495826,0.9588916697036018,FALL
19.24334973494975,0.551236844414522,0.7861399998734551,162.49208423388836,151.43466703824498,0.3237872311458182,LOSS_OF_BALANCE
0.4280844083864688,0.10338703735875049,0.2723178277718882,170.41877046839443,172.04511343515313,0.04546434497948884,NORMAL
8.069153525543925,0.36164003991250115,0.11878461298597724,177.24679838899695,176.18706724247724,0.057831126505903545,NORMAL
21.700738288299974,0.7676599797436467,0.7484143683259914,146.972764321436,157.624056422255,0.3965142593084835,LOSS_OF_BALANCE
26.757193944020557,0.5022570678428945,0.4916341974764433,150.52054333337722,150.24357470860755,0.2704519797178484,LOSS_OF_BALANCE
54.231861895622785,1.3563080048718115,1.7125290637988408,112.35837360508197,113.55286061329055,0.6451869281749656,PRE_FALL
32.5392620427487,1.3782578285607625,1.5420397561097894,122.98453138531764,140.9756302622305,0.4889870223930079,PRE_FALL
55.759707415083255,1.243930405015043,1.3002051164569233,143.7427300583132,114.792181844687,0.47748442027500276,PRE_FALL
4.0456233122251115,0.24970845791890534,0.04361516598117882,171.87061104116714,169.80326896414755,0.0004294305817411526,NORMAL
55.77757740311246,1.849261681513869,1.5489365006626346,130.20766582683112,134.16687763565974,0.4891619203380929,PRE_FALL
57.70384263155193,1.3733056844170874,1.5617940610790928,138.305974862787,113.43884724021261,0.6491842553444305,PRE_FALL
37.92846750292337,1.6726830836514066,1.5611904702709951,137.79374915111924,112.87031074384004,0.4505139422084299,PRE_FALL
45.094576446248624,1.599781358994483,1.804838724705701,117.24125543661116,130.99293760817505,0.5102503795369253,PRE_FALL
43.3830635234405,1.9972163530940943,1.3733168658418093,119.20523391459726,112.33866098508453,0.6369994491106182,PRE_FALL
75.27302485795205,2.313854866899594,3.943717167919128,82.45453270193678,82.34275099270461,0.845019182453246,FALL
45.91652535058179,1.7238737338218453,1.968139042582594,118.80838602670073,136.40039828154627,0.41939600123827064,PRE_FALL
3.385612340514317,0.346352299293441,0.19495099577378178,177.77647938526036,177.7851200484884,0.08593421841682666,NORMAL
5.294153638551199,0.16678481731538786,0.11801994534818241,167.3550787588625,170.2016985436132,0.0351913082267181,NORMAL
87.47639370453514,2.0079940617821874,2.4445848011658002,92.5128656722639,99.65731751850203,0.9268696246958406,FALL
35.453601152125145,1.3746990858064554,1.3452479623032048,140.52339832418664,141.94151204387464,0.5799154915828294,PRE_FALL
6.828763109137919,0.020508807515219996,0.2753136423184574,174.561362268831,179.34275483834438,0.04317858786172089,NORMAL
52.4541523237475,1.6838966192355231,1.719225407762641,144.5941016999393,120.94954090764058,0.6016535679589753,PRE_FALL
8.731350584877333,0.040935153236637434,0.134024393248945,175.5564918773381,166.1715408322116,0.05641687222734748,NORMAL
89.53292201011513,2.8713874517712084,3.4065338858886074,72.82405275914667,101.64246721421779,0.826215780890881,FALL
21.315279521401884,1.1302011015748699,0.8469445441969776,154.25682645316272,161.6010048613735,0.28171291306497814,LOSS_OF_BALANCE
29.605329740851978,0.5551354060801932,0.9492083858379627,162.47800997689052,152.67589727060636,0.10671504255517648,LOSS_OF_BALANCE
39.51981845221097,1.7701409211252708,1.613647820711379,116.22212888725915,114.51138947650016,0.687401535990199,PRE_FALL
37.82226136682224,1.3618455049357643,1.8152365240062363,138.31208843092136,118.4309970789715,0.42360567384899966,PRE_FALL
38.47368774895962,1.8325674437046582,1.4229913257110574,138.65052871290249,110.38199052539613,0.47829636381024127,PRE_FALL
29.064587219352994,0.7439873657797165,0.6860479798640844,148.82962632187687,162.3558336814519,0.24874051161720304,LOSS_OF_BALANCE
38.791067054943,1.8485825338712913,1.1408492460656818,129.8620441426829,126.39138254867608,0.5779294235005965,PRE_FALL
9.486935320263235,0.39592126249993587,0.28819863011062147,174.7377039846722,167.61304006433295,0.09687428963331678,NORMAL
41.73874932653194,1.319919861977637,1.3373152181339,110.75882350956115,123.72811641947233,0.4910566393206525,PRE_FALL
63.88841606021553,2.8512239353970434,2.6539820787769184,91.35327515864648,83.35211362205393,0.7329571339703973,FALL
27.863387217554195,1.1458890779294841,0.9352147078795203,164.30731060057545,157.7287588007474,0.32717566496285455,LOSS_OF_BALANCE
1.3896830707712993,0.08280291121449607,0.023126467722374054,174.65215503582465,168.1727565620363,0.01869056758087676,NORMAL
56.965318409613445,1.3469159143320861,1.1057678644312805,128.8033619442358,116.4319587899294,0.41834449163318355,PRE_FALL
33.678555100382845,1.715448818613704,1.9425787305209092,129.32420827841995,130.5684779255771,0.6812308595533164,PRE_FALL
82.10236150183304,2.750287438877434,3.763671762695512,89.99245813807246,83.56003711946663,0.7764073151918914,FALL
53.768333987700814,1.8597484033895422,1.396350175751324,138.82051799196125,140.825305535762,0.6971511799873045,PRE_FALL
79.04808658103696,3.3831288145336464,3.333908611966458,108.77975156474861,70.19148714592728,0.8686684405625822,FALL
3.438470151122228,0.1864574680046331,0.16195997888326422,167.43896412107827,169.52339654283486,0.09204339759418756,NORMAL
0.6175804755668379,0.27382462435546573,0.15164611682777873,173.59052511341798,167.2477857207362,0.03281176377422065,NORMAL
8.004503367206857,0.3387674427880151,0.1860819343047909,166.8042281213315,176.3578313345879,0.017287897280649445,NORMAL
7.595858501768448,0.04675025271355471,0.11377920667194477,173.29052159294542,165.84172408693448,0.0009450172654130618,NORMAL
32.20326467211736,1.8162933667464745,1.6877258071299672,130.2744606761179,135.15241680186904,0.5306004503590179,PRE_FALL
8.72742498408298,0.10338931616100494,0.06082996763648199,168.74543150920437,174.27895348772714,0.015599556847615893,NORMAL
43.27582668149148,1.7913315110690498,1.3844755206300792,131.52685225959343,123.30569219444641,0.5623793864959237,PRE_FALL
13.13601274368578,1.1811856304433612,0.665050731333287,169.33778851130748,143.75400068084926,0.16355927303523365,LOSS_OF_BALANCE
2.803466531846416,0.2458096066796585,0.20885485340249244,166.4732608540911,178.03350037648798,0.013438552096844048,NORMAL
41.57608349615299,1.8020471843021508,1.0480936874538977,129.3937670980573,144.0796019782501,0.5906674031215987,PRE_FALL
88.97326511522441,3.154196585015284,3.5452300280970754,79.33521672000008,73.61748083160553,0.9212613200718613,FALL
8.071282732743802,0.36486589334690894,0.16086842743641022,179.59673645969056,170.6780156581253,0.055204063127322706,NORMAL
7.319850852713169,0.2735231293061157,0.26943725193599205,166.3965702807103,173.91045816078142,0.061364472577889385,NORMAL
5.917716320324864,0.07448485089002072,0.17211023546364557,165.0761637186004,179.7027606193972,0.004005867981369415,NORMAL
41.578194527620624,1.5471764169895792,1.1146143305697263,141.8514262962566,127.77731146249641,0.589413726173788,PRE_FALL
69.4074808837934,3.3001631157334406,3.1944307789534365,102.01742788011993,78.30148581949545,0.9470638165256662,FALL
81.24587949036922,2.3815585109772073,3.595790023735253,82.8534432352817,107.27083460679668,0.9373650776806355,FALL
11.477804855184207,1.0054790086481158,0.8336701945427594,152.46140070710052,140.4422535172072,0.3490754556842848,LOSS_OF_BALANCE
24.937395854124915,1.0448162818700033,0.49379766770522404,160.14318921694357,158.13867704540579,0.37292392294390597,LOSS_OF_BALANCE
61.7147939278027,2.5104399599202343,3.4328232935503378,96.62048676307086,108.40140027799933,0.7824811348110363,FALL
5.323398298758764,0.35436990321771894,0.08993716942122411,177.23623249865736,170.52536714798654,0.06738063924730166,NORMAL
30.78920853458544,1.573814779823904,1.515571247493787,138.69348046662418,128.91926172784554,0.45145845511337634,PRE_FALL
82.84730182774616,3.253874918052426,3.6602645869700865,96.04995306939102,89.60383010683249,0.8820241856292457,FALL
72.12622004745953,3.140632469058895,2.723250588850582,84.67833311137268,80.35962205612111,0.9621894248008616,FALL
2.1166028421148155,0.16342290244065427,0.2283689123682081,170.68689323346206,176.28014735332178,0.08319242851552727,NORMAL
89.2971657405665,3.2623312358296697,2.860403613602334,84.66872204329643,108.2250551259216,0.8351088285423647,FALL
26.694483844224063,0.7699764840974879,0.6765641487993144,146.319883911406,161.0656240062088,0.20407645921261902,LOSS_OF_BALANCE
65.34633213611727,3.2064078547763932,2.048267285242269,78.36024450915049,85.30475836803205,0.9306836325533359,FALL
54.03675873880708,1.3509336093904754,1.4747595524659411,126.75570236514723,113.46664548691086,0.5163572614335251,PRE_FALL
14.926321918216093,0.8882952150410833,0.8496499306552108,149.13838525896796,152.20237764253815,0.1251725066742551,LOSS_OF_BALANCE
53.40118279711446,1.5588642114450482,1.146605893205455,113.91848454566693,144.1603955667912,0.6887557685876187,PRE_FALL
1.0703597770941764,0.27661182044240795,0.0817044636944449,174.07244740545335,175.76418280708197,0.020359731232745294,NORMAL
26.953842892253945,0.5455197531569925,0.3892750534668681,167.57347363286922,153.25755209955324,0.19044132220165128,LOSS_OF_BALANCE
52.110107325077706,1.626834314760939,1.857175798067189,129.6022696925421,123.81124680360149,0.594896583811929,PRE_FALL
54.08552250072998,1.5430034529007082,1.3630213473255508,139.53625342036563,129.92723931302484,0.6690376550936428,PRE_FALL
7.994623519360702,0.49898172308279976,0.13910534016102877,176.87137071397942,169.95372970553746,0.08435462992680787,NORMAL
8.238553513904476,0.454693819213946,0.09065705235877507,171.12443783693118,167.09665518760832,0.09462615328819463,NORMAL
61.48495944146407,2.1341981680049122,2.5520449583595055,107.53433585560511,78.39426407152831,0.9756950756984654,FALL
8.897673251634664,0.03997840161643601,0.24030598470326522,165.91050282429077,173.37029834205032,0.09382438576998607,NORMAL
39.8367180691398,1.3273737197291202,1.9921508013707157,133.75614934094827,133.08443015673322,0.4044496456771044,PRE_FALL
71.32569479181362,2.7612302603314225,2.6987217377330577,94.48309742393754,104.99823877609425,0.7568399469286714,FALL
6.34498969152671,0.0023567507119969244,0.08205835866044987,176.417899218225,167.52908634874362,0.07644837361457579,NORMAL
22.268854174798214,0.7122249727389972,0.8024666708320629,147.02773831340352,154.81426014765273,0.2088997536229999,LOSS_OF_BALANCE
0.09286947608460161,0.34779855364402434,0.2451327080739895,179.8223236419641,171.3347090066259,0.013217515109256084,NORMAL
1.3032884077716433,0.30173732541235526,0.24825653359562203,178.45453429271296,176.62305634601705,0.0649231735106534,NORMAL
17.683533176841266,1.0790251953569614,0.3591453063622417,148.37277446416934,158.2924317681647,0.24860724960010158,LOSS_OF_BALANCE
3.7867863141257976,0.19030350463057338,0.2304780971353165,178.683791682332,173.48237367771253,0.06595303406020439,NORMAL
68.76952465922999,2.935513533368834,2.0900057974277355,81.0977282762526,87.1426751639998,0.7208384315819624,FALL
52.979733224712405,1.530735682465627,1.732702457071027,143.5767658192976,137.75610368872628,0.5544011203773963,PRE_FALL
23.949419311471374,1.1213724275550376,0.8470941651920221,152.1351711695046,145.9188726278338,0.19045942370060293,LOSS_OF_BALANCE
17.70060027120713,0.533612902134183,0.43852730680757335,145.46517409704367,144.28863398014693,0.11023421176235172,LOSS_OF_BALANCE
54.03899364043548,1.2436017158093131,1.8471747120490667,119.7074607667413,129.19717448750728,0.4805242869125801,PRE_FALL
62.07742423009256,2.1708157814010036,2.956920856625789,91.88377877466459,107.09443641954631,0.7072121233933761,FALL
64.61718749444002,3.337661168612776,3.7231497064610806,80.4004842247698,100.79360917576913,0.8766185252628229,FALL
57.671844791540764,1.6731850282482181,1.772425924380226,126.4301822071412,128.29774611839014,0.4045133181675171,PRE_FALL
8.039099091153837,0.1430032558543477,0.010082805418877527,173.99272369338735,172.73720447329242,0.02316709728180616,NORMAL
81.62498885784828,2.1982267260561237,2.11098754305453,77.59493875649613,109.41814525974475,0.7899943156472901,FALL
2.224337175456644,0.4082933027984645,0.13809097040368262,169.577863010079,176.93018248729294,0.022759548740777038,NORMAL
2.419381344209933,0.07178842012313003,0.12877166793100012,174.22214374163926,168.60846358209815,0.041656759520853986,NORMAL
6.783082919223533,0.2664277326295197,0.08767930593783789,174.31426901759346,176.99855800792275,0.0945365322330766,NORMAL
15.261476280298563,0.7662031608947997,0.7087292690895575,159.13143881008858,154.52699188823874,0.29708228995129893,LOSS_OF_BALANCE
18.722658220234383,0.9528454358425658,0.32590261430586387,144.78075465695082,144.0929188644458,0.17751905424074046,LOSS_OF_BALANCE
52.47156664819629,1.3931029117322489,1.98400024674296,111.20197524354262,120.84347523258553,0.6331491314710083,PRE_FALL
83.14977184494927,2.071340969000989,2.6231010504984438,105.95833954891589,76.46198388744355,0.9735554465025347,FALL
86.02398574459875,2.9775583461749333,2.093468191275905,79.53193893611744,77.29443550756308,0.8725694949044005,FALL
3.891566073673588,0.4482628835013599,0.09951895188654857,176.33413896781337,167.09925891352796,0.09884779579141031,NORMAL
6.342942473532567,0.41726323459237635,0.20431670541276312,165.99172625431822,175.48013822408237,0.07299583774315414,NORMAL
15.199991068608,0.7067044487777046,0.6112704458196673,163.6212184541768,160.98685017032662,0.27046935694359014,LOSS_OF_BALANCE
19.729866274228222,0.7550025323117191,0.30949273764658447,150.57879134292915,161.30471453079704,0.367411724890391,LOSS_OF_BALANCE
15.870900789611158,0.6491461612400711,0.8166180054979288,157.0652583376217,146.5238958425201,0.19144593982944413,LOSS_OF_BALANCE
46.849789681218155,1.9957535012030676,1.228110354542686,131.23558757986058,121.40223304521389,0.5987629970961811,PRE_FALL
31.726372963750727,1.4780824808873323,1.8675771482758896,115.17580428892515,133.8702453479501,0.41962382783308827,PRE_FALL
31.827625998722397,1.9945661365108718,1.3145020789000457,130.25713104462412,114.64957154775311,0.543802383030923,PRE_FALL
72.69740225090874,2.5202915019529977,2.880075418533111,72.47353505296101,75.15794193126044,0.7766980177958803,FALL
4.162565985013154,0.36014396071409854,0.08137738740294499,166.16830604950368,170.59212250106793,0.05020409425595828,NORMAL
3.8381645877703976,0.17035707908957504,0.24417471146745945,173.86455298563263,176.76470964925795,0.04353537080229162,NORMAL
9.480843537069427,0.4591027044207167,0.12101749335033758,168.42627427253737,175.90753242204482,0.013120577641718256,NORMAL
87.8420594712666,3.373349419971234,2.9956560349798824,95.53123787773174,89.21766169206856,0.9495724908568226,FALL
13.408202524841323,0.7409494798682337,0.40911379986252483,165.57831417793676,149.42888703718873,0.21230877498830572,LOSS_OF_BALANCE
40.66000553521957,1.5407267135584817,1.4294849157047294,118.88162290577661,111.03894160806884,0.43614891222400487,PRE_FALL
64.17898480415957,2.58031230672851,2.0921802711417397,70.81023213614476,103.12557314032955,0.8815302597770467,FALL
77.24496151186258,2.258101307047813,3.939793115849337,96.39699241249453,81.05649107725318,0.7849164723816918,FALL
8.972081032332621,0.37182772107979245,0.142402331046916,168.8878732269753,168.7085960626449,0.06376614367761563,NORMAL
33.37539267858204,1.5922619981045643,1.895382723342629,121.44068688034741,130.28524945149763,0.5674936755280292,PRE_FALL
32.92084345867881,1.4543069401400432,1.0315657993632696,116.7637014344,120.12032594215873,0.40847648856274327,PRE_FALL
44.709253906005245,1.2218625031707722,1.038671575209262,127.06069399838694,141.70563953398914,0.5424615358982006,PRE_FALL
54.04371170035272,1.8231013422452633,1.86369039919534,110.33758353671989,110.47065280957239,0.6420958735223147,PRE_FALL
87.37313839146721,3.379995052668595,3.3401600189709626,108.96139755813874,87.11632787263288,0.82621605182774,FALL
64.69622238324641,3.272801934315428,3.4056325517305375,97.79352578893489,94.80011121576834,0.9597107601660446,FALL
62.76297634951444,2.0973843736593123,2.457679918902131,89.25524340118785,86.50211190308042,0.8893922003445432,FALL
3.082583499301337,0.449490744371295,0.2388366914664125,177.91053873001354,178.48386954789711,0.021007653833975404,NORMAL
36.939132975951274,1.8932412448160454,1.2049593513241623,124.43259562346582,144.85846188553825,0.4217811892240088,PRE_FALL
64.84846212141393,2.596537508612116,2.9221903047937636,90.16062876465418,89.6678069425267,0.9541734230072614,FALL
53.533730768886336,1.2338375404806237,1.6105584026042314,127.56426111851948,138.27411789922118,0.4892886586038412,PRE_FALL
49.42020152771646,1.3856716517969856,1.9584613236518296,114.58947645494914,140.7080107100577,0.6649252198439839,PRE_FALL
28.28090350017893,0.674835656450752,0.6773837357427472,162.99241733352977,143.53596202062027,0.18975339788896892,LOSS_OF_BALANCE
84.44690192607877,3.3368082314414513,3.8268928076856388,100.15677608804369,82.48226236755718,0.9176218287184912,FALL
5.316610514024726,0.09473020655333786,0.15785760653810912,168.7314454358102,174.3798758030873,0.017889789162891714,NORMAL
21.383168716627388,0.6479568027279912,0.33407757402278904,159.30932088560328,149.69512540060586,0.11666050719574092,LOSS_OF_BALANCE
32.745111234026304,1.718361596274279,1.0840325201611867,115.52408429146885,141.1846481821608,0.6023021388437051,PRE_FALL
69.07090244148311,2.391699700297659,2.311872675961452,72.39654875085648,82.77005946561151,0.7224061401757608,FALL
12.861589644058732,0.7285783791905397,0.8517151232972804,150.04957355002287,152.24412655027038,0.2955934637219808,LOSS_OF_BALANCE
6.291642541306993,0.02109295779736553,0.28122627708967013,172.81389379376265,168.79969110502634,0.06385200120420238,NORMAL
0.0009234639492805563,0.4076898945804441,0.2543839465148012,170.1582737587499,172.03796932866038,0.0008317110596373301,NORMAL
4.933606758548849,0.3863066314752622,0.058626727161847046,178.50664945839634,176.40723330482544,0.02451268743765829,NORMAL
3.1097794838466033,0.05870787292238816,0.2748391157551906,169.4255640023437,174.21938172215772,0.021912860093534395,NORMAL
1.7138357522104763,0.249929196556396,0.1301728955914987,176.76564466185167,173.48784941926553,0.08579603133636694,NORMAL
12.455243353973273,1.086676391939021,0.8076403502328475,148.35554996836566,161.40481422080967,0.274575587198846,LOSS_OF_BALANCE
30.147374326709475,1.5324675261508132,1.4700966111022815,117.36459865448678,130.77197374772493,0.4278787678674546,PRE_FALL
30.345888461183208,1.2218574450928226,1.6648821360683703,110.84725238532575,138.3359118946504,0.409104222246186,PRE_FALL
75.35179304554177,2.616537372082804,3.0502472523280106,104.44978211985665,108.37939292695944,0.9055743526197672,FALL
27.589344950355255,1.0367186304263818,0.5844021711686416,141.01645043657047,165.9933376491281,0.34695933411894,LOSS_OF_BALANCE
0.11961411023503232,0.04884937973791459,0.03117218543328244,171.68913305008968,168.29124488591225,0.028329701909345462,NORMAL
14.831088781976334,1.1301310772921243,0.590189662001075,140.46590194692763,144.60126045134146,0.2123217221515692,LOSS_OF_BALANCE
60.705948931079085,2.127879568872453,3.123115200434669,90.89486364821323,88.33124938209829,0.7088874148347922,FALL
57.484196209378936,1.4392726532668099,1.0865417473685648,113.1603695798128,139.42532115588574,0.6979352621941182,PRE_FALL
33.81345089932357,1.996446770642371,1.4689569881470486,113.82703631296181,118.00257776924292,0.6499284201593634,PRE_FALL
83.59053805498036,2.9039408604933765,3.264069674159953,83.34958545512788,73.52863059853972,0.9635481934412125,FALL
8.342502922697223,0.22465363877480526,0.2987500884005836,165.5556401989555,165.84081679631606,0.07877785319165288,NORMAL
35.50701525594898,1.8630508566343527,1.1575713301657746,133.4761977637571,114.75061514356726,0.6573925783827774,PRE_FALL
9.502540788653826,0.16364464008046514,0.000741925542595423,176.6120293565654,175.9908603980923,0.0730931937487053,NORMAL
10.103185682275724,0.6362256976536964,0.35726623100093685,157.15458850734075,140.76115816613986,0.32123325368529854,LOSS_OF_BALANCE
50.869082601950026,1.3588956898055295,1.090542217430961,130.92892838280204,140.6926567719255,0.5213911269282001,PRE_FALL
44.43652032293402,1.5873992691327028,1.0468898355897354,128.2539907407452,134.66401403156317,0.5745930878132984,PRE_FALL
79.0287534721785,2.2166642860792396,3.5013057034767843,91.7594456529969,88.62464369182625,0.8762145133246253,FALL
46.96264111234552,1.9459881341564547,1.0667941106044734,137.22089569437583,110.79572743851513,0.6809723433643164,PRE_FALL
7.159135002831553,0.057011679177869146,0.22779598532373513,168.32620661730286,170.12035671865257,0.08298838856344012,NORMAL
23.2315664683102,0.6256865371042785,0.42754569418755817,151.78872012613536,142.49871695404906,0.363026604140651,LOSS_OF_BALANCE
34.33151099391003,1.7794513681409558,1.785597481751771,140.40803997148936,121.37890643778258,0.5233380519868239,PRE_FALL
47.84716786256574,1.3522516687558137,1.58235027892427,131.98015554781205,139.38540102166957,0.6891527086548137,PRE_FALL
33.96872950537329,1.8893506324825828,1.834279919916323,130.08525760777675,119.77469683575765,0.4737366761005167,PRE_FALL
64.30698494495532,2.728780303065581,2.0745437341983735,85.99897005587417,86.0093310805849,0.9770406634027228,FALL
8.029422425723574,0.4783546747926376,0.2628339138729201,177.1972102440956,173.62340818160862,0.06941918614713001,NORMAL
9.076556421470944,0.29761560127979003,0.09011797615298239,175.96184042934416,173.64425544234507,0.007847739592285385,NORMAL
39.19014164527076,1.8113297726204913,1.2511677123310188,138.16076174019244,130.51673246161144,0.5886541129692353,PRE_FALL
67.33081963409603,2.0089687571567745,3.284778074924075,92.54647796917217,76.55769617126388,0.8810409978625492,FALL
86.947625994571,3.441409701768341,2.131179980252111,76.37336117092107,76.00890562793379,0.7496813206388911,FALL
7.890767632200629,0.03698256779114423,0.29721018433109037,172.1885204965894,171.0120764599406,0.050661264302950905,NORMAL
79.95795458770039,3.4320382150479345,3.117252184486194,107.1650249960629,102.74000821010648,0.8122675735462487,FALL
86.37958827666097,2.449005289511875,3.429267294124343,78.26336306347278,72.78715190463569,0.8029753079995502,FALL
51.74332914678831,1.5324087257186896,1.0030741086772177,131.73703364136983,117.47956178122497,0.5103714539328424,PRE_FALL
16.30672498471521,0.6610726986878881,0.4461650776951834,149.0878852076729,152.7285091558852,0.18132338203410547,LOSS_OF_BALANCE
29.432547093052523,0.8682107846199969,0.6995514677941663,152.49256974169907,142.30506388384643,0.3304760280954334,LOSS_OF_BALANCE
12.938035707360383,0.9325645130811981,0.334705771974256,143.43339688806253,141.15505334383,0.3053324151934367,LOSS_OF_BALANCE
73.84184611205485,2.923003905953606,2.1789504764900585,100.10540955623756,71.38429154585256,0.8354413006566431,FALL
76.81575147177739,3.0766517096266326,3.338849280203196,103.78781958482455,106.38940254934553,0.8793620089941792,FALL
64.40220170127365,2.4703091706248776,3.201239390745518,88.81534954253452,70.28041704775357,0.8432221158265463,FALL
82.81437126963259,3.3212178295137,3.2922381611572558,73.62558688255598,107.83055995986672,0.9378756765183626,FALL
5.77559834409459,0.15607144921589955,0.26764067532832697,169.81320554769286,167.88818459435188,0.027664953866806476,NORMAL
8.137382542609338,0.35299418047299,0.08923345040980557,174.21726773569378,166.2712795293454,0.013394776965071065,NORMAL
15.80385923029902,0.6832596247258778,0.7323761680400646,167.21984704918816,151.0891321859292,0.30528012584277,LOSS_OF_BALANCE
22.36368525419496,1.0902671549577578,0.8257729269658041,144.5615324096728,168.26575963686344,0.28289966603521055,LOSS_OF_BALANCE
81.10777120498713,2.581140279042878,2.702164783058797,97.95159899686922,86.00757448455796,0.7457928266881236,FALL
33.31937941702831,1.6909576841280918,1.7223815888099978,133.78330656379723,112.05058276331907,0.606235788273169,PRE_FALL
86.08069592301158,2.7448460357743016,3.470441333639485,87.70772330233656,85.15599606439929,0.7487755833398324,FALL
83.39264737256211,2.3667603322308546,3.724035912943973,87.30601563966115,107.1947432168731,0.8813980850157095,FALL
78.43088022914348,2.254198576777111,3.006846722903086,82.16941956736804,95.20697989692209,0.7254443035898941,FALL
85.50012611314618,2.754706325842623,3.014457552135031,72.13687055173132,100.74487651599395,0.8296007644103065,FALL
42.166348902300896,1.3529319509672262,1.2529362119086085,114.48668625341028,116.45252763111604,0.5922461679135355,PRE_FALL
0.20380017320332344,0.07619117289239519,0.03786629246226187,175.04188266929867,173.45954372895028,0.021796454090650366,NORMAL
14.481912774796083,0.6804754987028537,0.5382269497917597,150.65722929746818,141.40029075073338,0.3633140941493713,LOSS_OF_BALANCE
14.836622261366184,1.1814432261433725,0.4348622823609973,159.33303074389346,164.8564969863551,0.3403994938700059,LOSS_OF_BALANCE
43.07227364173632,1.3416209230585026,1.1409132749077568,143.00587957138924,121.69935992306424,0.5762904630775335,PRE_FALL
1.3786729853455748,0.1918549814188435,0.05572610978782969,174.53252463087952,175.40149389794033,0.06452600950799504,NORMAL
3.767198708225247,0.08112360604422525,0.24940351700673763,176.56646720596484,177.13565579458952,0.01655391657440587,NORMAL
8.879779059556318,0.055483271863143835,0.10967725768391683,174.28700175593133,170.4835671595968,0.01752674031866539,NORMAL
3.7893935159046013,0.03383333891049767,0.12819715181732838,173.25706624220228,169.3924907003511,0.013454578907805104,NORMAL
36.007712337570936,1.7480672325462132,1.079676891332677,132.6395043253591,143.1302495434527,0.40620726890741277,PRE_FALL
9.927758237079788,0.4336511994960472,0.05117003519690888,177.4554536205642,174.012580716168,0.07946160702604513,NORMAL
27.14001918132357,1.1419980814785462,0.390288966958071,151.00196797679646,165.34506930961427,0.38561348761687897,LOSS_OF_BALANCE
4.908213350785862,0.3964664340661587,0.0279160051664015,168.32394600708795,175.37680732942803,0.03062060301300884,NORMAL
47.10620926373508,1.7978184300578222,1.8329296983014778,133.59722165392327,141.03282537880565,0.6453580878005264,PRE_FALL
22.36998748974986,1.1817453245201808,0.5525101481636137,160.21409428785927,160.70880063066681,0.2184991712971942,LOSS_OF_BALANCE
33.54679211408065,1.3885458557994363,1.8791058435872086,127.21512718106987,143.53959920907067,0.5765269671694082,PRE_FALL
69.18183170956509,3.1522337647623107,3.0894625151091883,81.13029425936116,93.03650256836198,0.9209712326541454,FALL
18.3424727627147,1.0335559208541447,0.5828567746185898,169.06039858060802,150.60835875104203,0.3416112269608609,LOSS_OF_BALANCE
22.5985223230808,1.1096086319071825,0.9376900393750287,144.71097642071902,148.7636896315582,0.23245537302337146,LOSS_OF_BALANCE
29.85103336794256,0.9138373392837906,0.7441340342470129,146.8815257669526,143.9688743802793,0.11150992946444817,LOSS_OF_BALANCE
43.715444899452834,1.534162926509038,1.8916074933895493,132.46775843552967,116.08701185304433,0.4647720559898803,PRE_FALL
81.1264787745771,2.3748883822192797,2.7534450538311184,100.44180257584432,70.03076646681403,0.9754872420896911,FALL
23.56214881341888,1.1804507853490633,0.5678430879355127,160.3761308625987,144.58209953518642,0.2865900284571185,LOSS_OF_BALANCE
20.92965543344834,0.6108717878552078,0.8191877803068661,167.79749537741995,145.785357789571,0.10886657283295881,LOSS_OF_BALANCE
60.99280838602419,2.2002033200935114,2.0334861612335997,94.9960175514361,88.25157912278729,0.8906807886602207,FALL
2.7532446285830314,0.41567479669555996,0.2743422005934138,173.31780465249085,166.03314875041738,0.015502547807532697,NORMAL
28.44288381027203,0.6075838676398272,0.9668462820051622,149.90751584653353,158.89517921190242,0.2809008357981269,LOSS_OF_BALANCE
46.9601961455369,1.4355260015801987,1.7722995020481824,141.05684433755104,129.93185368670095,0.6376895665560374,PRE_FALL
86.00867476341293,2.8956769495554484,3.3716574962585373,75.97632233004211,89.73293799654573,0.8485124693490556,FALL
2.74740737197832,0.48873967411625585,0.0051427792807281604,177.19735831370866,175.11049428178816,0.0806167698947429,NORMAL
8.783996215142283,0.23872426022044824,0.0598367924002805,179.45871058336402,169.8175155317875,0.06458979178902699,NORMAL
15.91426866148401,1.1113147172580433,0.5149212838470592,153.0849232271236,169.52935098250552,0.1248901731512529,LOSS_OF_BALANCE
6.342379588850797,0.1319919508152047,0.14655955564481296,178.58004736618986,177.69155569942282,0.009229846771273342,NORMAL
13.241791640827508,1.0696864185480073,0.8660705525651793,145.76887438133767,157.46323839371868,0.2887346989508696,LOSS_OF_BALANCE
73.26777560326285,3.109602612646982,3.5318843151749446,103.59457367819314,96.32800665461956,0.9639557359025339,FALL
70.74469897717161,3.341646348192455,3.200246009035275,74.31187816968203,92.81820100632896,0.8415980999994301,FALL
30.099846561309437,1.3916411344169513,1.7786648703391807,137.80492824722586,143.05273655393563,0.6895431023366089,PRE_FALL
82.34839989810357,2.8205784290792817,2.449211095630848,80.85813796892836,107.60744650940555,0.7859857590738482,FALL
89.17322507265652,2.772574982911311,3.3685938450562665,79.9616469247824,74.74962797472436,0.7290343218811135,FALL
4.401850083917312,0.3187873332473757,0.06325702423846137,176.01541666408997,170.1761357919491,0.06422610973149202,NORMAL
30.728279356619453,1.948212424297983,1.2440728965809735,134.41533190953973,125.82860324500082,0.6400301918876453,PRE_FALL
58.4708967101618,1.5099609124953386,1.4075741870797478,134.3745269373377,114.84783261756817,0.5029886011399096,PRE_FALL
60.059752770035956,2.387695319908494,3.2145163495913436,76.4962431665033,109.97356780515742,0.7696000774832319,FALL
72.53960544509135,3.007136645745918,2.0974978820419743,93.05816895942674,95.71947820291479,0.7634939276583608,FALL
6.14748169480367,0.01951828180906412,0.23516047045163052,172.5499381220769,166.76274609862156,0.048224093511248095,NORMAL
0.6611578116679928,0.4800476491104025,0.22683421606370596,166.32672417982877,171.14190958128935,0.09144104963043992,NORMAL
57.45601988457436,1.7954031146931162,1.2814171483043335,129.4691951803902,127.88078683312753,0.4479589965227746,PRE_FALL
87.82936762547915,2.247097977617496,3.2862570066841332,93.68194703199029,106.94143051673234,0.7022967371155596,FALL
67.69303853119244,2.6869977919027677,2.0074917654963573,83.89930394630449,98.71230966457367,0.7220950431976649,FALL
63.173508664984695,2.041235561138296,3.3805188314912575,74.44272779798425,94.6227784365361,0.9927843879940872,FALL
86.67805715338432,2.096616940190824,2.5269919214892926,109.74187971280213,82.08392298455217,0.9524417169061383,FALL
79.00860272642808,2.0957117860437857,3.014351567498222,103.4245266394508,71.44515678090085,0.7825711142366722,FALL
68.79407283443851,3.1797777145803745,3.8047829439005945,77.3466850401598,75.76898756409972,0.8943837383329378,FALL
40.02006246231134,1.6865921160401314,1.228902115861716,111.87946740776646,134.31773936463176,0.6025802651617578,PRE_FALL
87.94248653259783,2.8751103253086816,2.353841426806804,105.70161293290633,85.07821369477296,0.9955800181403947,FALL
9.580317693039722,0.10115910319869986,0.20657756457345308,166.9786963107602,174.74995799010978,0.015897746290581938,NORMAL
9.800272791942792,0.47395218930154315,0.02251234949644778,174.56268806824949,170.44966695976473,0.080109597556217,NORMAL
0.2948229300029148,0.3416064583758414,0.05184216354923675,168.2207415895504,167.80726670566742,0.027985455428072382,NORMAL
56.74951399349749,1.3164510296161058,1.6414001214500407,122.9332394876229,123.76435700676718,0.5393521278727804,PRE_FALL
13.01223949141945,0.7250100872091824,0.6957186521523524,152.1960285018596,140.16715309056897,0.30711920159136696,LOSS_OF_BALANCE
68.73349972639299,2.271924707266511,2.4444823093462507,73.30267558162167,95.60143755013357,0.9764867763454397,FALL
48.37391359953095,1.6897796046534836,1.4349376616605507,143.24359290744727,138.0097806183985,0.5364857501480189,PRE_FALL
88.75577841497562,2.798957390252317,3.7056625570879165,109.39035489389616,82.29495082330736,0.8938954924035212,FALL
44.834787821278404,1.8665983718340342,1.9832622946722445,118.58731084041118,117.90414281496746,0.5943685154874443,PRE_FALL
68.68837818816053,2.3975220937175497,3.7801478012486873,95.82744707865982,78.55939691436032,0.8257648045562478,FALL
3.8459505769109468,0.46224102139580203,0.2519888060180146,167.3140093634059,179.96184064515705,0.06700660819228675,NORMAL
4.231379402008869,0.10589910272104103,0.1617888266338375,175.94896603634965,168.01726595084543,0.031171629130089498,NORMAL
22.114980145124456,0.5706326079028674,0.5911890533576778,169.8130170614403,149.10955680192686,0.16282988240606455,LOSS_OF_BALANCE
61.88001337451962,2.456068178841466,2.7909057871694216,84.41986007519989,105.26728370999393,0.7420337487799384,FALL
3.869873800392635,0.28083635537982354,0.07853300297624874,168.90434656709854,171.69409668608424,0.09963651121547608,NORMAL
87.75690763305425,2.6408235438389007,2.701694966697265,75.00373781602534,96.19455841316265,0.7793475880023178,FALL
4.899428985108636,0.1624478134020228,0.13726347883251364,168.70175761292379,171.0730015236379,0.004182627505011816,NORMAL
4.148845274368069,0.04951081735526425,0.14680411133688434,171.1217382854655,179.2728228807159,0.0032716286855046907,NORMAL
27.04792349455381,0.594737472496679,0.6670649178367629,164.88224047583424,140.29463559039414,0.22489088292246862,LOSS_OF_BALANCE
4.553446168665011,0.1608886751145187,0.05659571211213162,175.46247641430858,173.57696462977353,0.023356244605789313,NORMAL
60.00256280147971,2.4064004141097772,2.8625038270007472,87.75725834065449,108.35075990395102,0.8247948412582309,FALL
31.432327015695193,1.46255040467086,1.4201282421373107,131.19035631644167,126.69598140063965,0.6805537772592745,PRE_FALL
23.20842868659973,0.7091755507556219,0.3874051450109603,162.2873519234439,153.63102290489002,0.121120819926769,LOSS_OF_BALANCE
1.7610036757999004,0.29625975459070636,0.2418630676078165,175.4643984539937,178.709700061928,0.0028206569727159073,NORMAL
39.674898273853344,1.8060468181502702,1.8079721379059492,130.50441885618278,112.89214122353847,0.4571266050952223,PRE_FALL
57.92250983875965,1.766637591976902,1.5898871919071034,122.81551169259075,110.98176164158384,0.4691798850888619,PRE_FALL
81.97705147725247,3.4047788269555452,3.460850730791951,93.33364166963017,82.20363639053934,0.9469878519611306,FALL
53.703164554608946,1.2278953671672934,1.1985557431976144,137.05831393458305,110.59155941752003,0.650590323101573,PRE_FALL
71.84122536068506,2.6003015648492123,3.4596877164433453,70.470028637476,77.88521450966482,0.8890420516275831,FALL
3.514408206839269,0.23062084185244985,0.05124046344069547,176.51912272147263,174.06660347148906,0.01273940019901817,NORMAL
69.00604707226009,3.483487961917876,3.9019097549051116,107.7121099396258,104.66403124026685,0.8642839508323163,FALL
24.5637369482142,0.7378890897734934,0.8729672091598806,149.25531948677516,152.29434629260973,0.2717517090043917,LOSS_OF_BALANCE
48.84859778773678,1.650911006603137,1.073924012629638,132.71019200861411,141.8784010162576,0.681163280989584,PRE_FALL
54.32290389085056,1.8199447661526047,1.6112128400466657,135.3760421207306,116.31611634987978,0.5340480169734525,PRE_FALL
30.08211920513151,1.5862386928294183,1.8243240413760697,127.53769127324196,117.38716166595522,0.49975537586291663,PRE_FALL
45.874158738927505,1.7457025567317714,1.640838716069572,137.3556248583107,112.54267474817449,0.40919046261384134,PRE_FALL
45.568049683313674,1.9650071822779123,1.9495770771065521,129.55397159869352,110.54713436473857,0.496132424673411,PRE_FALL
2.892634513539188,0.4078931283816584,0.21945524493480548,169.78355544553787,173.96876511415894,0.06725319014369137,NORMAL
9.24138080895083,0.044797324063367616,0.2015242660349206,171.3531090354846,170.22461785269786,0.03207383628526696,NORMAL
69.83381394856006,2.510271311924831,3.023194112635836,87.655211991004,109.92021622852762,0.9507680330713784,FALL
3.2221313384806907,0.416614333283282,0.05717301298212136,175.15122212515666,174.40030393007433,0.024882312287588193,NORMAL
15.258752340623701,0.5716254874221448,0.857819136721063,157.61951185274796,162.98163027680215,0.19904805699509914,LOSS_OF_BALANCE
26.148613706810366,0.5267355155846007,0.32018587908926854,166.8279540643045,144.5957525161593,0.32085885072553383,LOSS_OF_BALANCE
10.437497968515025,0.9194075635962489,0.7876943594011727,143.8680270961649,141.36335677410727,0.26985243050931407,LOSS_OF_BALANCE
74.15704096668846,3.3290016284815254,3.6847402156587354,95.55634273787736,100.6210290874992,0.767128084351651,FALL
9.071624630054067,0.39824311123786127,0.2155124159155689,166.85316325253152,166.71247408236115,0.04493984180247218,NORMAL
12.481786571965845,1.0270917337032008,0.9759767305926059,166.9280689471944,145.41992519691664,0.27973078197661616,LOSS_OF_BALANCE
9.06880044269792,0.4176160826316206,0.200706579150492,167.2371673900015,166.35124010363887,0.05117053469646589,NORMAL
6.0338697728864155,0.3880733725611661,0.2892869469378092,169.41266582706737,167.66138847732395,0.06826588517015351,NORMAL
86.4208834840072,2.8648801023301957,3.7764529040319306,99.91750665004302,76.16383889008644,0.760764392191387,FALL
78.33845494628471,2.6542819388833943,2.955373587264523,82.61705515755382,87.0188083553667,0.7534781296198892,FALL
26.852067783737915,0.8589536926348234,0.750558079441721,163.57619887808522,167.79817757630533,0.12952273291033778,LOSS_OF_BALANCE
89.82426971753299,3.045929280768772,2.653263114315542,105.3651832884236,97.61518212915114,0.9420278846666239,FALL
69.75289179238146,2.0912983621240455,3.761952807751209,94.63128916279302,94.50992668200243,0.9959922042862512,FALL
4.832041536218251,0.24392719200153562,0.001983707097647669,173.27465341366886,165.1777645219184,0.05294176468416506,NORMAL
6.563946289111506,0.44994860756362165,0.16982064128637325,179.50748263129242,178.44002445535867,0.0695653633656077,NORMAL
84.3392318375699,3.3825790475912947,2.268854555389789,103.96118516870943,75.12023750950083,0.904014811736975,FALL
3.756455338019876,0.3413651770507707,0.19853776143764043,173.0895039587829,174.80301147628052,0.034776988713915026,NORMAL
58.287187668585574,1.7752936855649228,1.552382649428423,127.10906468225598,119.33353854653026,0.6740072051805426,PRE_FALL
69.68112249318474,2.073829347622977,2.801192693945082,109.61920691846895,74.5532334817348,0.8883355634288161,FALL
4.6939694493051025,0.22023439906800513,0.055309101117024514,165.77065075775366,179.11595395152156,0.047772918726568775,NORMAL
26.66161491590693,0.9711751055475333,0.8142092425538516,163.87917991109003,163.99265176898427,0.3533593851969222,LOSS_OF_BALANCE
51.786163319384286,1.513683626524186,1.9432701617408403,133.45966575710122,139.67763328328542,0.5993750280932826,PRE_FALL
31.826430290645074,1.8702835614833082,1.7506068407769206,144.91409881767908,136.89990406047792,0.46059855822623597,PRE_FALL
60.0452318099937,2.8093676993599606,2.391004028951476,109.0464789539268,81.77710571945963,0.8328455855187976,FALL
53.16510627911046,1.722560927639512,1.3239588674045888,110.47432188761795,133.09969687842428,0.4659254627855905,PRE_FALL
64.12805462912984,2.7019730090954637,3.5209055849349213,98.60235489210415,88.71793035028908,0.983648023192961,FALL
44.33906218644623,1.7230037621727998,1.734922122295059,116.74979464697914,131.42280622432918,0.4588997853807832,PRE_FALL
68.45536576094534,2.407908885650228,2.127748762794896,86.22667532711091,105.74499264626837,0.8019791381266291,FALL
15.046536091819782,0.7362232213653429,0.5073011177538604,164.57508028079502,156.28245493782362,0.15361845409849217,LOSS_OF_BALANCE
33.47614977998299,1.3878667290546247,1.989277082599897,129.62641500234784,121.50055845233265,0.5635189763965514,PRE_FALL
38.32272923262669,1.5898197530949294,1.2787611235293275,117.39978805623933,114.60876831680102,0.6247918222701272,PRE_FALL
5.678207282892083,0.21749143921749264,0.28926548241982225,168.55157602112845,168.91486408385416,0.03150089154097583,NORMAL
88.54047702268124,2.8222423968607373,2.430672486433629,100.05982564474523,99.39215406103708,0.9595483943206164,FALL
51.766714601275304,1.3367334310264896,1.3525716431953336,141.86350191649163,137.49867211548428,0.5566761916269005,PRE_FALL
6.413126527901719,0.2917157207669088,0.0666431571124867,179.0349761508884,169.16890753757755,0.0022548646357577586,NORMAL
72.66745010237872,2.03140515540727,3.3763777873683876,76.72366014308642,70.08523793887733,0.7016147934224505,FALL
50.131093964898625,1.9058442603300865,1.7973395065104318,140.9660502098316,114.95128557842268,0.5110131986894975,PRE_FALL
2.262422802826669,0.1342809966364748,0.01849181089802979,176.2835271317293,175.01202688701852,0.008570731183991709,NORMAL
55.680768552618204,1.646609899163387,1.6180911016097446,137.52831280198646,110.59480270022769,0.5873194421349774,PRE_FALL
4.436476383412344,0.06503700103235499,0.14122067370256572,175.13243906763822,166.588903782919,0.005379987572222633,NORMAL
20.75462988892102,0.7317245913021281,0.34277545241624807,154.06082308168436,144.69359064104526,0.20513583787458434,LOSS_OF_BALANCE
58.831516632615106,1.7445356959323104,1.0180719720571314,128.69552673843936,134.01904542431586,0.43659457675147595,PRE_FALL
75.96797941526265,2.8311553784491603,2.9593811218123887,93.09757769613321,91.25166860399271,0.7701857630148388,FALL
9.203921844782958,0.3458544329490538,0.1630935610162433,176.8608137557389,170.3929423952439,0.08955015153608992,NORMAL
42.845459497943665,1.9050833670995526,1.6939496297884296,126.58819501006282,124.04326334373488,0.6291426725298283,PRE_FALL
17.25448470023321,0.703852808584749,0.961354337640745,144.74907336405812,159.01683739678742,0.24258545274975638,LOSS_OF_BALANCE
4.006147984802325,0.3161362632997922,0.2876471660593325,166.36000462234267,173.01939444840053,0.09609255220000654,NORMAL
27.56775672896834,0.545764263592253,0.401102572067873,167.72466401699066,163.84694349534237,0.15750438764517316,LOSS_OF_BALANCE
17.629718411188115,0.7251458937561648,0.609652623093484,140.18127979292353,166.09600219688764,0.12099547599329322,LOSS_OF_BALANCE
74.38538150189906,3.0485757167193204,2.1171472475712507,93.63194830869006,102.69193725659034,0.7610186987236026,FALL
61.14154319226935,3.4899712918451256,3.2049296448959357,100.53673427773317,92.05944131386624,0.9540747801718702,FALL
58.91982058108752,1.5449775125157765,1.8619642897755853,110.78331373208717,117.98704370520686,0.437944832876349,PRE_FALL
41.46663746304519,1.645233611761968,1.292616017923172,124.381052380671,123.37014077932254,0.42987302947440714,PRE_FALL
77.53503190999895,2.2524226273865913,2.610287128746178,78.66825874515281,101.20557833839891,0.9624687708591271,FALL
79.43735089669696,2.841551643862435,3.5299884781265076,100.59369327954933,91.8026017738338,0.8204418167832359,FALL
22.49927751948971,0.8172600237286998,0.8344095504529307,145.41802552660477,140.55809966352075,0.31099949370970753,LOSS_OF_BALANCE
85.14985870066654,3.1229978827180633,3.982990083565528,95.31338607205385,85.54401661230563,0.910759381867657,FALL
22.42251639610141,0.7982716405079203,0.627285692116275,152.2685832606655,164.1351339588038,0.19510612772334995,LOSS_OF_BALANCE
53.32892315800429,1.735254692483433,1.025640571236905,129.8425499076085,110.84505481323782,0.6837849274179986,PRE_FALL
38.81845149324516,1.6157441946035922,1.407247930323092,136.15008612349533,139.03540758668822,0.5891433872757573,PRE_FALL
9.546088633914614,0.40230791697828516,0.08713579559788066,169.3144551242121,175.71211931247592,0.03463635140956165,NORMAL
49.65469166664096,1.84428972560585,1.2146181666528681,133.3432695262913,130.86709620120644,0.4384609992337649,PRE_FALL
7.4241273587286045,0.2806352763954053,0.07127864176986135,176.7646075930633,176.98232628734357,0.02876386545072203,NORMAL
57.9645031363085,1.3965172337705396,1.008746492307468,139.9392565042735,136.82223707088687,0.5539737727045396,PRE_FALL
54.431412832910866,1.4644798912496837,1.6649414995799443,128.43482043926375,133.3713151430227,0.6506075964493246,PRE_FALL
45.61982255873202,1.2621901467790275,1.4619437454886985,126.21785540988657,110.86324382067923,0.5787513206737094,PRE_FALL
43.78074471019441,1.3690176953511286,1.1360124295834164,139.66664113296633,126.45009461578564,0.45328759738005403,PRE_FALL
35.252872262397325,1.8743261688524506,1.4203566544393034,112.96895583536188,115.51370138237239,0.4219639081218981,PRE_FALL
4.498548190637917,0.1673282692572814,0.10828860631653646,173.40525052221398,178.97766863666652,0.02577148254524192,NORMAL
51.72185678873143,1.493313930196348,1.756589389444637,136.63824119035735,139.21612384942614,0.5295467573864672,PRE_FALL
80.64643229565259,2.259434903389141,3.0314353918116304,99.35768833938175,80.64881654477693,0.895851086852151,FALL
33.31680693718573,1.643953121062508,1.769156874109131,137.9040668713005,127.99640580484485,0.4116191175741392,PRE_FALL
65.1046658878576,2.8843516705875545,3.116380042284703,84.1716060326323,84.31873764771433,0.8852533659549564,FALL
74.24463206867789,2.234981342862773,2.915333149781991,95.79445204074446,107.36046982358329,0.9852706362229191,FALL
6.1631533768493165,0.15622032557551596,0.24523259371104938,175.69348027092246,175.06305398150903,0.05334849288951278,NORMAL
54.486429940977615,1.2119222652024881,1.2300194440463867,141.113728173628,110.56971067343709,0.6074994903550033,PRE_FALL
47.44749647713757,1.4944945842572965,1.8985789703505982,115.74627126679832,117.44724158442732,0.5608689949080718,PRE_FALL
7.686304223609426,0.22312911707453625,0.18793585489845877,166.7633096760372,166.9735654771813,0.02028517052794463,NORMAL
24.00911071481676,1.1057788446351715,0.6860795623789562,158.22400832900394,166.897107298962,0.1512242249801674,LOSS_OF_BALANCE
21.183121783039446,0.6582206572701798,0.7401752271495061,167.83638496532456,148.23741844688078,0.34622632915864304,LOSS_OF_BALANCE
22.03200427477327,0.7860339014026173,0.3846064996623261,157.15294263279227,141.20846424760913,0.14599135320874054,LOSS_OF_BALANCE
25.885900597117857,0.5635302503354156,0.841386296954046,147.7464154850516,154.03064592052533,0.10943441522550444,LOSS_OF_BALANCE
71.10064709237923,2.8009221643027877,3.758693501417545,73.40700253065171,96.35527025595168,0.7738014697163125,FALL
79.72047587279012,3.4646324376229654,3.9534413749658333,74.38141839858504,71.30116000494232,0.7874727762186032,FALL
82.78419636621925,3.3823867240850363,3.6124468594460515,73.21540278198185,106.95403611481731,0.8336944666961446,FALL
46.31204860479731,1.266371746333775,1.7242786350148176,135.0462971411307,142.28088113136735,0.5364058592465172,PRE_FALL
59.17332326551231,1.73475356930455,1.4220818003168145,113.22096357184574,110.45646694805136,0.5941914507589952,PRE_FALL
9.338916747881832,0.4931392211720557,0.08615619114127815,174.13266910401708,169.7473283774771,0.05253912253315947,NORMAL
12.598645667798678,0.643973903483376,0.6025404734352773,161.29014842170312,154.24340072843012,0.2811128346065239,LOSS_OF_BALANCE
67.93522122223473,2.250288121065741,2.0790384549473178,80.47864290112855,96.20835120897961,0.7511157062553385,FALL
54.45956598677081,1.8811204676068387,1.970508206983046,142.4826509428401,141.29572558478452,0.491234223250532,PRE_FALL
0.6095763710676216,0.47426012751336066,0.2639141672891649,178.67366498430818,174.38989706472495,0.04272005822945435,NORMAL
2.5365026106921276,0.008121115554473812,0.2365560048838546,170.17203739745088,175.99411532175964,0.06282569624756565,NORMAL
64.04927046698275,3.1828041654665142,2.035978924328924,90.31661518398687,85.9159432298705,0.737598787229796,FALL
14.780380797497362,1.01421032427135,0.966811760293371,149.94545328779623,162.20244162736353,0.16159490808914428,LOSS_OF_BALANCE
3.7021296887914703,0.2774556781491643,0.0761332936328089,169.59979630011892,170.16534456322282,0.07054946079710853,NORMAL
15.057424707984445,0.7115536961738227,0.9773784017059275,159.75458179860954,151.4836583106398,0.192393659950644,LOSS_OF_BALANCE
6.723407973510131,0.292280045826083,0.24672519036803225,179.10437837669332,166.62519153298845,0.023382190221158318,NORMAL
74.75454274833447,2.2233511462003697,2.4697568915742982,92.33337073358967,86.87422993274753,0.8473507106285686,FALL
18.149875794878795,0.6636183190317047,0.9203091272192894,148.07479215131892,168.90424063492702,0.30252922870556137,LOSS_OF_BALANCE
5.36690749288927,0.4235861826967339,0.12927833080426215,178.2368359637789,175.91262095039087,0.07638567641619896,NORMAL
82.8071715515195,2.3658158702858647,3.2475339130076826,70.53140773137054,70.85004787500077,0.907983834187345,FALL
22.01157677690638,0.7448107553751352,0.3542353999231499,153.31438052203862,155.3310655230545,0.17109361336538625,LOSS_OF_BALANCE
88.98030784283118,2.0629454467710797,3.393778150478834,109.300808515656,92.11195660112162,0.942202725078642,FALL
6.141069373719198,0.09866221789112317,0.17766094750811048,170.8325367053356,175.57103423939603,0.02057844793673219,NORMAL
23.76978790285893,0.9875187884300443,0.7556344342956931,167.79556268990942,162.06992616805252,0.17270586075870445,LOSS_OF_BALANCE
6.794106078146899,0.4763946981398039,0.04283384050876492,174.11359354981283,176.719679546152,0.0034798965798542025,NORMAL
21.33404322310519,0.6735803624338251,0.47925045086509654,162.18307335287733,160.69097115166488,0.2952421647105872,LOSS_OF_BALANCE
26.62441757250325,1.1522688831617036,0.4654170897245197,142.34493540813918,161.7496731431203,0.19343889094328615,LOSS_OF_BALANCE
85.22384803346733,2.676204456563087,2.524528071822102,73.64841936888295,107.08565610891534,0.7111605290057533,FALL
78.0451216606041,2.028916527848185,2.5645539665042243,101.00349681543732,94.41983162712894,0.8255640375233616,FALL
28.81696552852874,0.983477718697638,0.8521618974962757,147.19027487627778,156.5818370993488,0.19278055050734222,LOSS_OF_BALANCE
5.53524187764279,0.27753487282013095,0.036970547680049703,165.07544758611007,173.94982331179995,0.0537152048554461,NORMAL
35.47668120285068,1.6188679003308615,1.460685816359482,123.79234520244415,114.91239556935204,0.6479405264896748,PRE_FALL
88.97994541637343,2.219919130522867,2.667051879068106,94.88054953342998,103.43300419563909,0.8792860695471618,FALL
62.020908368030085,2.2074774378904793,3.5875506822085574,76.06194735380012,102.86824224863898,0.9523034640752011,FALL
1.6552507915934378,0.1981707834661166,0.0916527734532692,175.4916205728686,168.5121576222663,0.0655485228383535,NORMAL
2.566579415427148,0.05401730060731463,0.0003843472484069799,170.78905646930116,175.98876741748154,0.09691018251056853,NORMAL
16.660241961327966,0.9743681615591575,0.7928422173955892,147.66073329827566,162.42950840279786,0.10694149242401854,LOSS_OF_BALANCE
58.65587283383637,1.6394629077772473,1.2277392908181701,127.0287169980919,135.33052215330147,0.5298568727860768,PRE_FALL
0.58510393993088,0.1598405557164697,0.26349517932522976,167.03246090829956,167.4496327772239,0.027267035365971505,NORMAL
9.337755625849306,0.015867435511539518,0.12266008074577447,176.53458093875224,176.48741524385568,0.09783332849241011,NORMAL
35.18667464953055,1.6764195137171658,1.941768574404455,125.5430918751313,137.4957717687211,0.4040859921224088,PRE_FALL
56.526573778765126,1.3920187027024293,1.6039218343448463,143.49719140473889,141.75574136584206,0.616235316948249,PRE_FALL
55.191755291610356,1.5606295606977494,1.7421926469427746,126.81570826445162,127.4893225767363,0.6290237437689769,PRE_FALL
17.793724220386416,0.8299530208937452,0.9659164009613106,148.24148388124163,159.42078848868562,0.19698127965339163,LOSS_OF_BALANCE
76.41089648341932,3.0106046206071393,3.4326360605514195,84.65345614682977,84.07591952846113,0.9601394749513579,FALL
8.238438296744103,0.14910112674706938,0.08724833754284597,175.91747867170218,173.94554877923252,0.0337835151207933,NORMAL
11.716450926702224,1.0122446863043593,0.9422222463166989,167.67472246220967,163.04649951304071,0.15984129995447502,LOSS_OF_BALANCE
8.827029205371947,0.11893917700973838,0.17665869815529275,172.1356798470473,171.15227048567036,0.007940491736841615,NORMAL
82.72352516610336,3.0516971340205408,2.804446387776604,87.43566579948775,88.5308941210434,0.9160604651548654,FALL
5.644917834027993,0.3176491595302967,0.18735653383256842,177.96370312247123,174.40826110349659,0.01509574013930769,NORMAL
20.253130934587965,0.7799595061365043,0.43513796683449446,145.1887854630969,160.61172370151485,0.36619446735992167,LOSS_OF_BALANCE
7.549431436683706,0.056908754055100874,0.1289740900193671,169.24869705120673,175.177293821402,0.04866327533642509,NORMAL
41.72328683357574,1.6851492097161558,1.8669354261809665,136.20129772843998,114.45642226768884,0.5844687326611308,PRE_FALL
29.19713406125373,0.8778808249275472,0.8592944013818566,140.1999532032831,164.97513483965358,0.10773319163070744,LOSS_OF_BALANCE
2.500032115890071,0.3205895181022236,0.2622350835156711,173.31811118136648,166.53884597622613,0.08458922767334386,NORMAL
3.455656244430817,0.2937858525632107,0.19168161070800363,171.36463407691346,168.7514733661155,0.08453039251425987,NORMAL
41.12156478263087,1.5777505099244606,1.8572463487897404,123.75596127311195,142.59176567557955,0.5783941703518943,PRE_FALL
6.652423547735436,0.44141200968661304,0.05004279567106423,167.70594807900102,171.02335760422343,0.033751287056156896,NORMAL
16.624234670485365,1.0189044718967726,0.5529694744948477,163.36424922695258,155.86586190865498,0.2114776855072056,LOSS_OF_BALANCE
12.51434410129384,0.8145300555768719,0.9786202580099099,142.92338163476123,146.55868315973302,0.393709596665927,LOSS_OF_BALANCE
25.28785419171117,1.117236571609327,0.6513010077789141,167.70683752191658,165.29188740826532,0.21665455206800477,LOSS_OF_BALANCE
53.6373659133037,1.296634535577841,1.5056663886228634,115.54382234097847,139.8739051222549,0.5143398948875987,PRE_FALL
0.4599096867721275,0.3980717325811059,0.08801033278956263,170.6226163466297,167.18354693549097,0.053116631814876004,NORMAL
35.54496112004522,1.2333280705657723,1.8046358161175968,135.9984692756677,140.59820120927253,0.46004279053157404,PRE_FALL
0.7254311449315731,0.22914276130929306,0.2995363322563327,179.9414467178264,166.09891081649448,0.02131543122670404,NORMAL
2.027126262792337,0.38996849123443145,0.17541241074123867,167.33115826982905,167.4656247104965,0.04660551124366618,NORMAL
71.95505753165037,2.3934143027502386,3.6620883031465876,83.70764578224158,103.5657385148452,0.988861916022105,FALL
17.58749161965204,0.8070109287180423,0.656067033900121,157.6424263296946,168.34304297857128,0.12906958065687912,LOSS_OF_BALANCE
61.56909347766969,2.7856623431266563,2.6751569736155796,101.47585982361286,86.59699613104958,0.8592863459643039,FALL
6.480353852465935,0.3045655028334941,0.051341594459429096,175.93690196925525,167.45103740642892,0.03794554417576478,NORMAL
9.028055457325827,0.30775745797569026,0.0902849623696696,173.21905819703548,165.00608909545932,0.02869137168689272,NORMAL
85.1659697378027,2.4081670913812308,3.1300523015125314,76.38244130334931,84.84925657446105,0.9342349333469525,FALL
69.60171896348714,2.3701728569545915,2.6739200699471177,99.77839999345491,106.57576348311525,0.7333501267511003,FALL
3.692228935739077,0.2744425683017802,0.015938193352915273,175.55031186640602,177.31129925459953,0.035924463055803116,NORMAL
87.70045770609852,2.914639030936039,2.8493895689195696,87.67813801852982,83.46680432949302,0.9844913761948688,FALL
35.93429248422755,1.529031785228793,1.468579763514537,140.38105346892996,114.56942794242285,0.6793757404834441,PRE_FALL
3.437913865460467,0.27072450300301104,0.2912116611520727,173.84589663455404,173.30402859236864,0.08407971664302505,NORMAL
57.11368820156286,1.5374634612517568,1.393745099889405,136.0508421539908,122.15565586572957,0.6364409054225201,PRE_FALL
46.21111357850044,1.5941187792812663,1.0923150474904049,143.95210745018443,138.28344724631626,0.5943909283397071,PRE_FALL
40.92562559769212,1.8050130393689636,1.3399167398923484,141.23622634277825,129.99235522576976,0.6347550510309442,PRE_FALL
26.33414022907067,1.0740240731751307,0.7199619719552224,150.05269814366343,168.7748177883448,0.3978487374559485,LOSS_OF_BALANCE
70.65201705298398,3.417354932034978,2.732102967098445,98.25673905521526,76.40667843860983,0.9730036125405896,FALL
64.63886174480136,3.340635916622012,3.353692212637095,105.16461067145111,93.52314580492475,0.9963532404248356,FALL
67.82019240955321,3.318605106093537,2.765000281482896,108.32456087838341,106.35086512425504,0.9220113726018531,FALL
80.29296627728377,2.6799314593828383,3.057737093493012,93.16046453413865,93.67910692602054,0.9382740785436658,FALL
13.322109863521954,0.6066955679442496,0.7918186739957791,168.91600612216746,154.1446759595635,0.35793893363218665,LOSS_OF_BALANCE
6.682155433931528,0.3821694217860096,0.12371766672467781,177.63817075238023,168.4715008811617,0.07071695637034599,NORMAL
4.762622810814686,0.03947752488704159,0.2708331604017462,175.7145854869554,172.53152205473407,0.09004550614715918,NORMAL
16.43822726199686,1.0116052064142704,0.4580813628752496,147.91436100740776,148.8870256494093,0.12483828221189161,LOSS_OF_BALANCE
75.93163617771842,3.3731303211769363,3.878093652393039,82.00684850592165,103.06843575522413,0.9787431865266896,FALL
60.43634452505699,3.353993564794065,2.0029801857270186,78.32549296658114,78.71216028987716,0.7182878509624775,FALL
51.344606687697606,1.9288566724307161,1.1651427290098741,125.07754511895965,144.5815801877633,0.5980966884037106,PRE_FALL
26.849342691182965,0.959870695530825,0.39181099696622324,148.80182125933356,161.34155557834458,0.38794101048304386,LOSS_OF_BALANCE
37.0563220313289,1.747476927648884,1.75092567216761,130.00468628818865,130.84158795070638,0.6654852919125214,PRE_FALL
10.626465080352236,0.9207541893567432,0.5661993767595304,168.09378999662405,150.84478276734632,0.22903292174315637,LOSS_OF_BALANCE
2.212740983162252,0.07296135655127428,0.07823223297293087,179.0213737544453,173.687143890561,0.041757807355517366,NORMAL
9.90031260466798,0.1526901221596802,0.18630819632164455,174.14446368367695,176.10133958226817,0.0947590200325378,NORMAL
39.486438097884815,1.946416173955158,1.6123248974277682,135.7361167817041,140.6570799740818,0.6028568225288344,PRE_FALL
15.200584960484063,1.0011836042712554,0.3846873819906741,163.29789585031054,159.41268019136984,0.26025124352000106,LOSS_OF_BALANCE
6.4656115931834535,0.46987555575415674,0.22406724770227862,167.30631865826467,171.88837852890063,0.03317153754672878,NORMAL
18.725958907171616,0.6786808918408249,0.9391601966776264,161.66735880417644,155.28825090284536,0.2465865529365385,LOSS_OF_BALANCE
50.87836311314037,1.3781921286648287,1.2058886516805392,134.31525225180135,130.77475589743486,0.6157047532676689,PRE_FALL
78.02160634153675,3.29339828174051,3.8513186166243205,72.00185757467668,84.39043034309708,0.8624871966855003,FALL
59.17583617780827,1.8294449107678612,1.5549957479592957,130.20269291686736,121.58712520779322,0.4583133315336462,PRE_FALL
79.82681487784689,3.3898732624289125,3.4578770879868594,89.30523687963718,102.23108016975192,0.8535573625192102,FALL
2.475120385037756,0.17307986749381338,0.08269491833853819,179.06115541702601,175.87535918863378,0.011284463876647733,NORMAL
16.757565212630865,0.9749890892267761,0.5101213084764054,169.12297016285126,166.3229813950441,0.32895189732630803,LOSS_OF_BALANCE
22.695453255657966,0.7301264105664234,0.5723276587793381,167.8961808735856,140.37701674020678,0.20217879336992534,LOSS_OF_BALANCE
21.759784671997494,1.190035347056091,0.564416315400954,151.70902371162654,157.1761593441052,0.3424979705103307,LOSS_OF_BALANCE
7.780170393142027,0.25661897880459583,0.03271620300115365,172.55758034678732,179.18123464455158,0.0043365036899171705,NORMAL
36.743863594557695,1.4257540285681822,1.807762857131816,128.95788454515923,113.52000541209291,0.5842355500562747,PRE_FALL
54.13755786023402,1.8272608408167503,1.40623093091333,136.70868439641055,129.05751480668334,0.4439836802351748,PRE_FALL
18.93624774195952,0.7794247406650067,0.4439425873733208,151.4151466466972,164.43498249157875,0.1278555452136184,LOSS_OF_BALANCE
18.145943809296366,0.7145121625819146,0.7433169825828599,146.94282946477276,150.08533554361966,0.24375857128504605,LOSS_OF_BALANCE
4.346716422690583,0.16714731461114934,0.2415461023675194,176.37612031249117,165.64976223980125,0.07404168848131341,NORMAL
39.90147871219848,1.5624441275441476,1.8287755399735097,130.79943573958928,133.11808183681427,0.4646762757456707,PRE_FALL
17.563910587780757,0.7619787113559702,0.7196844138255574,169.309446208807,147.33648916803605,0.11385855770800048,LOSS_OF_BALANCE
1.576984561973751,0.04570077615210649,0.18559345753138234,178.96273176777942,179.95459654475303,0.06251323302094068,NORMAL
32.11985037474133,1.2474599028084103,1.9637541062153336,129.92880693018404,130.21631613714015,0.5932375960481648,PRE_FALL
34.40574159973705,1.37315371504921,1.4109356601943417,114.81059020152114,139.00620271160855,0.5030568002332114,PRE_FALL
85.48612060472195,2.9920294132507013,3.214943884344699,88.16485670844324,71.84880681115699,0.9141544349108253,FALL
69.88285107372361,2.4519234308287645,3.226528858138864,104.86348085375258,75.04990660746196,0.9286337394502877,FALL
27.335450169242453,1.0733073167319929,0.5062881016900529,144.32420726908424,165.59936617720882,0.39154588043244576,LOSS_OF_BALANCE
81.55197961705977,2.275453503376509,2.53953942052075,98.16024024444727,77.23788157786518,0.9843682455581555,FALL
89.01024240183872,2.52322531771546,3.629455118589436,89.71986738873862,81.81103040623253,0.7965042179624503,FALL
75.00335008915313,2.4531055301238465,3.560470043683366,102.8529445404684,70.30359720735149,0.7453671270126475,FALL
50.569851082135045,1.8614059013127349,1.3572505017076302,130.01990395086412,111.41504411237504,0.667863918043153,PRE_FALL
8.184268595406696,0.3067866402677324,0.1928097491489494,165.39380747180374,178.93626436492406,0.0829460789959663,NORMAL
73.23657234692561,3.019086111998212,3.2696167670358376,73.60664529298558,89.8820170190821,0.7281668230504543,FALL
25.359316887240066,0.987921094064838,0.3059019631693862,153.88077595170154,168.08743548236583,0.23337329702682041,LOSS_OF_BALANCE
24.965669992466864,0.9921653193315503,0.4646351482957348,140.0859831727921,169.81715936599562,0.10514639548003324,LOSS_OF_BALANCE
28.75952147465369,0.8244517758241632,0.7008217871446469,157.04909163020827,155.5673858359681,0.1487646608657502,LOSS_OF_BALANCE
4.163246334214446,0.07460880391258184,0.1129380565521396,176.31624145857188,172.1027823061833,0.08493409322600405,NORMAL
5.522514090537331,0.04660460064076127,0.29767714181856586,178.6939481772625,171.92171841268174,0.011746614908955755,NORMAL
30.067543918516524,1.6324965187527507,1.0843525056459793,139.42382310318135,116.31571406749477,0.5887524783968265,PRE_FALL
70.57565333773994,2.881635430883144,3.2388527187295333,80.07276615334897,84.19838582819784,0.8794532864950733,FALL
83.35597136005856,3.3322583847764884,3.370501771729891,107.65449197080676,81.64821195104793,0.7594853525057701,FALL
22.902179755333414,1.1252546814086588,0.73391352378678,141.27895390423572,167.21175306023514,0.3888389575614859,LOSS_OF_BALANCE
12.542479557508885,0.9978053973644894,0.3905696315886248,161.13574054386888,165.898149727838,0.13541744730130742,LOSS_OF_BALANCE
10.112290767757358,0.7172734888636774,0.365875938815836,151.06602279450158,147.61280980023594,0.37646918597741685,LOSS_OF_BALANCE
42.95613103573968,1.8965349812536691,1.7806319996314408,110.96828327880203,133.50795932432513,0.6792339944251229,PRE_FALL
7.1201912797666,0.18697970056525048,0.25563882973967555,172.37168395599502,167.06269083512422,0.01932598294785102,NORMAL
88.10188233115022,3.271418601853827,2.8092314687480995,78.59232319286025,83.2039089168141,0.9655524122485265,FALL
24.9735205567249,0.839331466130539,0.34776601983445904,156.45285621069877,147.26880827104634,0.38500552722302905,LOSS_OF_BALANCE
50.09508844656721,1.9685231900308866,1.5652156737746448,122.49106268110236,123.29725300159235,0.5873857673919247,PRE_FALL
35.36191788329631,1.2993098245803076,1.4625371288764377,136.6301098682923,135.31229735361293,0.44581558227611484,PRE_FALL
27.761610676707228,0.9885173670000142,0.5838300161788625,158.4885982104057,167.32659216926933,0.323775178210341,LOSS_OF_BALANCE
36.06176020392554,1.2649712840814293,1.193332894253088,131.41614524066026,138.82461900958597,0.6469974350656191,PRE_FALL
12.481136933508964,0.6021886176835691,0.48374936975954685,164.75685773338645,162.60733569971143,0.1335351200148334,LOSS_OF_BALANCE
24.061816608161248,1.0359019560012315,0.32475345240601816,169.43168127628337,168.49723348384504,0.2794442886247249,LOSS_OF_BALANCE
21.88856259521017,1.0329259164483449,0.4036167820188813,148.65291290564994,146.63064618710516,0.21125533557729298,LOSS_OF_BALANCE
89.41632696411048,2.898192436536821,2.9287225235133,79.61056352532228,75.10503021676368,0.8621348210063433,FALL
46.896359064145194,1.8855985727032691,1.558944396318096,134.60314271672416,137.71873204486988,0.6146707970987034,PRE_FALL
6.356844442644002,0.18241608948504212,0.11105429013506479,168.14260546157232,169.0046673307367,0.0936654587712494,NORMAL
17.455906575662997,0.6027253130566138,0.9837903328736657,159.13443449418466,166.46110663588107,0.21457389856718245,LOSS_OF_BALANCE
4.499744956629961,0.3400544953247905,0.1033544342108099,178.16940227475618,176.70394393257462,0.06397939293666631,NORMAL
60.95849342673022,2.409379304486544,2.0780274529202263,100.05237268037939,80.71906341683004,0.8816018644031891,FALL
59.17428354939532,1.5725461578970863,1.8317533634393706,112.15355283453108,134.08900556636985,0.4112622945525412,PRE_FALL
86.92679535573382,2.115383854288089,3.3288087411827343,86.17957966463091,92.07245590442577,0.8936591293680575,FALL
38.491199575756475,1.6878598414439834,1.3837306763738277,118.70292227873522,119.26909798938392,0.5835411811530029,PRE_FALL
85.6224578482408,2.9592377176018183,3.524854461423257,102.48392718987404,88.47439115070586,0.7681248249136328,FALL
54.81968347334683,1.2818703688875772,1.1933853943727788,128.17985715397072,144.07874367904193,0.4514858862143452,PRE_FALL
68.7802223977713,3.32162006244026,2.11697938202838,102.5729682679993,98.88849360155676,0.9748875472649756,FALL
74.53293644374467,2.8436537981463283,3.1064915922559333,93.81155981340537,82.27974107444335,0.9039147000715818,FALL
80.19890027746354,2.3083790017258985,3.734693361611054,77.92909556224963,86.41466382582968,0.7037292420333194,FALL
60.46190257610471,2.513481827613902,2.429347662797116,93.50852616723719,100.2131524927265,0.7425748220555853,FALL
53.09727088101182,1.4360122393963697,1.6871033809034501,122.65204288022024,128.9971571367354,0.49634274662538874,PRE_FALL
10.954657458746425,0.9556736935596176,0.3873248637774275,148.93883337954475,162.10576087352933,0.2359441481656886,LOSS_OF_BALANCE
72.70836863246222,2.7229603375374434,3.1077808872436874,98.46314013573497,92.23727789409084,0.7419813887475374,FALL
29.499715187682167,1.0369340195651733,0.3136357365025069,161.130167291063,146.2582712610188,0.31500180942400396,LOSS_OF_BALANCE
35.22586265851447,1.457855632525049,1.1830153331975297,135.79387872748782,143.8464304658665,0.6009194506503084,PRE_FALL
67.17485502289594,3.14433334260689,2.443246478694066,75.7759563984223,101.79312865076575,0.9026969572896892,FALL
71.14591399407522,3.4725890175845135,3.0592621255416113,105.74090117163331,100.57424965212586,0.8406217110325747,FALL
41.06042751339197,1.756401302035613,1.883020460828377,133.22495394434844,140.3725632102229,0.6266701444859945,PRE_FALL
53.11473709017953,1.3054812874665802,1.6520343153879302,133.62325293393747,110.99114299650027,0.6877431482205962,PRE_FALL
19.55579690527941,1.024103241277952,0.8963779300441419,145.88861289452754,146.5793338823469,0.1389422837021518,LOSS_OF_BALANCE
63.54626320675373,2.306187866441006,3.623054796083447,89.82824573558484,76.09222975407044,0.8906703349432717,FALL
15.276643765160072,0.5538839475773839,0.7754420595778713,165.59269003787648,157.8201546562039,0.3908624592583556,LOSS_OF_BALANCE
65.05501587513997,2.752253298313711,2.2226413506524954,84.04697414344001,101.70974423277406,0.7484013292342581,FALL
27.997384437205838,0.5992835586784043,0.30891437952385814,154.23802072433887,150.02162449527387,0.1532545156204049,LOSS_OF_BALANCE
6.08655264085627,0.346830626583546,0.011634759744538524,178.34361320871386,169.97241113601407,0.023757929391630718,NORMAL
51.584227665625825,1.3464742237717247,1.87850778808463,143.83143442070607,132.91367261874294,0.6059180824194861,PRE_FALL
51.50818558906913,1.5984216175030186,1.8504864866313906,114.45172402516634,140.65336818704932,0.47310977661519654,PRE_FALL
62.43911464393602,2.339632115121452,2.544350742877466,80.87587392790442,89.04952166010197,0.8997650655044512,FALL
41.3436032530343,1.6864947679095068,1.8606006051964332,115.56924738266625,136.21759640762608,0.5592657787013868,PRE_FALL
26.133744912357677,0.7305001376765513,0.7090283544068443,151.69852006565964,162.45122687756097,0.1707814237523826,LOSS_OF_BALANCE
20.40155465928251,0.740292110174299,0.7286572008287375,153.00378869369615,153.65083021670486,0.3904459106755084,LOSS_OF_BALANCE
40.75048541742139,1.2957467065728956,1.977353849046032,131.484766097568,128.542019273936,0.6191141027835172,PRE_FALL
21.7369497898423,1.1610106822578579,0.6614383146905887,168.21635484646902,152.09519254037264,0.35131500214574296,LOSS_OF_BALANCE
63.00450131064011,2.4939043969690458,3.264251232783617,97.25382233982018,100.70526996800058,0.8319934874984305,FALL
9.951493566608946,0.32493902881972675,0.1314300251743512,172.76363761553387,166.815062938024,0.022469733703155737,NORMAL
0.6861717193705896,0.04508292879757525,0.08534813611091381,177.4464720367395,178.72513460922232,0.034809524824824245,NORMAL
1.6179511770813626,0.10722907076904004,0.12016827192771684,170.0765676946402,173.25864321895227,0.06970574087244603,NORMAL
24.508288128965912,0.563309228098976,0.7842491837811527,166.15821821029624,167.95339865445467,0.3299012160089184,LOSS_OF_BALANCE
22.330247483345453,0.7266128023329679,0.990457562926804,168.1690717639826,162.2850904223103,0.3210157857830672,LOSS_OF_BALANCE
48.34162256736246,1.3485511102575136,1.246624794855334,143.30739490433353,133.9233956012473,0.6218081569136378,PRE_FALL
23.890193474784056,1.0009549108820135,0.6463544177385472,148.0500637548834,152.02838211613272,0.3763555671065103,LOSS_OF_BALANCE
27.425782594043294,0.8673445601006853,0.7687510797765207,147.7834167742904,164.9164727450331,0.12773237800960968,LOSS_OF_BALANCE
1.8306835701259505,0.33985618464496414,0.10068973896153562,166.33949733029158,170.32925094179748,0.07442099293428081,NORMAL
89.28669110244724,2.2068018438187273,2.768734605218059,99.59452525813,82.04827458156463,0.7389219627692631,FALL
29.5038118995565,0.7781440328049961,0.46248088339686166,151.0946487956061,156.894598031554,0.2928455695002001,LOSS_OF_BALANCE
7.224438275706426,0.2049893098731822,0.19643439792832013,167.31541828157324,172.04235901477097,0.09692036305742173,NORMAL
56.53618803786354,1.2707037974487083,1.8712351975048795,110.95443329602438,115.38971356281476,0.5366886259749817,PRE_FALL
63.54945470336515,2.7081561330183836,2.828890783759756,95.70956224311765,71.39677883125246,0.7338995739020929,FALL
7.017794185460662,0.4263963686477875,0.1952749994643916,176.53444095157107,175.81259874986398,0.02150230663274969,NORMAL
84.07965021795403,2.0051735141203033,3.1170233839974735,72.09439791382557,85.13808572219922,0.7103659607508587,FALL
73.2484979521739,3.3759880951562486,2.9219909703390483,75.58630235818872,88.64551055594225,0.9921474265907329,FALL
89.0588750535729,3.0978843839318024,2.7307337256341304,73.88295283317846,102.46601948734342,0.9083189821369255,FALL
51.24484489709022,1.3354956670872071,1.9572915570600005,140.23388537679378,127.83895584457017,0.6968940542815114,PRE_FALL
75.27261335296323,2.7180743522732906,3.7394660398057393,75.01061131304563,91.23081491669798,0.9431474103589146,FALL
24.685554859766146,0.7057040812449281,0.43655386863916645,144.29484334659398,155.6016328654216,0.27156778749420185,LOSS_OF_BALANCE
0.7602882053368909,0.46569811991783133,0.1429666362267869,170.30306889324257,178.4147437930531,0.026907578246879907,NORMAL
8.801250813073235,0.0465473920213087,0.1546840416263097,169.17338531777676,179.04504171132862,0.036907117407542205,NORMAL
39.8164313337584,1.8598694242277891,1.4825531211635314,115.11420687607638,119.54651484998588,0.496010700951586,PRE_FALL
16.388069953098842,0.7542222771137428,0.37394714403870843,166.5427359983721,168.8071820064908,0.32852593951570797,LOSS_OF_BALANCE
35.60310482863146,1.9576199625294337,1.702456450306612,115.23080704852364,137.6246888767651,0.492314580822803,PRE_FALL
15.595676910645675,0.6424884545686427,0.39599204204229815,169.2781521799404,146.91607780119907,0.32257259760714846,LOSS_OF_BALANCE
62.129479629722155,2.2974139360595838,2.9685584931578672,78.39868797648604,71.61259120401064,0.7894809955323392,FALL
12.194655680310515,0.5755157094813814,0.31480654469345887,144.666259663728,155.00002794272802,0.3302154854337223,LOSS_OF_BALANCE
37.99203133201178,1.3055122798993335,1.8233074959632165,122.13140058394919,120.27769668437313,0.5458319697531439,PRE_FALL
54.845158097169204,1.578821269612616,1.3653750150361383,112.21401416498485,135.56741498179517,0.6372262473616239,PRE_FALL
36.28367966664808,1.4609604936139688,1.2334383495907941,140.5155823125645,120.93879645456,0.6747213733982442,PRE_FALL
54.667705904131665,1.6059195778861213,1.9931905013655258,130.32952688458676,112.26939747568241,0.4868048808405498,PRE_FALL
84.45200209895177,2.9142529250419145,2.5606618437487527,85.63373784373417,77.24696113123169,0.9254819355981962,FALL
64.00552677962963,3.0873990745590447,2.440127188768437,88.95028743715498,88.01239896555954,0.8507760724704857,FALL
48.46305254925411,1.620869994590779,1.831802216267116,119.9555699143675,112.27298819409147,0.5818503197708623,PRE_FALL
22.013588408331128,0.9507905784268531,0.5639072257065547,161.5232820234376,162.08007463627192,0.21449515146148126,LOSS_OF_BALANCE
38.17844809797482,1.7522250056876385,1.4158873693909864,124.47739488035151,119.73303392151146,0.6703227412465882,PRE_FALL
15.285399104544874,0.9592354960988523,0.6299802471966036,148.7371596163961,142.7918718506961,0.3900658989094139,LOSS_OF_BALANCE
4.963287349827443,0.43749656976854856,0.156206291806932,174.4091429586735,169.397541629136,0.09695746055424465,NORMAL
18.26818837493957,0.786516523574633,0.6211271447411804,165.57171438250435,163.83822039116887,0.20853231089653132,LOSS_OF_BALANCE
31.50076127062763,1.2345077549746135,1.354641245524118,134.96836996918165,119.052800474057,0.6371412562320462,PRE_FALL
16.681096965511873,0.8248150405238078,0.42058946772177697,167.21842656247088,151.5006027177329,0.2959312723981587,LOSS_OF_BALANCE
7.489611344849333,0.34442526880797714,0.08552081293042858,170.79848506111477,167.4436110839793,0.057225806102030076,NORMAL
24.283201459792092,0.9918141996415508,0.8247675667818071,147.3267874108751,162.16949455317277,0.3852605169723756,LOSS_OF_BALANCE
9.93957684318617,0.3878158249403868,0.07108381661000436,177.16054075259115,173.81885845465217,0.03506308411139897,NORMAL
16.492176684894815,0.5446057209966361,0.5014819183179346,161.36100812464568,164.80924929543826,0.2763742493557143,LOSS_OF_BALANCE
7.300177546449778,0.3680894295595529,0.07399625312052242,169.90943920995093,173.69200545054747,0.08918226281365728,NORMAL
26.24392517359371,0.8419942836817516,0.66323078115285,157.5416461837996,161.41247372750064,0.33702030774586056,LOSS_OF_BALANCE
37.50950033763786,1.6786587747150128,1.746417735733889,142.83951000595,118.44234996695793,0.5428037398062573,PRE_FALL
82.24228036168581,2.3429613448085314,3.879557399851517,84.12694861141269,91.88130466482042,0.828687857009428,FALL
32.188904445030076,1.3628865867571545,1.2067369414206246,132.4147399623364,110.5457448332249,0.6766259015682832,PRE_FALL
82.23937527068223,3.481565366527508,3.751355352451638,75.49882677484126,77.72434229154004,0.8774735137198173,FALL
61.97754196775058,2.2497495584111866,3.486960630518985,89.66671904513812,107.5520168967675,0.7445153196146039,FALL
57.00691806518768,1.5981208395550233,1.6035033699516401,144.90696669713935,142.1999699012107,0.6813454787164935,PRE_FALL
51.76058577897686,1.2565785886974434,1.257816928120629,111.58913776562004,122.31282530064814,0.5684441022515024,PRE_FALL
64.59678579564883,2.911605337273359,3.0864437584452453,70.59090714969103,72.6671036266946,0.7145412818830623,FALL
8.297615831528226,0.3480359942879918,0.04163780754545586,175.5830426293362,171.7290221097337,0.0005251198305617933,NORMAL
16.029328707493,0.6610036674297515,0.8406881442788914,147.41926216344044,148.17374737931388,0.13709284919424916,LOSS_OF_BALANCE
4.571136166364487,0.0554289476450075,0.27154406569859957,173.9510856422842,165.24653028308842,0.051537573020940614,NORMAL
34.51731745356134,1.8594856188489715,1.2889771945880013,131.7579237192187,111.48609415437264,0.5138335774888271,PRE_FALL
40.9888232155062,1.612251216082513,1.738748458800348,115.86981316785096,122.90920194295767,0.4627452439435642,PRE_FALL
4.264657452100273,0.0894914966250866,0.17883640875952514,173.89134335847243,177.54261605703735,0.0699365499957176,NORMAL
72.1836061885468,2.9061854132627998,2.9496781208878438,109.62071026391172,70.19817036277504,0.7663872368325348,FALL
17.04422441544918,0.8797269113219859,0.6662188759583912,162.9524341976255,143.40139998339464,0.15274414150153898,LOSS_OF_BALANCE
68.6692577985441,2.687503317583213,3.887447783796694,83.73450732417639,85.94671986492757,0.8744574916432085,FALL
85.90551128006851,3.3777707724335495,2.406616184423224,82.74578013688992,90.30400380503943,0.9141190004505575,FALL
14.345097379198144,0.845441304057052,0.9946728053190004,156.5847168388733,169.8594914455858,0.12296009083553447,LOSS_OF_BALANCE
33.896324321124396,1.7995281978310143,1.2581932184772389,133.01100086592945,133.51338035611985,0.5246726941209915,PRE_FALL
9.62077556114459,0.058658099721667245,0.29987160210534347,172.18381314513547,168.63889772768613,0.06044015340787812,NORMAL
7.755444750992588,0.02182364954865096,0.22341154546955877,175.57841821537505,177.17113353847316,0.038607875249098235,NORMAL
1.6948289181310217,0.01803056657217439,0.07177698758621316,165.00430907781936,167.36167141275587,0.09968171438272064,NORMAL
34.32178801956103,1.2202269555856062,1.6516349661647398,136.68307702801982,112.75483852551957,0.5394818442518939,PRE_FALL
77.72102285481975,3.103930655058521,3.938254341593737,82.10044466604613,91.70926168057397,0.847791451308386,FALL
46.316339619816695,1.9531812819959797,1.0679447041492718,135.0215966977345,136.50505311412874,0.6573760949988083,PRE_FALL
10.04357529606133,1.1531664638566568,0.40405006367302554,159.67562365828212,149.60768010045146,0.21717987234896882,LOSS_OF_BALANCE
55.95024679472273,1.2490130748898765,1.184927847292903,110.22096870679066,116.15478194576995,0.45931614994241654,PRE_FALL
69.75149969206579,3.0483212277698124,2.4379676541411888,94.1884509399135,75.08882238328974,0.9102143008068286,FALL
12.40708694473489,0.9105930192606979,0.9385237821849357,159.63065478594805,145.71300801476707,0.3113980161676626,LOSS_OF_BALANCE
71.42451673492411,2.6437060672378925,3.0979461666223873,91.45836730678678,102.90885043705495,0.8061807489264274,FALL
24.15151827688105,1.1444160758009545,0.35514075309228654,151.47214547364933,162.270188719221,0.1391644045339842,LOSS_OF_BALANCE
46.62218477303033,1.9880616678235756,1.4652864357019473,130.0990703648438,111.86205093643338,0.5856417822194195,PRE_FALL
26.916767018998257,1.1068155102702795,0.3865579638236985,142.80733634614953,166.04519328865032,0.15419648923342003,LOSS_OF_BALANCE
2.7962953188068407,0.08994461436349793,0.03934174994961718,173.63839093811944,168.42850124249503,0.009986974090945311,NORMAL
49.11965484667442,1.5528510613403366,1.9494575060357762,132.51009579349144,115.23966398940611,0.4019096146443559,PRE_FALL
9.457158578456077,0.4101143672141102,0.1920873943590411,171.58458072811854,168.02560864209022,0.06568842227068429,NORMAL
2.2789827565154686,0.14469398180105358,0.02393759307708825,168.49186329541544,166.51502144114593,0.02779736031100921,NORMAL
33.84070695915354,1.4473510157245908,1.31978860842522,133.18988240982492,143.0877063559023,0.43597452810128623,PRE_FALL
31.370420640380576,1.2968411063319056,1.0692530822155835,139.47577164190386,137.11085090204097,0.5458869862725307,PRE_FALL
4.731861859093263,0.4505904129141271,0.23880742803803406,167.54537094297083,166.27193305087684,0.05154520099152165,NORMAL
15.88289307417741,0.8742576831505636,0.5735946515047352,142.32755899534945,162.9076714093709,0.3032149425296164,LOSS_OF_BALANCE
7.715013741098591,0.36759349240615563,0.09975558251159546,165.66503532442812,173.19020617811537,0.08135088655560882,NORMAL
67.59812701064693,2.5165909789927507,2.334441393589084,82.92699908480058,100.30639697789789,0.8490544335684038,FALL
56.501144404217364,1.4122492537557885,1.5542100182842122,131.2302987901803,142.89044103779278,0.6654476258134887,PRE_FALL
79.35147938206175,2.025931092848932,3.9364818774210746,84.29745566469508,81.71135368856531,0.8673874451094699,FALL
2.6744772515411066,0.0902080359804272,0.2108096318596814,169.63477033244865,170.09736985165887,0.000610578940365869,NORMAL
34.88865001191401,1.6479920066060219,1.3280983558850301,135.23918249451935,137.56416123211346,0.40151705978455565,PRE_FALL
61.886634833955576,2.755951814709223,2.0543462793678975,84.97835306969071,77.96191116598106,0.701310409012105,FALL
42.15953091459847,1.8795600487894495,1.2864675912502102,131.37004534273245,115.77130494090837,0.4477576000943381,PRE_FALL
4.112842637351743,0.022986162689835,0.07848386016854696,169.71356917310806,175.56852264720933,0.06779289210201643,NORMAL
52.60241242055042,1.8718167580701321,1.361722513568465,117.88697171195706,119.18639584797398,0.41790190507256453,PRE_FALL
4.856411254507185,0.10687364959959084,0.12031208776483578,165.87953099958267,170.68459678465373,0.0985308843779726,NORMAL
21.78961888789019,0.8432510061072481,0.5622934892008632,168.46132668397456,149.4946983931389,0.22713439496201454,LOSS_OF_BALANCE
46.188378404120776,1.7450573836974648,1.3144585927034473,110.23713695988877,131.33580522130416,0.6136341141636661,PRE_FALL
48.35625501603341,1.603909155706563,1.7583983537681473,121.46043732538647,123.62692343693801,0.5385139382498114,PRE_FALL
40.588241191528944,1.9535048747407935,1.4211406550081207,124.62039691299464,135.6707251878896,0.533167866510989,PRE_FALL
70.14191602357738,2.8417895240399265,3.397484223386642,97.98838881431024,86.30888525464589,0.9285667962591134,FALL
23.004414314917575,0.599062317633165,0.6662758684122316,146.13385523918578,158.41999462664023,0.3143424400044679,LOSS_OF_BALANCE
42.08565199886681,1.6782802921900846,1.5727873789055313,142.99068321964654,124.72582721585033,0.5873451707647337,PRE_FALL
17.50037924339128,0.5710079412108674,0.7477400663486446,148.2813866148656,151.0834648694376,0.37708182770960486,LOSS_OF_BALANCE
9.941980333654755,0.33845648803254996,0.06897904157674624,169.73596041043393,179.3316853068504,0.051650421720483834,NORMAL
15.634279108024305,0.5850860119426824,0.6427349881989918,151.0131236277685,166.67497804745918,0.3059162915556798,LOSS_OF_BALANCE
8.742553929728373,0.0744768147954773,0.17380371369343767,178.87223717630283,165.55316501134556,0.014159047222804056,NORMAL
41.666096353156085,1.476147320029262,1.3809709326959707,127.1835115199552,135.34624711116004,0.6727564105931024,PRE_FALL
48.914607623628726,1.6373635026278603,1.9564261057045542,135.532001779227,140.3204563559939,0.5385175187140583,PRE_FALL
62.39855753447218,2.9644786745206178,3.049425685960427,93.02315131769093,85.9143851502917,0.9893271477749817,FALL
18.628397289504328,0.9830325954918187,0.9929534386926167,143.97133265023612,166.00639966040322,0.3755869009825158,LOSS_OF_BALANCE
36.50877931250405,1.352772060444275,1.1946019377410784,140.5762147570084,133.07640923145712,0.5856628753917252,PRE_FALL
15.651993473141182,0.6390010777439245,0.9131047633446618,168.52498274660994,165.71470388545475,0.3248337929267937,LOSS_OF_BALANCE
76.53674513242598,2.1456440634414378,2.4095254350282453,74.27876598329404,96.1880512649744,0.9280849356606601,FALL
29.019344638942602,0.5598758071598728,0.47495283067179794,156.28413668926618,150.12597059557197,0.21838036113665896,LOSS_OF_BALANCE
53.79141582433971,1.3846472974711819,1.8281768071649251,125.99213198636443,122.45506237392074,0.6709280094159294,PRE_FALL
39.097872887036864,1.8808976979244292,1.5247918934889775,123.40736455100698,130.5251726634702,0.6985301264749559,PRE_FALL
36.400313856104844,1.7757715607144384,1.8944424688847692,121.96051557757193,144.3354417659483,0.4131372584067672,PRE_FALL
77.48516776503149,2.657060632527209,3.1220800118273297,105.07366847125746,102.95540862534354,0.9669498819640538,FALL
21.086090504978053,0.7035421723567847,0.6412475591881294,154.58302881867195,157.73117826684137,0.28344858795839767,LOSS_OF_BALANCE
51.866981682143134,1.6785738917615831,1.7476989922188735,123.34684792806611,118.8421630570742,0.48033988505348824,PRE_FALL
46.41833148485875,1.4575049206060455,1.401320872853094,122.19886997590875,138.54143083857022,0.6534159537401119,PRE_FALL
44.32040654337785,1.8704521836422452,1.586557083869678,136.4782415694941,124.25476582210293,0.45118020657065455,PRE_FALL
15.672088454307486,1.115725012578646,0.4851493493853336,165.15452524334336,163.85414628148177,0.22441495732955818,LOSS_OF_BALANCE
58.59265963853298,1.27860847973215,1.7836496822110883,128.86609686660893,123.00388237091649,0.636239735702081,PRE_FALL
21.803060361420595,0.6383291345866575,0.8689845765394275,161.82886299614725,153.6496808606881,0.11456307947210186,LOSS_OF_BALANCE
43.471757194001896,1.3377080119308753,1.8366900294625501,125.57765263893559,121.05055704048279,0.5818843935746262,PRE_FALL
24.84114268183216,0.5188298898610161,0.9239400233150057,150.23769573433103,142.9205014768574,0.20354290826308474,LOSS_OF_BALANCE
64.80063375562638,2.62473637795588,2.9890468450759995,87.36706345636767,85.66548133786631,0.7899140645211604,FALL
30.961012108637423,1.8817251464048481,1.6650085759372004,134.32180700110726,138.35947763798978,0.5076255767458034,PRE_FALL
35.57142350695802,1.8208542804746717,1.0713361506687242,118.87018655122054,143.28544299426193,0.5265752582509993,PRE_FALL
87.04925138498385,3.4827519176967914,2.9961199562223335,75.14142760339327,70.10454894286325,0.9432532013231127,FALL
12.808944871996264,0.5867763569964204,0.6981134149564898,141.18777923959615,165.77009766249918,0.22028176428906598,LOSS_OF_BALANCE
33.45747443201335,1.9291395000735823,1.2607546912684748,118.37428813411293,132.56655029150298,0.5673053734545972,PRE_FALL
24.77496846329029,0.7484703426431367,0.6142267393877503,152.26624175105215,153.49261143968198,0.35044140168061144,LOSS_OF_BALANCE
9.327255627259243,0.13700972904764108,0.19637638932563822,168.75583917823664,170.5776565147015,0.09038002688356579,NORMAL
86.90414452549037,2.4343892965185363,2.0993406869824445,109.15554930514824,97.93580605578731,0.9789838740204934,FALL
82.56152269752745,3.138375489559535,3.574655557532206,73.08655840613858,73.84726028278011,0.9581332390560285,FALL
37.90110136846425,1.7727104803333518,1.5328277524843785,123.88648587954141,142.24404140176927,0.43108780796455476,PRE_FALL
71.4640959983657,3.038073779314712,3.418587961797612,78.26586391536941,78.14894727539269,0.7710189968553464,FALL
27.98442764764882,0.814488542758913,0.9708142877613379,155.80720637178842,147.95927999399467,0.3037199087787682,LOSS_OF_BALANCE
67.0152015397248,2.8301790385464165,3.6182703957159665,108.5870274252142,72.68574248783081,0.8977364703199295,FALL
68.87282906532732,2.4519409700464303,3.5477440034950334,89.95588566651382,106.37591784606875,0.7969325925470307,FALL
53.19434552879841,1.8798108310045674,1.2719014557156063,141.46478657737129,139.9122922944344,0.649758988527706,PRE_FALL
53.3766154036362,1.783813476215765,1.5868795122897497,122.18866417736034,110.84104819772115,0.4908371974501896,PRE_FALL
21.369564207319133,0.677366231745633,0.4784021430454963,142.45308684601935,155.10333702331826,0.13418064729984736,LOSS_OF_BALANCE
0.8752089793419859,0.027134035445720517,0.2382644360927671,173.37126307976717,173.62443441394188,0.02276456349416567,NORMAL
78.72945689085662,2.0596873183882933,2.9048660509131397,78.40523763381508,90.56753339359429,0.8058227090161715,FALL
20.06411242645683,0.7441838572307331,0.7943572317625504,151.7187297745895,141.88297312881727,0.2967757742510797,LOSS_OF_BALANCE
38.31274990240895,1.6539629126816582,1.199190015090266,111.78475640233768,124.96975538867672,0.6945089984451821,PRE_FALL
2.88634018330204,0.402836392551663,0.2911082019606015,171.3574829766831,178.4464323983558,0.013956768688195587,NORMAL
18.067374343103403,1.0450503832352385,0.6763228044639977,149.7823854357649,140.69719520976633,0.3356073432390593,LOSS_OF_BALANCE
37.36838520569259,1.4762817301551574,1.3414891443303865,122.6513359348213,128.0561746629162,0.559010566361156,PRE_FALL
52.61978264378877,1.3300108611656376,1.0539743391993066,129.2919944039084,131.52646672210912,0.560996373282658,PRE_FALL
28.166047997903604,1.0659843386171204,0.42586450509077667,140.30420874885579,145.36031216226513,0.27018815494599957,LOSS_OF_BALANCE
23.18836471290335,0.9814606761322333,0.9362211428176019,154.61124045770902,148.4042783797374,0.2820114528822475,LOSS_OF_BALANCE
52.27577895983186,1.4292136869671035,1.0884159996960243,122.85540037579098,138.72499705505842,0.5633772227851184,PRE_FALL
27.85053688083878,0.678699096580506,0.8648919493733329,154.62065445751125,156.467023593854,0.29897442109101285,LOSS_OF_BALANCE
26.218166452946924,1.057389980570095,0.44521287038569757,160.9896147925758,155.1129575561608,0.3489573048274185,LOSS_OF_BALANCE
55.86020539629786,1.2681802101974464,1.8430223844645721,130.812697211042,129.6494300798653,0.43494816778500117,PRE_FALL
2.045131429778937,0.4575632297967782,0.16562378776434436,176.63270823095655,170.70992616559383,0.053365012741626305,NORMAL
4.065125519092137,0.2679622745450118,0.2893904166750686,168.1145433841553,169.62461577318757,0.02650079269147082,NORMAL
4.706526304295383,0.3843031954177332,0.010086166320065348,172.96682589437665,172.18904008824936,0.07980175144721084,NORMAL
62.63344773546824,2.9821105606464178,3.7581956651201374,101.29267204996356,76.45860089656419,0.9772955262694913,FALL
40.595345688164386,1.8959608594528257,1.858113586505988,133.18062438440992,127.14696665936688,0.684742902831504,PRE_FALL
17.18473492318038,1.1093598492179333,0.43892523257036464,145.68701206555212,141.20768922575124,0.21836380158600757,LOSS_OF_BALANCE
86.09190600412492,2.815159802330543,3.071570925407164,109.65735775275928,81.91817012239382,0.7025308298408565,FALL
34.3306664934405,1.2577653389867387,1.9501106016826326,118.46416724065706,124.21419546455157,0.6475695868043094,PRE_FALL
72.18753812941779,2.9141155473224236,3.953528458073232,81.10740321140507,97.62618766035018,0.7289605229758196,FALL
48.378255050638835,1.4761170028455919,1.9879774796716687,125.92444983698068,142.1799282837673,0.44594137546618995,PRE_FALL
58.35073165819436,1.5112612257461508,1.9686279935795343,116.01500160342306,143.11226580753436,0.4664956380464158,PRE_FALL
25.931306053147814,0.8638259676443035,0.7211323470886288,146.66424671707733,151.85937151518206,0.2614878829993949,LOSS_OF_BALANCE
9.141739368985867,0.0335059765243062,0.11642974590442522,170.96032491535553,169.89190208054603,0.027620081990724934,NORMAL
40.150318275292705,1.4925548085056626,1.2394513559370268,138.6154925612873,116.59190649384178,0.5212854080831789,PRE_FALL
53.840686957745035,1.60321607378487,1.2898617964426378,120.22482755875693,115.57460582238745,0.5637325699912739,PRE_FALL
65.4320368282473,2.0747158061191175,3.1252449776643263,83.29323150502448,100.82311265222454,0.8183281712649416,FALL
2.352038950009312,0.059943306973562094,0.26708619423883123,168.69323021682936,173.9177873030016,0.06193815103321031,NORMAL
59.09504174531902,1.8182890815816386,1.0122048199419933,134.15102810713785,130.26423740497316,0.4009012586119044,PRE_FALL
83.32364089617789,3.4234583408101824,3.8476078922254437,85.75226737091012,98.78716716700218,0.900077005997282,FALL
53.618305972175484,1.8717877049830438,1.6225475161128338,142.16908532238148,131.93065343930283,0.6841554789208466,PRE_FALL
50.859383840745096,1.2400520578050083,1.079255361298128,142.62035328097704,125.85852909994145,0.4879458430594967,PRE_FALL
13.668886378187244,0.8980306861316705,0.5754859223146089,168.37062084160695,147.1908577275742,0.3611618775679146,LOSS_OF_BALANCE
53.49620040450523,1.9634316578543207,1.4158010340721632,127.04129714998032,144.59290945313475,0.4444503323183033,PRE_FALL
71.09169373184977,2.3380917464774136,3.684133391992228,75.47261906207251,92.37647639746069,0.7124387315233215,FALL
80.96602079309025,2.157551857769577,2.8934436224514064,103.12287854916653,94.91590577494824,0.9737257397725426,FALL
65.51421375022825,2.8726508652571336,2.683183229420884,73.97800069355453,75.84899580007966,0.9525059044521571,FALL
16.116430015130376,0.8012259799732182,0.7621773204496282,140.01925134284096,147.54300388791833,0.20506547066283695,LOSS_OF_BALANCE
19.674774682539823,1.063304916805077,0.6424220645482923,152.36008756322158,147.04580121389685,0.1872790707675901,LOSS_OF_BALANCE
87.67871934916104,2.837167563235214,3.351991427946513,103.48483903516548,90.90344957848708,0.7010389345996242,FALL
45.36616903995146,1.7036128226877287,1.6472707546056369,119.92480767620562,125.81522805178392,0.5637077164073323,PRE_FALL
5.170069749205006,0.3602801647623153,0.2355998810081635,169.50051273230173,173.43207678107566,0.05678345192053117,NORMAL
16.618395898124945,0.656814857385527,0.9584322631577218,167.6681998733018,147.5414554157316,0.3109819941771892,LOSS_OF_BALANCE
56.59320017243408,1.7559348616447736,1.2731345539545031,110.7895631685904,129.71307282738667,0.4189851531343923,PRE_FALL
81.72046960847963,2.7923526337387097,2.554454886714913,102.0548300205992,91.47361368632289,0.9979217270131822,FALL
15.946970655514816,0.738782047732186,0.6948919367967124,166.9190487694428,157.3948461953315,0.3532196281732103,LOSS_OF_BALANCE
46.57100237710023,1.4380368477132064,1.8953258127246035,136.3305675802943,111.42581005332042,0.6756514941408431,PRE_FALL
18.440419044311447,0.9628412798170349,0.7055579916796626,168.0387323016111,141.02675938932657,0.3718043591076987,LOSS_OF_BALANCE
46.99720592527263,1.8583684088431944,1.1414351455661569,135.8053850055669,122.45200241902666,0.4409081260385777,PRE_FALL
61.5599571422617,3.3006304337210643,2.291142676197752,94.8652653007481,100.54391022538114,0.7280745139153973,FALL
25.627938158042305,0.9866729170772924,0.5007383493921657,144.67662007957713,166.4347142672064,0.10963573218324837,LOSS_OF_BALANCE
16.306761719509836,0.9721509592769002,0.3206951976502712,158.74588092824897,145.0020291561481,0.20548791341087022,LOSS_OF_BALANCE
44.732970038187204,1.921809395859992,1.2933894757446278,115.69611643547995,120.16003300278791,0.49942468127622813,PRE_FALL
3.9803404595244993,0.32478036835301577,0.07488349592801938,166.70172918877526,176.03512289219142,0.04990439602564668,NORMAL
77.29737265533939,2.6318368227377444,3.5853443367170925,102.1562598310369,109.91208684688033,0.7396811564403316,FALL
18.86797741718716,0.6928678186682635,0.4390783807791895,155.16397492794354,145.1890464056953,0.32404852846739596,LOSS_OF_BALANCE
13.601286691112763,0.7100703998542152,0.46232533613240234,148.763477504546,154.55179851283623,0.3390238530114908,LOSS_OF_BALANCE
8.171041351154617,0.14968937609998895,0.1990166144898232,179.08395005890657,167.0143667159005,0.011542867041910222,NORMAL
8.941300931338027,0.4666250152079001,0.08213884938945706,176.6866182745919,166.601571492651,0.018474649657456734,NORMAL
39.404543438138276,1.8458028544562683,1.6040915863798888,135.20371863389013,135.11475875657095,0.5934897884201102,PRE_FALL
9.742194246033105,0.22155530666571444,0.24774699953392515,169.04129971513146,171.25159091558075,0.06455548114276442,NORMAL
41.038281793203865,1.77392357342542,1.9872991302509861,119.29932811376261,123.46820871747205,0.6799375544793256,PRE_FALL
27.448862689168813,1.0787753976247938,0.779477005898312,149.03216926860637,160.56331158383955,0.3065039925929666,LOSS_OF_BALANCE
0.09397431454871041,0.40231653848757315,0.2703628270796649,175.16416328548618,167.3696343310768,0.04417297836038145,NORMAL
31.538597111128368,1.6733542758246809,1.8016737987333977,119.01747970824978,138.84241480513677,0.5665042248896327,PRE_FALL
21.704525387678988,0.6409368940173237,0.6986013232217396,165.0151559841037,141.52766540658104,0.10236228429376376,LOSS_OF_BALANCE
35.37126889123341,1.9161568435667091,1.4016533303825494,123.66736640569604,116.8596061980311,0.6307321912916963,PRE_FALL
7.064191416945523,0.032114425356939036,0.12227981089997601,173.13916710755873,171.23661351154735,0.020683438951441025,NORMAL
89.64826382070689,3.206310448345128,2.2005812151113373,75.42302415856679,75.62874377003541,0.8415137151054527,FALL
6.94619438494801,0.1372092713758667,0.15811582002138622,172.86969313880564,175.43744246017758,0.06120537449284239,NORMAL
42.220088971254285,1.701634186298166,1.7918382813244942,126.60811486865839,140.7382031128077,0.6787145222653665,PRE_FALL
3.8176953263180824,0.2769334632552624,0.012669874331651343,177.39372457958677,177.51877802445085,0.030391437928453446,NORMAL
56.87340692314428,1.8038166770888409,1.9593083349506795,121.29659220991624,113.9018210891086,0.5745540506628026,PRE_FALL
83.58905344416499,3.4618292524743524,2.6919031376311304,70.71595677341958,96.62234510966466,0.9676762776022764,FALL
0.24786361898188725,0.36828223587754105,0.0996556403839286,178.96223829072488,177.03352708405708,0.08640640283752794,NORMAL
85.4872233077791,2.0100913454922296,2.4958176284343403,107.57506051878738,89.63010080386027,0.7361547933015702,FALL
35.53434984764636,1.8100331288195657,1.8064091136112836,118.46131459070892,131.53622893975353,0.5314325684421055,PRE_FALL
5.042555291232047,0.3822020573536198,0.0839162032871946,179.83636050931085,175.2059796017829,0.011881101972358955,NORMAL
4.4566724628469245,0.45224822924384606,0.1841103291182383,174.3169754643545,179.383452241109,0.0682551360768528,NORMAL
11.842477980238627,1.1917340557756126,0.3786874128737395,154.27068109760432,169.50106361845363,0.3568421279597508,LOSS_OF_BALANCE
20.613710146874137,1.1182999262494346,0.8895338546464557,168.66080369788028,168.36469798544866,0.350081480170198,LOSS_OF_BALANCE
67.66585270657433,2.855408911714578,3.994866460722391,76.62031184403163,104.96585884494242,0.9318132613660385,FALL
83.87513055784558,2.1691518494643773,3.465477846348249,107.50643626185652,106.68146308659747,0.8705055879931575,FALL
66.02376592280193,2.9287804310504706,2.2689375603247,81.91514516960201,88.54721429754679,0.7260530493027814,FALL
62.06064011536543,3.0571930708321666,2.8244173240146546,71.39847692647616,74.1937242816245,0.9997527935279187,FALL
11.916605028108055,1.026374350397107,0.46317838881319695,157.98727559763375,159.79172094702903,0.10318196368234882,LOSS_OF_BALANCE
89.30986835994642,2.788373184522955,2.078755603076256,104.92149849280366,84.44243930991524,0.7130760662355187,FALL
0.28373487898877614,0.022730901645670987,0.19243612014730802,173.65156847216068,174.766949662284,0.07669590009163112,NORMAL
67.70505964153854,2.3673176103129494,2.1075871584303734,109.13483087560527,103.00210244225946,0.9278728812222206,FALL
1.6326949533028878,0.3685589270516887,0.11691698095595877,170.67537090412443,168.94470413169373,0.04222393827536927,NORMAL
75.84231922093629,3.4718977601919385,3.787005893153969,77.43745969384925,90.64777667340799,0.790077215426486,FALL
65.40877799208307,2.915772510404617,3.4297180314386186,87.444748523433,75.7932228383558,0.7225311149507193,FALL
9.236367678900951,0.36622053337797184,0.1570883884512455,176.6329981379961,167.14942571924792,0.0871798985438433,NORMAL
34.23994469722341,1.2869201454092782,1.6522374410355076,120.51120960461841,139.15107632764168,0.6323732984142995,PRE_FALL
59.64981516650755,1.7352062870119358,1.53317860247601,136.96879588724516,128.28347362870196,0.6574400773653928,PRE_FALL
5.30852373702785,0.45674348724084846,0.2491417858702192,168.85455126844894,177.37034718813612,0.04818478298737412,NORMAL
15.459455811426482,1.0526449126056503,0.7506818246860618,152.00706586750536,154.27478849888078,0.2809496297317866,LOSS_OF_BALANCE
18.650963432243696,1.1965745336175941,0.49182491738499984,160.40520426294847,153.99760182848007,0.2084415529308995,LOSS_OF_BALANCE
60.24231686208693,2.02094601373929,2.6444613231035303,79.75440872931846,89.82188452799066,0.8306340182384682,FALL
27.523924724336474,1.021518195250179,0.46839372300812265,166.8229416297779,145.61089298131094,0.10857587488645408,LOSS_OF_BALANCE
42.78061506150294,1.8610669805504607,1.8747332529913194,128.87759647150358,140.68250718731053,0.6544228215112544,PRE_FALL
80.14163987459,2.9462927116957176,2.640167004216383,82.04769197966871,83.22673939495864,0.8362424556291466,FALL
61.03784358161276,2.337755831033208,3.7975045167934516,83.93983631048155,77.6971403501231,0.7618869912027861,FALL
23.09042383556668,1.0131295651321464,0.4194439792892404,151.23954166167974,161.12141589842707,0.15940615867034627,LOSS_OF_BALANCE
56.77569594980752,1.2722366948564445,1.3402849926676765,119.14266064212744,120.97444849554654,0.5979719811289769,PRE_FALL
35.056249697313476,1.8829175566762362,1.6450089478281869,130.96868271814867,138.35497537143476,0.6537707642531989,PRE_FALL
3.2066511539298315,0.15088221757210163,0.0429781302489986,174.90318635716116,168.3156411066905,0.03005009537574196,NORMAL
7.484268658779161,0.14945656747771213,0.2104482931222155,177.91061319193736,175.67811534592718,0.09355120774625358,NORMAL
64.19792458428427,2.6332861066580278,2.465561039363903,109.94792801385876,99.33786149725745,0.8067934765986475,FALL
33.605578076525894,1.874646271419769,1.7772186120379496,123.95346718990344,115.21332136110237,0.5762833635425945,PRE_FALL
73.94038348522443,3.1235033833819115,3.5376044040342345,96.75743827772644,77.80635479883448,0.9020003647980774,FALL
85.72865042285059,3.3668368336703933,3.284746159333129,101.04406091013021,94.57233459238549,0.9313292075214552,FALL
43.016200993224075,1.41775082545372,1.939940046584867,120.5199132297978,144.0466400634474,0.6973938705132359,PRE_FALL
42.98849016521525,1.2323645906021388,1.749997623228257,136.59177722770175,126.0330633303476,0.4240732558062349,PRE_FALL
19.52826013023546,1.0319364969586893,0.9869298774020396,164.25666449604964,161.97941157123557,0.1709851557882841,LOSS_OF_BALANCE
16.977183933909316,0.9492781375805281,0.6147712013173852,158.93079221704002,164.95191324587344,0.11101932812407267,LOSS_OF_BALANCE
75.08332468756713,3.1279782515140333,3.6978425612505683,74.56307762126943,73.2766412431366,0.7737285068849205,FALL
6.942450986674487,0.05979184200317489,0.15375776082193238,173.62895529913288,177.67920102099373,0.016284723268191883,NORMAL
3.4796105629465046,0.166654196832546,0.20104005285635562,177.8659964160053,169.94705495368447,0.06936736739834325,NORMAL
23.37316499593945,0.6424777271096962,0.867006193089439,166.79873034475065,150.78683006190934,0.22240821101135394,LOSS_OF_BALANCE
65.94263749016537,2.721683175784935,2.617980012118789,84.86781039174056,76.40212448405222,0.9719243325625825,FALL
8.702777358497256,0.0059315200477548236,0.27816675781602196,171.73230935432062,175.17740107875562,0.09617627228070305,NORMAL
18.647943420618322,0.515038470037477,0.702316489112896,140.19061869912366,164.84667928292174,0.10566149504901001,LOSS_OF_BALANCE
88.02711696347296,2.6998170269699706,3.0856069713415306,98.19146621632032,81.03668943661344,0.857713547903824,FALL
26.4541545147699,0.6648223184659781,0.4472705438851692,166.70740183298898,167.47672403727006,0.28940581079688155,LOSS_OF_BALANCE
5.258140582527798,0.3153771944123777,0.24065042483133825,176.92269366452805,179.84105423642302,0.0781915766845425,NORMAL
56.69404695551921,1.9144821894710329,1.0934829588295094,142.32485069546723,131.41209124890915,0.42805304707307174,PRE_FALL
15.033416098395797,0.855476486162698,0.5937517513847719,165.0888874198308,169.4925983302283,0.12492800804881626,LOSS_OF_BALANCE
85.71465036778034,2.2244802766778538,2.225973745818145,77.04590272214537,97.16508815303526,0.9055297638719727,FALL
86.65731768218942,3.1854647350895835,3.314115913252644,86.19193789287141,94.25237373325683,0.9081744549246606,FALL
6.459315035600874,0.2562763472737935,0.048286307269318506,168.3118195403611,177.52122550302093,0.019432621534632544,NORMAL
73.27756134586036,2.124416278449001,2.146366716147213,103.09121314929605,98.65311946199819,0.7835974189806258,FALL
6.469998479834043,0.022148346763924798,0.29508246178559483,175.16207843796278,170.99426619337623,0.07526827777296058,NORMAL
41.704632948548905,1.7821508802148052,1.3318769312323064,125.98224073590168,111.34105284565833,0.6019033732820127,PRE_FALL
25.995824263529506,0.7519009354307149,0.47869917568649856,143.3597707625248,153.7086124754277,0.10217667828506782,LOSS_OF_BALANCE
1.7588668170653166,0.47898302113976987,0.15538732513312223,165.75327577710962,168.73797419489958,0.08483363473516597,NORMAL
2.8920844322076555,0.01766312008742671,0.2768593548185449,176.24137919069128,175.90457571130486,0.056370627329083635,NORMAL
22.133097179950614,0.5220153315517678,0.9831411118802973,169.81218733194106,154.5173297811112,0.2842014989256699,LOSS_OF_BALANCE
38.66928092541324,1.6648425322704867,1.9631801544617895,123.12390238170386,117.87599046318152,0.4008337253167417,PRE_FALL
13.611869556098577,0.5306035996965178,0.5447672249502779,159.65626855725603,147.32733033554752,0.18772381647612804,LOSS_OF_BALANCE
80.99530286194917,2.050654869023058,2.7968515217573806,107.14319148622087,99.20453026239349,0.7084831452194893,FALL
25.252151736385215,0.7120509195807119,0.5757501106541385,167.4848007051629,159.3540201672341,0.21295682034467536,LOSS_OF_BALANCE
5.626837594773225,0.050495221412724334,0.08582785621466173,173.03450221718876,170.15803767866197,0.04108900372992205,NORMAL
6.610576425973168,0.01289007489309918,0.004458098169212654,176.8497699635213,168.56897409135695,0.032377146196202244,NORMAL
64.40382305683399,2.9254095486295597,3.4939859203084564,72.69355116980792,101.69637778549185,0.9223573706717713,FALL
76.01945616994198,2.6482933181972887,3.645269907376001,100.25146050338378,107.3424953949647,0.9573383708904797,FALL
38.263858077844176,1.5390896972129873,1.3590160723752898,121.43236293559802,122.83417130677331,0.492083547478703,PRE_FALL
4.4622044383900175,0.08957259195431039,0.2846135494838935,174.89119960429466,179.5160333975627,0.07359198088348244,NORMAL
1.7981587369786922,0.15943878366468978,0.06570605642192835,178.4364717242147,176.6780742199271,0.005859123027811853,NORMAL
2.7556054287998877,0.3403028525317242,0.22649157018295002,171.19842237443905,176.75682625445307,0.04824677570068806,NORMAL
16.355501935229398,0.874938934093385,0.5745213565049279,165.77169762640432,154.84499642778073,0.23917418260786705,LOSS_OF_BALANCE
38.22722550624885,1.5595313112796767,1.1375302914812648,123.1894757832534,111.27502157060678,0.4268625152003345,PRE_FALL
81.95746472666379,2.8607612536252263,2.2356492598625257,109.16848692968074,109.16182943745702,0.8194695676500074,FALL
44.91398839452779,1.5489474002400503,1.953164011208628,115.99694133381568,129.59855553281596,0.5676988124481087,PRE_FALL
58.454878286252594,1.6091519682871551,1.3860938530967957,140.490566860011,134.0958091291386,0.6085748685006521,PRE_FALL
55.33692260153074,1.4937350958403643,1.8305045366291766,134.86073166212657,110.63216356808985,0.6202951998631232,PRE_FALL
60.360667505065194,3.383261595703466,3.032639249136998,82.71044623298442,81.27328945618233,0.7329969566026141,FALL
24.426869272716452,1.0498822658020068,0.6349024092425021,142.01940904106885,157.33528638499672,0.3878755943329061,LOSS_OF_BALANCE
8.816263598977603,0.2461133619477026,0.09271592164536586,172.35654630191218,166.35386065276353,0.02326233580832391,NORMAL
67.37489861821996,3.2433119133244386,2.025202925753958,82.45929518906271,105.71153799049802,0.7351689000567262,FALL
57.01062987671254,1.638564412966005,1.7639765798455351,124.28728314577477,132.54000168846147,0.4640541048187678,PRE_FALL
55.02264286491741,1.4560930223233512,1.5768042742919444,127.28675063548026,136.24175679934245,0.6371584034934021,PRE_FALL
10.193623080819876,1.067280969479633,0.8840092170854188,150.19466725561557,152.57441947439,0.3057288417651345,LOSS_OF_BALANCE
6.904760750146538,0.4239460522199795,0.19752161102554316,169.52474000365797,172.76623691695858,0.050952256611471264,NORMAL
55.69939078886869,1.4670106133926195,1.616402726905307,135.8950764177773,139.26824773703981,0.46827127706229865,PRE_FALL
22.367033911672962,0.9612132736213292,0.6326395992967471,152.39379778360464,145.63804805348718,0.3958544216410963,LOSS_OF_BALANCE
19.47094570279471,0.7345444559374293,0.6745169161277947,150.94585361592593,163.5648417127519,0.3942203523756529,LOSS_OF_BALANCE
27.13605220864201,0.8532456310258956,0.38950294813921693,163.90462281266375,149.04044914968776,0.3019186481750863,LOSS_OF_BALANCE
3.395132811484639,0.16653431124656598,0.05043981241370597,172.65724926813223,166.7103995975783,0.0509952062322972,NORMAL
89.97816974445759,2.1819771221144784,2.238221904727724,101.9328486927301,70.92570620168598,0.9864834923800989,FALL
67.28662155430473,3.1191380511306033,2.9565373934442545,88.96191203632618,99.2414626743502,0.8626182651490552,FALL
18.14013703119356,0.7544039716584268,0.7602014222741391,142.7091887735341,168.294864261108,0.31727033594865417,LOSS_OF_BALANCE
77.96226290923985,3.0590985548431364,2.854498655116285,93.57109240892315,94.80883416198017,0.7944982196700594,FALL
72.3334162277587,3.4985941000012923,3.921460421788292,79.23284334775434,71.53761487637743,0.8209696467372711,FALL
76.20772040007681,2.6082075182210502,3.447563316525015,95.52549811774313,97.89247459377214,0.8143571771876373,FALL
3.911537636899097,0.38657550765309895,0.22472727352782404,176.01470183639486,173.83086436657206,0.019492568463051554,NORMAL
79.52020835993729,3.21311329144925,2.088590157053333,79.33073132319656,73.60093097501225,0.9734042715961773,FALL
19.928098581722928,1.026208731060311,0.9490602365234018,142.99106217180008,153.32310069427524,0.2743700745833009,LOSS_OF_BALANCE
5.381729064482558,0.24174875194159806,0.13067234790116827,175.96539321457684,169.02593307073838,0.08517131600193319,NORMAL
19.906093051493578,0.6564805084953951,0.7729765329343652,165.56767087163973,149.02676626180994,0.19326724868821066,LOSS_OF_BALANCE
13.79251629176446,0.5089839905735745,0.6504898660723719,161.76036127826373,154.74361153048767,0.3777073213811669,LOSS_OF_BALANCE
28.993490006791927,1.152088937667624,0.47626564091083234,166.53694586982922,147.14230565722764,0.13668305003611195,LOSS_OF_BALANCE
2.211980811014528,0.10667690509309796,0.09956505447119444,170.41196736994098,168.27667928676772,0.0752655689554517,NORMAL
29.148458560438154,0.9215010709051,0.45122797723299407,150.77195486666167,143.85476344729312,0.28669382279071587,LOSS_OF_BALANCE
3.1270710696276427,0.3692700978960881,0.028499541099174085,176.37306007261859,165.68833630640123,0.08519987250744882,NORMAL
8.879740438370417,0.4977362049139642,0.10281985177726798,178.52075664216787,170.38876329549947,0.018842603389086943,NORMAL
84.16081964926082,2.5160786940176822,3.9468508818653163,74.54088408297055,105.38944951575559,0.767872626310536,FALL
82.52145075727778,2.4339131831050085,3.4917956899617426,102.91497070121366,92.89179752438022,0.9187583995846231,FALL
4.022653508109063,0.11716963924378082,0.06518076305326602,177.95595364005084,165.8466605253669,0.05038958489409345,NORMAL
27.36186316999281,0.9091278695354326,0.5140252244255867,158.73502808071424,152.0980507733616,0.17642481526981063,LOSS_OF_BALANCE
31.503628580303534,1.488084867292557,1.6198746288982298,122.33537262530741,122.74777277285034,0.5191197682010884,PRE_FALL
79.35328429128784,2.1836732714585096,3.663306578485937,101.54640563412481,100.10634340948548,0.7271397601701891,FALL
8.79326255146476,0.43201346721429407,0.08287422084661229,176.8500927300467,171.22413635327018,0.09342483936825202,NORMAL
9.51644041732608,0.028019172200946407,0.23269587321375704,166.07077042123586,172.0522016489808,0.01921922929264528,NORMAL
1.029049150218696,0.28695615259602825,0.21683351199775994,168.42606634729876,172.6323732736597,0.004403790726280954,NORMAL
9.64917609202255,0.42855559371915114,0.1942139675284446,175.16542869136455,169.03625368903437,0.04095071964955421,NORMAL
53.7157290634713,1.7993802496185607,1.6490713193547766,120.56902485990992,118.5572122781056,0.40491341330223585,PRE_FALL
24.07925712214061,0.7642225482550045,0.31844281768266686,168.9473957772647,151.15052693801002,0.3104205290362459,LOSS_OF_BALANCE
53.72902615973675,1.7351230931111086,1.9615751105116512,121.22445043349438,134.8992863502157,0.6846285323498634,PRE_FALL
37.86415112036445,1.887623430837814,1.779350700993368,126.74667292841258,121.35091469058072,0.6261254957228651,PRE_FALL
34.62491488486262,1.7703401862664547,1.4474494031478908,136.94128244224444,131.51718159606494,0.620943694705454,PRE_FALL
26.068233463170223,0.7802158435664931,0.9002451514456138,150.64043298968502,168.37195351197906,0.3509603904157257,LOSS_OF_BALANCE
8.193011743110851,0.4823603865170438,0.03242962489728197,165.385176382462,169.67935866592043,0.06773472868504088,NORMAL
41.175278107237574,1.9779297700630833,1.503360493595045,143.4790853320959,128.66931153752557,0.5551208502935272,PRE_FALL
4.842431125931613,0.48536202418858665,0.23092492113749763,165.7097840474924,170.2968134303818,0.04559265371875007,NORMAL
7.2907584945985064,0.33668227364665076,0.2952495634097898,166.4762680672794,171.03931923153402,0.03393026053949632,NORMAL
71.76929962273411,3.357231567223515,3.380317116040537,94.0037691863316,87.70487432418216,0.7297626305044582,FALL
77.17972314259362,2.7584406641849935,3.32988755524045,109.73903407686042,74.3934917990929,0.8926093386417883,FALL
64.96013703330517,2.7100966414635574,2.4735141787223434,107.32208183679242,76.37814617867302,0.9162790153956059,FALL
47.87833641676501,1.4584772037656746,1.9399513853431918,130.15008031088888,123.8976210770983,0.6532718497068084,PRE_FALL
3.7891101336038293,0.24714757369827145,0.19804942770633596,166.35799507248532,177.25550384881907,0.08872615365741245,NORMAL
19.884901023600044,0.7529781225241973,0.8868211183367722,151.72400625810138,154.73110872405204,0.10658709052297127,LOSS_OF_BALANCE
35.176315863845865,1.6613184568595456,1.5668746151748412,131.51832206169848,135.93481014980307,0.6644676130366158,PRE_FALL
6.817103690265748,0.2684851652043976,0.08004755698576284,174.6144269786971,166.67328260393813,0.0434765250669105,NORMAL
40.83363398238329,1.6245553073518724,1.275547791213044,120.50827992694309,138.03593258575796,0.45249418790833473,PRE_FALL
70.51089182688807,3.1324729819553667,3.066567274680004,84.10675010959389,101.83257659187562,0.98014786385513,FALL
82.9935763542135,2.0396745540705634,3.1421637921495957,76.33356769676351,99.67306789140686,0.8599138309859911,FALL
87.91554828038548,2.101984190895733,3.434262302206944,88.8920570125665,106.92542844378977,0.8920277524214678,FALL
57.22913753187795,1.7424261576036009,1.078594584784859,115.71839846682738,123.2940342198439,0.46566132102237123,PRE_FALL
12.104564197328507,0.6583563825150541,0.4292387292610197,159.7810807752106,149.85877276445785,0.3921870234507676,LOSS_OF_BALANCE
75.1697454607984,2.9524996069898237,3.766545647846251,108.53900299737782,106.52203822473444,0.9250127602230418,FALL
10.571103418473298,0.8585430451964535,0.945647518414318,166.59785738516996,168.95706833101022,0.3828538995774511,LOSS_OF_BALANCE
1.0964913035065915,0.313723020851545,0.2376238093088892,171.33239950199527,165.95291559227937,0.03816192865065368,NORMAL
5.655520079051098,0.18224671783931462,0.09489994784889873,171.42461089439388,165.07247823997008,0.024617513854548412,NORMAL
6.704862188501712,0.3715700607615858,0.2837922257338296,171.28690130122084,176.13403522147973,0.015452290240983503,NORMAL
16.631640945150984,1.122174315373239,0.3239559405629752,166.16084586329924,167.40730801395796,0.11394983501614986,LOSS_OF_BALANCE
9.766070228830568,0.2623184345543039,0.08489961098248651,166.50789162136186,167.9117636713661,0.02274831634825547,NORMAL
36.81214457087152,1.5512208298022743,1.4867758333626329,126.32221668922276,126.28216462585962,0.6647150312468985,PRE_FALL
26.830317998145134,0.5086361712344843,0.8396805298672174,159.33192172160955,167.50648559280063,0.2193000764535437,LOSS_OF_BALANCE
4.421055342159005,0.34457349074004445,0.21949215638409827,178.5026170358152,167.09134940184745,0.0550959990299315,NORMAL
2.85576877698158,0.4582394547709407,0.14736005857626722,166.83956132855957,177.79239435576483,0.04520426852453974,NORMAL
42.2100493700719,1.6641694331275176,1.3721099158189012,144.42294770598636,136.85596510943572,0.4442899558266121,PRE_FALL
12.104491219579403,1.036577356201838,0.528209195189679,153.52807950187602,147.58299854562551,0.2518193715318333,LOSS_OF_BALANCE
7.76835619966741,0.2837967783071986,0.025487111993153788,165.78913239638283,167.3611484566073,0.06178381819260306,NORMAL
66.85899474773944,2.221040153141327,2.736601917618393,72.85073023350745,89.05084691038583,0.809418523528391,FALL
29.740509862959186,1.0714725646690002,0.3011050043091883,142.0952448488199,160.88950121801486,0.25748859662601875,LOSS_OF_BALANCE
84.25014491970501,2.070036247974755,2.9414563887034335,78.20984797854457,86.58840155731151,0.7914039783471911,FALL
23.908810634201377,0.8008030540565881,0.5987835070839631,144.1331129034422,153.13858563855123,0.3691440186254379,LOSS_OF_BALANCE
1.756948018758423,0.19010372285761812,0.21110137901479908,172.50393519834319,177.50031303629817,0.0806200186566764,NORMAL
13.637785076125589,1.1134730090508165,0.9613300083896168,166.53024291330365,146.73461400435895,0.38443276514776814,LOSS_OF_BALANCE
78.16453606683739,2.9826863864530484,2.78883798674108,103.25901111770392,87.73536087267323,0.740313662759757,FALL
1.0655091771126113,0.0025976111850150585,0.09248023654088941,170.39876246020344,169.0464966485908,0.01325070044941994,NORMAL
16.121296346732123,0.9377187413068777,0.9362865968718936,147.95544034732436,149.63218205313643,0.33498066967538753,LOSS_OF_BALANCE
54.32265247297119,1.844981323254486,1.1070496085506754,112.60451194792057,123.068590181124,0.4462018383411515,PRE_FALL
37.11053628027183,1.8557255878990833,1.4885879200942667,126.44133896506948,110.67890518137143,0.5532881398813311,PRE_FALL
84.3396076425957,3.4722236651573084,3.18107169794767,75.48248798961781,82.76091077501475,0.9241499846208919,FALL
26.066785212081392,0.9526530369889388,0.4363114125202871,143.2520264620483,142.3342572963316,0.28095705012708294,LOSS_OF_BALANCE
68.80515521511747,2.638790732172237,2.329373453239829,102.56583654945182,93.11025270461413,0.9124473386278931,FALL
50.604823672566106,1.2460187434740424,1.852965386892678,118.3585986656129,142.0770067540159,0.46268115260392106,PRE_FALL
6.994649712461508,0.3834490491781204,0.050336743010340676,174.10871240836397,176.2188847793293,0.011453287137889769,NORMAL
81.43402074474531,2.9415310767042886,2.896041990155411,96.84395280139803,92.0875690223479,0.9429759423420179,FALL
66.5707288537923,2.518025682438917,3.5618095894938873,101.84522277008611,90.03932649609885,0.8166163539274025,FALL
45.96915541072894,1.6946311140637391,1.1582804215078357,129.33124227079665,126.43486868214005,0.6949909060028969,PRE_FALL
50.410130060674874,1.9117927255794747,1.3434537612375086,142.14045390553702,144.39499319998322,0.4435151478621197,PRE_FALL
29.407709300891206,0.5701636590586218,0.6687449849851719,161.80293874825034,164.23978179956717,0.28098805494546136,LOSS_OF_BALANCE
7.789752789596681,0.16306611235358587,0.029419240140434386,176.06621799013712,178.04829454421503,0.037553238787774106,NORMAL
22.072144932672035,0.5542672178826307,0.387234856724956,143.29970397442116,156.45106354507385,0.11978780775373618,LOSS_OF_BALANCE
9.83579098130395,0.4918341888136499,0.23366094517578265,171.97404490973236,166.1735190290984,0.08899154783045546,NORMAL
13.57082861602121,0.5150444196407064,0.8900169945005476,167.3194685059466,140.62981281387337,0.30323571369925933,LOSS_OF_BALANCE
4.829448181754195,0.4023440771078665,0.205497252358703,169.46150807144613,166.0945953825802,0.005991303293466899,NORMAL
69.77554902816027,3.230278068615029,3.760928910390348,81.0454913711798,89.94675678629014,0.7778730029658393,FALL
75.51069579453738,2.5017822538429093,3.395008615470261,95.99248315133381,103.50511716666801,0.8155176237682265,FALL
17.540735417977317,0.9189552337360821,0.6676432201178235,144.74517735096407,140.44815384194249,0.36915660848326914,LOSS_OF_BALANCE
5.041101193531644,0.19233131937185205,0.2938502280615129,178.7386536254565,176.4356198439269,0.027359587995611126,NORMAL
33.5423764288569,1.7494287605523318,1.7004019987591654,126.11206650252568,126.32934850709955,0.5980548437080571,PRE_FALL
0.27102046340312436,0.3213748240046679,0.04070984616916927,171.9254766607727,165.7542695023294,0.03791038641881396,NORMAL
15.785822832235702,0.8339742331957786,0.3942238778875037,145.50352336251157,162.9786713994052,0.3749025541993366,LOSS_OF_BALANCE
15.562528866162694,0.950521450123784,0.8323457176068814,155.62618578786694,169.32702513372004,0.2944139275238899,LOSS_OF_BALANCE
60.98584438224418,3.4338988407287308,2.2148723478586714,83.99617397346117,100.93429463244057,0.7082619684493285,FALL
30.794092700827562,1.440899135033543,1.9676595521991271,134.23049001180843,114.31962640526427,0.6755419110155478,PRE_FALL
9.950243355575513,0.176926672187095,0.038913941266290775,173.4395150649991,172.7955870027674,0.06318576074968361,NORMAL
52.80951245521263,1.2515275721073664,1.5427610673002294,131.94013484917642,141.84500484379257,0.6866235268593908,PRE_FALL
35.667842659054216,1.9472975984502485,1.9278057105470867,125.91661980536793,144.67988136613775,0.575075082081165,PRE_FALL
78.75307133158536,3.3004544096545665,2.485005934189676,96.47484051372064,92.0058586111594,0.8875259645890963,FALL
38.343905652610175,1.4416828229206045,1.9225446610737675,132.589239499497,138.51354546877224,0.656555687921305,PRE_FALL
80.43958343496566,2.8091387839732755,2.535369290844061,87.01289636723905,91.92212029840869,0.8814257037691927,FALL
44.587712315744895,1.2765469267737444,1.8453822687745258,117.73407201074703,126.08273145806977,0.4496927676168498,PRE_FALL
51.68862152643757,1.9532801104520892,1.6065683335212215,127.70484060180098,112.57255430076259,0.5353875807114385,PRE_FALL
84.72274751311397,2.960469772736543,3.582170809925488,81.90044692990917,72.14582983621253,0.9693420570255644,FALL
21.72716407013123,1.096418967293097,0.5030835666720278,144.54613432639255,153.89318669112464,0.36556116184432674,LOSS_OF_BALANCE
30.715024506577716,1.2834548015684752,1.5612529924817717,131.3382132620238,120.70641538066053,0.6976862075619994,PRE_FALL
23.357202779609718,0.9863471037468962,0.9873462790785854,157.9928690997691,149.93436303407148,0.2735232246654412,LOSS_OF_BALANCE
41.77746231348927,1.375955240694155,1.136081081749993,142.46314365586142,119.855646054249,0.6035014852907771,PRE_FALL
63.55265089431598,2.6820223918497903,2.2639103415525863,89.2419054446625,75.86938279553642,0.866451083445501,FALL
1.7758369416386166,0.4352403859592314,0.17606407452672804,170.24639852466981,167.45270421776777,0.08944919203121954,NORMAL
82.2056569574714,2.2109742812297304,2.271366892052897,75.46520301040272,71.49433017716025,0.9973641402710589,FALL
57.264909782883365,1.7601826408046946,1.5604852907076752,136.48697022048566,128.83890257199693,0.5193913697119154,PRE_FALL
20.163645414034598,0.9070405490621042,0.5408369225111446,146.4460615915447,164.92180308312615,0.10977985856769829,LOSS_OF_BALANCE
4.192249153358725,0.29183614464561236,0.15683481465958765,179.0205938660464,168.06388799135306,0.07161918007894148,NORMAL
1.5301546681020062,0.08232853994506206,0.09679822534636669,175.63998198793868,170.1903462351281,0.09409040549315348,NORMAL
9.132297256698525,0.08753238774048155,0.26467349194944995,167.63683061308294,178.794522177764,0.099717180308851,NORMAL
2.142368073704386,0.0661559243625125,0.2806542721742013,173.56564639987926,172.0900653946769,0.07846194242907534,NORMAL
0.6294950859275916,0.4358968503847312,0.06969841905299018,179.21173067982724,174.67008046834292,0.04116917295657441,NORMAL
23.36712726813326,0.8639418479936797,0.7040169759940358,166.50748519600762,162.7968085332659,0.13951212911593322,LOSS_OF_BALANCE
63.24843605583652,2.497703443748208,2.7830088750976985,89.0077377393784,101.48332652438589,0.8591788985924316,FALL
47.69338746071941,1.7460811452803886,1.806188960327583,137.2403639285315,118.58537888465048,0.6444795564313796,PRE_FALL
22.603126830369973,1.0537135224697676,0.3952645562749584,152.0198554992844,158.8488881972911,0.19411654079513851,LOSS_OF_BALANCE
19.775873124910255,0.5856295338517137,0.5440542604572711,166.11279607817883,152.52725462939807,0.27191772753678684,LOSS_OF_BALANCE
20.28637199081629,0.6075974664651106,0.38668985396009964,154.6223646417805,144.6689120164769,0.296990033798221,LOSS_OF_BALANCE
29.808262033858682,1.0847513218209248,0.6676884289995024,145.01914212591777,144.3974887822397,0.12817302964626057,LOSS_OF_BALANCE
57.654824446800475,1.70201546846054,1.9774517456317529,110.11797931207992,143.5517530939352,0.49821300305834365,PRE_FALL
85.21069365878547,2.4643953838396158,2.8461143826020265,87.90579796149879,81.85330761936596,0.9591078228660233,FALL
22.248653013909397,0.5564154417906928,0.6859976763661209,168.39802029642416,148.11525219455282,0.112522293114799,LOSS_OF_BALANCE
1.4885427544165641,0.3201676346393959,0.27986811705939985,174.96908754749043,168.99654721672917,0.07000551993387256,NORMAL
19.175518634929684,0.5462113988442211,0.8705594241240644,159.49834986565472,151.06939883022136,0.12019938055901241,LOSS_OF_BALANCE
9.665002094627521,0.4300702984494109,0.21726501362265546,179.69913364172857,179.5090462095005,0.0804587644020562,NORMAL
40.16506429128303,1.3915375524005982,1.1339779028308796,143.79928148302582,144.62633654371405,0.6841704103222482,PRE_FALL
49.37316347452673,1.9767521585414747,1.7418464860055196,123.04873382794472,119.79925382593308,0.5960877918207523,PRE_FALL
19.945475642505556,0.9398597207641758,0.3942258665025715,142.98810170690678,141.5855726220412,0.12046860195279471,LOSS_OF_BALANCE
69.94678380050777,2.6895466212994537,2.4670564450673327,100.24584092896235,84.85018594385748,0.9681039684487088,FALL
81.91086768179996,2.19178632460839,2.394760992905841,83.04141431440335,79.2184490795739,0.8620997315697718,FALL
66.88105415019957,2.828321287200785,2.3619625892488543,92.24265580028987,81.35634005462258,0.8608150115856186,FALL
6.974173929101944,0.06313974647920445,0.2605383591788832,172.36318041785668,178.09079602497803,0.05740642196263323,NORMAL
7.2416357009431485,0.25039642581886257,0.2922969982307989,165.8054464792109,171.55632379265248,0.0838674657613175,NORMAL
0.8707589159376727,0.233437951241381,0.013841931007287244,172.808665681576,174.8847643001625,0.031248080002129267,NORMAL
66.68316041820583,2.3768221662584383,2.0376770479719513,83.47129511370599,103.13548106787721,0.9283805077117089,FALL
49.001896894059286,1.6331222644966412,1.8038699557700644,115.11393381914408,114.44344539213625,0.5529603678257822,PRE_FALL
71.16339588519557,2.444108786188384,3.32549255954767,105.33743116636656,98.44915192499442,0.8614979218400725,FALL
61.237323603238366,2.1475427610309037,2.54958179097323,104.83192772577222,102.581004615973,0.9411485374415648,FALL
21.314140956427984,0.9776685209727345,0.6955981636261208,141.960818750001,143.84739184662106,0.11951479642264001,LOSS_OF_BALANCE
18.618934574388824,0.6938054384738253,0.615902011264481,166.41621760897704,162.16809767906486,0.295133109384245,LOSS_OF_BALANCE
74.13494965859564,2.7988855887590316,2.9205517375852788,94.38649873891463,108.2267004098353,0.7341036364204571,FALL
28.78308509443905,0.9112443673765732,0.6517325148116083,160.54507787353316,148.2632293257943,0.10223299262915204,LOSS_OF_BALANCE
40.32803605561193,1.523616474710235,1.5907701284553335,141.8761182594419,120.0681963892848,0.47470920298185537,PRE_FALL
4.551977776794275,0.18006194776087664,0.14988300172841498,173.50329192357674,170.51531666785218,0.025511608103907814,NORMAL
3.8998266023078676,0.288965707447975,0.05869998605324701,175.2227518197997,169.74896575880072,0.05702764078553516,NORMAL
59.46064678051256,1.5609180886940814,1.857209865492535,140.1246313490896,113.07043940562544,0.5780257263860404,PRE_FALL
62.100833839970974,2.393119927743381,2.6495233461981194,75.43772711383372,79.09606063058037,0.9738228120472527,FALL
68.08867265384691,2.4798515821367366,3.921832656124309,74.47543318738896,98.2764745465307,0.9493474457370474,FALL
30.447267980379007,1.6981994859390093,1.6520289741168201,113.36328942148711,135.51374489931118,0.426941616422693,PRE_FALL
74.13127370031376,3.299492293844499,3.0520176767200944,84.31663453576675,94.23982757063366,0.8786486416246598,FALL
29.533262933808977,0.8953577692166877,0.6946175254176987,163.70677109445788,141.37041838050982,0.19437408766123115,LOSS_OF_BALANCE
3.4279247861922157,0.3230256132290675,0.09789192412677791,173.90035882583135,175.4529537107981,0.08419078703855627,NORMAL
79.65045132358327,2.1434086854854257,3.3265097698444155,94.55796890184531,71.85428316901218,0.722657694922101,FALL
74.97786723051436,3.3901835738428514,3.894043868759233,82.89894799225874,100.06431512792379,0.8075421777854878,FALL
8.074969977666434,0.09520495718093885,0.029079244268646998,171.46576773609567,171.35367934529881,0.0467024668036675,NORMAL
8.342430713516535,0.23627058462864503,0.19614389166067567,178.39029788460832,171.25735158242722,0.049188650330002005,NORMAL
41.88735182168281,1.8572435232417122,1.8311951088012783,111.14343393091792,137.70144053962997,0.6965729749564993,PRE_FALL
81.89766385384601,2.009378559368191,3.821415638102426,108.89862969301541,98.92158227182557,0.839092316161028,FALL
73.54253106144103,3.4086201414101724,3.8340290695710544,78.32828860450397,84.56246667453556,0.8514597325688087,FALL
22.24641293988716,0.7753292442031999,0.7875198572037874,153.63745223581864,165.4601693841287,0.3901457583393272,LOSS_OF_BALANCE
82.45086895331411,3.246430182910073,2.1097858022749665,109.0246583330412,104.8123357086775,0.8172766952545498,FALL
3.247681794455138,0.4006610771552261,0.18543757899127206,177.4803886960756,178.79654627612078,0.008812988129788469,NORMAL
67.42395346876287,2.984200394823406,3.5409274512690985,90.36719446274473,81.29154657102298,0.8163688951734746,FALL
77.14861990978613,3.4535587581577643,2.8030003407831137,95.72511899492942,83.78518198407735,0.9986390766080278,FALL
56.49778839462438,1.2446873469518225,1.7172702306036958,114.61533648806574,112.2357265833259,0.42036839605848064,PRE_FALL
45.02050523274656,1.525757996910294,1.552549822034583,140.24055557963695,141.21383633683152,0.40320158283005114,PRE_FALL
63.39397382654819,3.2125098680023427,2.319819369363806,81.14548229650251,87.74405045307614,0.9936663752235457,FALL
86.98412454037339,2.084534902162749,3.482044640915645,85.7754579567092,96.33648132825937,0.9839514563040537,FALL
41.9246890657525,1.7673133841906452,1.3235795829416235,114.65161389523999,121.44178644630941,0.6900091350988697,PRE_FALL
64.58569710446268,2.4030892451425925,2.419489836135187,85.5696238903382,80.81207201678359,0.7039547546926679,FALL
36.47904287547843,1.2099346834230014,1.2436802012070305,110.727088376981,131.4277180054379,0.6513792159533871,PRE_FALL
0.8267062578646689,0.015430352821502402,0.22831698556362723,169.3813486433806,169.122793774103,0.053760861820481946,NORMAL
48.549357042534936,1.6564936801894101,1.266735776721325,129.34155279676838,139.42687986994298,0.4455108687794672,PRE_FALL
6.0662766607086125,0.4208964976691303,0.25761409661123974,167.100025030743,173.07927055617034,0.02632346505935833,NORMAL
3.043645843560052,0.24631230948910293,0.029157599586546477,178.30888962792753,167.03496073059506,0.045364375688889264,NORMAL
84.28753508185221,2.8720314820555375,3.533475381686954,90.35880739668173,94.62838741543653,0.9018711708378708,FALL
87.65476503931842,2.0703365129971405,2.98379386695114,88.91179531892921,72.02313699872984,0.7033923743393247,FALL
51.97669011234171,1.399039626001012,1.6015254689286218,136.5587351071511,116.27692855336427,0.4543714278105368,PRE_FALL
10.652710745887477,0.7029331214442378,0.5944486003243161,146.68638112624294,153.63889639487593,0.21432394932471466,LOSS_OF_BALANCE
13.956499887123835,0.6219026264046246,0.919767560686165,161.56510021707814,150.19452479054053,0.2663514865472114,LOSS_OF_BALANCE
46.09364030050732,1.4881081177225104,1.144407401136037,132.29826249617523,116.1023605891048,0.6902110019068086,PRE_FALL
64.62790103802891,2.632399058734599,3.843011146874801,70.64141724439914,77.86961327592118,0.9399330980948475,FALL
15.475525540494298,0.939658242288353,0.5043227133651066,167.4888900071555,160.94131977704265,0.31672281675540226,LOSS_OF_BALANCE
60.20530731214976,2.7488308778313377,3.4870433777354597,95.03686099738943,78.1983128082868,0.9195666990633182,FALL
8.982816089058533,0.09625619396683854,0.15416841003823006,179.22317729472627,167.51092213820243,0.09562762064733991,NORMAL
41.756915134180474,1.8535291144675992,1.9437014600751066,129.8303435173121,144.41919022078878,0.5551243309682624,PRE_FALL
57.85819411094963,1.6383843471513397,1.3888458444480793,125.67774532765439,114.07335697415976,0.5663385534259607,PRE_FALL
14.980440041593058,0.6927018439359202,0.6928850222538678,149.2641205249552,153.2013140122898,0.3931686991973494,LOSS_OF_BALANCE
38.44502860100671,1.3298498276363728,1.7143153693000297,125.71587801717402,114.89056762613909,0.520965768612101,PRE_FALL
86.53798499902423,2.982628964519287,2.991228522994146,77.42551479338118,70.99806898959427,0.9470882264984082,FALL
39.39881643613337,1.9214430055421374,1.203007070299866,115.27110277510047,117.45541494909423,0.6522035540625968,PRE_FALL
26.154659220311242,1.0270283883573441,0.4089490340071852,146.95169427912202,161.7885837183677,0.21059200200811218,LOSS_OF_BALANCE
71.67786674744485,3.471428928511215,3.0347181853319105,86.89580533290587,73.40749817155309,0.8713858749047432,FALL
51.5355699942924,1.2331430667550036,1.7768460941262845,114.57249714148666,113.27379677167166,0.5006395441733358,PRE_FALL
25.022658582565217,0.8523067959565234,0.3076073033919444,164.98040283254252,160.39710632299824,0.36279295411921264,LOSS_OF_BALANCE
54.6198183397686,1.267708311426729,1.6007851330257477,133.89443988583474,119.22844005913369,0.46030395901137355,PRE_FALL
47.853640233525454,1.666291150858775,1.9119696327592317,144.84846991575597,125.61237929944299,0.4043981434412202,PRE_FALL
77.53367804033905,2.45791075941523,3.3625356978431067,83.85101352332326,98.51210619783919,0.7937883446396957,FALL
22.288265638879395,0.8193781062555788,0.3003465859310585,162.63680750291843,158.04062439592403,0.24778154186411547,LOSS_OF_BALANCE
29.73909400482097,0.5773093343704218,0.34196201703778206,151.18936604106943,158.80968596953883,0.2063420037712448,LOSS_OF_BALANCE
19.09384131604264,0.8402975690191392,0.9719447364593776,152.05110171939216,163.14078980412586,0.190886353906202,LOSS_OF_BALANCE
18.457379969657715,0.6009945360926524,0.422607978804976,169.097704278204,153.184262381876,0.17629177614204572,LOSS_OF_BALANCE
69.6495492104579,3.415174464599276,3.214419120508886,80.01531430583702,93.28018662052474,0.9112160904854645,FALL
58.66025919485317,1.7862441028779747,1.7994029620807968,133.00364859316767,130.48118578372672,0.5921072534543244,PRE_FALL
30.769366429935207,1.9920799999347474,1.9301852289871528,124.78609263382069,122.66379029675417,0.44858615878070257,PRE_FALL
17.678400496275586,1.0566152743970902,0.9159567172389289,158.57691662787153,150.188494246659,0.38127545567402865,LOSS_OF_BALANCE
88.35865701739216,2.022173212683408,3.5968636207059523,73.10464964771052,88.24430408993894,0.7136011949519949,FALL
8.923737976809328,0.14939555595949322,0.04497878890624696,176.48211582455434,178.49530567118242,0.08054298226335299,NORMAL
4.159532027097531,0.18453432542923676,0.21253013549365107,177.354644494161,168.98723451745,0.004065315227434286,NORMAL
22.652595323538964,1.0408514830371212,0.9299107277835978,166.2921709092116,140.465367548191,0.13623665366759657,LOSS_OF_BALANCE
25.88911227692725,1.030921673057786,0.4572433901279234,143.09150496614865,169.9281592067538,0.2809948205047871,LOSS_OF_BALANCE
9.895233506365953,0.3199998799270464,0.16708492313239387,175.26921376484813,177.64277880284715,0.07759999115462449,NORMAL
50.68913335420635,1.6430979098065266,1.567951063374402,110.05111814912911,116.7696698126049,0.43253987073738637,PRE_FALL
64.82650939681096,3.0474634528066495,2.2217873295449593,91.98210985061598,72.2805223522604,0.9625550153076448,FALL
8.348722662173934,0.1316580346920767,0.16330501862651142,167.60774724669676,174.80512969700825,0.036529677799104765,NORMAL
56.582966569319574,1.8540310527055484,1.47585563158871,139.6056394150242,128.35836725986172,0.4714446510347807,PRE_FALL
71.50057174686955,2.230262428100807,3.5735357745396907,87.40526728581737,99.52583099680419,0.9972325780312978,FALL
71.5290196642039,2.7064140555525458,2.5092162398811606,77.06743917678459,74.89326874774007,0.9229031398121778,FALL
15.181095000398505,0.6802115523165667,0.7748714736957223,165.7247092238234,150.60005125562282,0.31549578915104215,LOSS_OF_BALANCE
59.10890120828905,1.9572832624421221,1.5667830060707688,140.99613518932597,144.57353545706994,0.66594721161567,PRE_FALL
9.339244016742159,0.06599144036635102,0.2582442011810242,173.52570583159442,170.48118694272148,0.06829420490024261,NORMAL
34.92883064454035,1.791120559558339,1.9807049008250717,130.0096478368912,133.35545081372578,0.45776338764742364,PRE_FALL
6.87377885178361,0.17963066726727567,0.20644238541981483,172.14903330066278,172.53486881175692,0.06047117596027515,NORMAL
1.5743272793948326,0.4803894516372252,0.024033439572176064,167.78737441471085,173.92552659675042,0.06752125536040902,NORMAL
16.51578092133491,0.7599515533476806,0.8758850602560593,152.47909011052397,159.25661081667437,0.3627559414872924,LOSS_OF_BALANCE
5.592810566712619,0.23172591710284435,0.008052004407091917,165.03670012437075,168.94015535341606,0.09560265961330772,NORMAL
0.8486248467277102,0.31639563455426595,0.22059725490837803,167.09914427649582,167.89639078364127,0.07197390347449746,NORMAL
19.85928272714308,0.9673897616015892,0.5738324543094229,160.9295811056767,143.22007517456197,0.22506894055044713,LOSS_OF_BALANCE
62.0316244067393,3.0383870131096513,3.340655042244549,87.1110513160566,88.25176994955542,0.9798444036002123,FALL
80.00271874997098,2.8112856546535925,2.473922381085967,93.80017570760648,88.94907273707136,0.950022267225259,FALL
38.99128993632735,1.9899585132501312,1.8533253693134601,131.49285316578545,142.06577988980865,0.586229477487368,PRE_FALL
13.585945667741573,1.1991063279800953,0.6441538614814493,143.15515653707902,153.14175051212214,0.2975644789856345,LOSS_OF_BALANCE
37.91383065667216,1.6206596300546554,1.6760216343162322,133.00839326893006,129.64750335363155,0.4438312431228059,PRE_FALL
24.692514968273663,1.192443761316608,0.447476482401612,155.57404911777144,157.2541346876883,0.28464324917130335,LOSS_OF_BALANCE
88.04313960758469,3.3436542819904242,2.920378660798997,94.6924605546791,93.74957282922888,0.7560494987479313,FALL
2.5333573888665892,0.2334777886438289,0.28085461797352324,174.58170761765282,178.84043086267047,0.027638356215774363,NORMAL
75.09503931435799,2.166003495667241,3.9398739724370957,86.75997006283862,104.12915186084538,0.8929754508591066,FALL
28.53264196906503,0.8064786945230574,0.6199949478645098,165.24790922308662,143.32792534857833,0.13176755781841068,LOSS_OF_BALANCE
7.136773904026315,0.2611724366092532,0.001232960770237379,178.98506016031243,175.30578496099903,0.059428758078720494,NORMAL
75.27176816617128,3.204091555717542,3.6039653197537116,103.87919554181963,74.5017824801664,0.838612999564108,FALL
16.036940292215277,1.062888698353889,0.6030373391838348,156.19842737466536,146.00230956397525,0.22069028672113594,LOSS_OF_BALANCE
78.09784855751974,2.7440083628168175,2.5927716348310934,91.96178491073985,77.51843896869866,0.8671131090134923,FALL
8.219399224471145,0.3448595919547135,0.0827871410230817,173.3049472992798,173.34484628260154,0.09259224502117323,NORMAL
65.89882190371306,2.2680156729808676,2.9397367188109804,105.79038720976158,90.93435596287615,0.8429826370277,FALL
73.4222609277755,2.6288379865846583,3.7265823201245425,105.98681208578893,70.27896439494525,0.9394806682023316,FALL
84.3095014876003,2.2563741392640555,3.5567068243705515,100.69225478513977,72.49791057695188,0.835330559458079,FALL
64.76900723609327,2.005540320659357,3.0439644717367678,98.95635131869805,103.56396246146376,0.796000001847836,FALL
29.334392535405147,1.1099413727745726,0.43103421366026884,145.55262172480386,162.41087957818496,0.2812158620193251,LOSS_OF_BALANCE
73.9077813784001,3.1631942498489773,3.9403120060107053,86.3101051103186,93.41228695919816,0.7388043300200251,FALL
0.9844312638319797,0.31687391439039564,0.2617737697821272,171.6551782749256,175.4100174418985,0.0903424062050486,NORMAL
45.07017676066436,1.7288563803163575,1.8741334642385443,135.73693997047752,138.13667917082802,0.5703695615662926,PRE_FALL
1.1822484780397258,0.1534031710018099,0.12162498389051918,172.53780706857583,178.4267755472438,0.0703557035102256,NORMAL
43.79796208673077,1.768548660753995,1.541498525825766,117.94449638249075,124.07808321994429,0.6520406044121829,PRE_FALL
4.190212826298218,0.3737578344890254,0.1638396929201517,174.04878883411862,168.30808041485727,0.021942163462143616,NORMAL
13.01240092470169,0.8515332743644259,0.6555487769366626,141.59471216231748,148.1776660017179,0.12934380929723618,LOSS_OF_BALANCE
1.6636307253413063,0.4620658202498774,0.21354365170445294,169.2786987329588,179.5980913388013,0.08393316768714126,NORMAL
39.213594919165786,1.6699758872261725,1.9002763448005535,128.99754610708027,132.4326349867722,0.6217771158694237,PRE_FALL
75.32691033048451,2.9293827852173413,2.8331113668753076,82.00585219419789,80.66404148123637,0.9348268829121124,FALL
41.04862311925246,1.5424952505669234,1.7203798835550854,112.52073085093693,129.8179252581667,0.6754935987440431,PRE_FALL
69.79322789211103,3.2464136012431837,2.3363993508861456,99.63601770865215,73.83350529947164,0.9364784020634052,FALL
76.10468809434708,3.380747293390776,2.308172327110466,97.10553034220962,95.1568922842556,0.8018435198943076,FALL
64.23438220416675,2.657540610512849,3.0578487922519466,99.73399604951585,99.28994694226878,0.7336404953150454,FALL
13.684890244317698,1.1929146305077356,0.5539720021704171,142.21193470609634,140.90052766085228,0.1345567877793356,LOSS_OF_BALANCE
9.248613457185078,0.0879438041077763,0.23564760542452012,172.27592094036606,166.7409762819327,0.08950791749007987,NORMAL
7.5242785306617055,0.26626041618608426,0.11394023824522631,175.58411706873073,172.11884371146095,0.014514983095558077,NORMAL
17.578455158303555,1.051189856376559,0.3776783066754661,168.08342312505187,149.15217134122634,0.17204497986206557,LOSS_OF_BALANCE
3.245134876300968,0.08368017820414303,0.08283001315153433,166.7947438801611,176.83715670292332,0.0008929855889342142,NORMAL
23.392823496681956,0.5454684304822828,0.8775332803495612,155.045770812224,161.86871199309138,0.12519061007928525,LOSS_OF_BALANCE
27.339349831891024,0.8533066051291575,0.5782906694264607,168.23749159700222,169.95634380971742,0.15846339495861922,LOSS_OF_BALANCE
11.628154037097874,0.8294671055205021,0.7644515389980413,141.9461912290976,155.2584141615292,0.32539241138642006,LOSS_OF_BALANCE
61.28236199128578,2.565474816516017,2.6704489985591966,80.36835778459977,90.57488233657713,0.893892139201216,FALL
11.579865849769979,0.5539457075948595,0.6984282082449464,164.41133776675795,144.49151674630144,0.15472735346056088,LOSS_OF_BALANCE
0.9568385495931608,0.1809506522965843,0.22833847177054462,173.09584239582054,168.28914200487168,0.07703312831108589,NORMAL
84.79055342115718,3.1964016456275917,3.7111705169422695,98.68715438932685,71.70865991217109,0.7983220824472528,FALL
60.8035216466823,2.5705720364914955,2.3592644492314667,94.67720906137782,102.78104112702853,0.8317567613494043,FALL
51.513864719696116,1.5820005194113727,1.0440888313821994,134.34081466004514,118.45725688982053,0.54369459487711,PRE_FALL
63.900660412623424,3.475347616634388,3.9127853352814586,94.85604640225203,87.6771917593104,0.9993369364934483,FALL
9.99899552563092,0.2774562879162487,0.14689260785766264,167.10444802646697,169.71870021991268,0.04510009707466511,NORMAL
6.722815843032393,0.13475551298352695,0.012069501943384853,176.34403245618836,172.0575123487745,0.06515094894336863,NORMAL
12.256909573288176,1.189228925257893,0.38653078173198685,143.30948483639827,144.07737109716595,0.32868210381548957,LOSS_OF_BALANCE
22.097437220659042,0.606293289861751,0.8151113786677795,163.7786001841256,145.82852240610237,0.2817074742748657,LOSS_OF_BALANCE
13.98904290757695,0.6504858980498394,0.6520603955393448,165.69210326834687,143.20503728265172,0.17294134458992916,LOSS_OF_BALANCE
36.312940729761905,1.454337048791396,1.5688013509974712,143.20062954235723,121.9471622264539,0.6851243196073222,PRE_FALL
0.43144331335165376,0.2867432556761341,0.0483387421102614,174.44310637332234,165.58786297859226,0.057226929923046455,NORMAL
28.68111942643049,0.6130307394840813,0.49608212563066284,150.899847973891,142.67687724630548,0.15375587577519198,LOSS_OF_BALANCE
62.74857735836757,3.4923718193513364,2.989710356185932,75.54836267748081,96.29598748912457,0.8269847855676721,FALL
82.68514391643485,3.376164093531023,3.7205341250719455,95.06784706270398,97.68221644159138,0.7010781353034105,FALL
47.94709398462274,1.4838195074861897,1.5125615041822695,126.69878346039619,142.68920126816266,0.6605887111585763,PRE_FALL
1.86417387417519,0.2503254114344394,0.1373958786443342,178.8952495953965,165.3223268732152,0.024739213974975128,NORMAL
24.829026833709836,0.5707020182276068,0.8652460332404235,144.50559974246144,157.61526527912974,0.21463351952348583,LOSS_OF_BALANCE
20.81988901582654,1.1706556444563767,0.9230302155775378,162.07738383353689,159.37749588978213,0.35978607199851,LOSS_OF_BALANCE
9.097353935641712,0.16464236918527325,0.1626701253617677,168.10135911991514,167.07864790197806,0.0541353826851015,NORMAL
31.01367909948235,1.3632730164135567,1.6330051379329178,129.44411177810602,116.37521623723077,0.43011081431189807,PRE_FALL
89.41994246401529,3.011696768045064,2.2538034202738686,88.5443587241677,109.96509076916797,0.9723563805438689,FALL
14.652118089975918,0.9314440722112262,0.9277455984565564,149.2654588601879,162.1373985175411,0.3271737230797389,LOSS_OF_BALANCE
10.284651915542007,1.16286377717053,0.5396568965716483,149.27924853707015,146.7292996831436,0.18349466459894453,LOSS_OF_BALANCE
56.514859127359486,1.6246926423905306,1.9009138564173305,130.70890211659764,143.66618873253333,0.5756861410686541,PRE_FALL
64.62507977614237,2.61290832056508,3.653336280918464,98.90879461069673,96.56321220515537,0.986186606093985,FALL
11.989330701134444,0.6993536697023718,0.3829857543221876,148.2154550000956,153.16750233403593,0.3656047489553409,LOSS_OF_BALANCE
27.58478782936314,0.8221431920221955,0.7032929266047429,162.11872132668705,148.63735354981551,0.3642982220327017,LOSS_OF_BALANCE
80.16704790865812,2.6175408700324,3.7780135803029524,78.96785563780392,83.14546263834049,0.8800247038400267,FALL
8.91425925810437,0.3063261613808814,0.21578218838279012,172.57167247236603,177.45853754582123,0.054787195061082844,NORMAL
81.88899414025695,3.3186623712438865,3.3921479988916365,77.92589872728347,79.37887111910231,0.9695801319647026,FALL
41.653285651695086,1.4908482094872078,1.3260109846694277,123.96090712144236,135.31576986273964,0.4617745241061012,PRE_FALL
62.8136203753247,3.2963664395996126,3.228536368491751,83.09591327599284,95.42658814919861,0.7828234534284155,FALL
27.115462898374137,0.7776720294836331,0.307516152973652,143.44048150832197,167.514109269488,0.1981331087729981,LOSS_OF_BALANCE
10.317492323222492,0.9842915422738194,0.7525103043435547,140.0614254047245,154.29586850202364,0.370433498195362,LOSS_OF_BALANCE
36.488507572924064,1.4293240246328494,1.049104172624807,126.79621573526879,119.3160943589245,0.469989664474688,PRE_FALL
24.519150235673976,0.9029774678600093,0.7748224642116537,169.65452563578577,144.42816377652193,0.38511944632835815,LOSS_OF_BALANCE
61.27593855103847,3.3197532525054076,2.407174170480487,90.52709926042075,91.5768492315547,0.8552744157030177,FALL
0.9306426045987415,0.29902189889713643,0.09732909917172379,170.77856876093975,169.3777102694448,0.038779955937839374,NORMAL
0.09267168480099786,0.2839809343322477,0.032190207232061396,179.7449083255651,169.2684247852507,0.09890994700887235,NORMAL
13.947924837451563,0.8796581835490697,0.45049576028291605,154.6169200464996,157.0798780790573,0.27451406366323455,LOSS_OF_BALANCE
26.511428192791413,1.0844425317092719,0.812881444203406,155.70676242613828,153.75258707418465,0.12296084313077138,LOSS_OF_BALANCE
10.850338816099017,0.5754721673053123,0.8551386271555139,155.40437577512327,141.77795711213702,0.13567666539966158,LOSS_OF_BALANCE
17.47366191200771,0.9775406277867851,0.6541597009827538,147.88482298197044,166.266093699168,0.30476667592527473,LOSS_OF_BALANCE
14.224646881511497,0.8047804397716763,0.5377106589738023,159.6213480487188,152.77133959921022,0.1854892372587891,LOSS_OF_BALANCE
11.184444540019268,0.7872628703580222,0.400654097174499,164.67323753839423,162.93778791399933,0.3420964829097429,LOSS_OF_BALANCE
27.418264426431524,0.5921537440864535,0.5937008081663034,165.37409405099453,141.68143982664748,0.2912434467164968,LOSS_OF_BALANCE
77.37814553684925,3.471044035458986,3.767806934882146,79.11995961413572,97.17238629684583,0.8719626584424391,FALL
71.9578103898332,2.2264065173021925,3.1873556434981243,97.25035044812387,77.21626821592936,0.9806962548902556,FALL
8.780095992040405,0.47347472264899704,0.02569603562036363,172.2898569497492,166.03818777702574,0.07606021652572316,NORMAL
9.019410092582714,0.08967217513615283,0.241301405837627,179.72120795912244,179.31119111190642,0.00689264377727451,NORMAL
32.111509697395746,1.2628850604443678,1.6827660555258217,112.16534918507503,139.138340732904,0.5613452406660608,PRE_FALL
7.658136842971654,0.26064990641399105,0.18802453109453438,169.11896170376306,166.16225030797105,0.02857281508631525,NORMAL
6.671325587363496,0.022708681302213762,0.11857901882628868,173.98987435416674,165.11530628849823,0.03014193620184368,NORMAL
1.3006653011537228,0.2919930288419656,0.0765048444397266,169.95844183113402,175.6453394447447,0.015480569779828625,NORMAL
70.12933871530292,2.492841196762934,3.435827027007198,105.89848459762044,79.04145296076423,0.8214460378458245,FALL
68.02533220229863,3.146045907183276,2.780173450118917,76.30824219278453,101.50136835762508,0.9617012328794172,FALL
89.62541921091845,2.7013073740548412,2.1088284748691004,98.9072771251902,74.92432968994066,0.9800727488145375,FALL
72.84033298641026,2.08761997160987,2.3535902896349645,88.83725602868277,105.85323028554492,0.825427143425263,FALL
27.888913159204982,0.6449050896191714,0.6228257113802063,147.3514091261486,158.09746960781214,0.3969139983696125,LOSS_OF_BALANCE
9.802446326033754,0.12186545303756918,0.1653795230641409,170.75379019870724,178.82802224897344,0.050824089159289404,NORMAL
54.50173924398989,1.5905731931532947,1.6001296267690486,131.9287984016412,123.84139658110571,0.6088005299131422,PRE_FALL
32.383593781012614,1.6701464764782288,1.1177181389009951,113.7686073030375,125.71220669458688,0.4447980464758792,PRE_FALL
38.28631096599421,1.3144666872249988,1.847772782875294,112.0657438530113,118.63049658251305,0.5899209462174473,PRE_FALL
25.099222028842064,0.7010899476238773,0.9785535001234786,149.76191138790463,159.87254569490221,0.13474575395031518,LOSS_OF_BALANCE
55.68419938301318,1.2997190457994006,1.4202241842076129,132.69181651014057,127.4187032882187,0.6933447534917534,PRE_FALL
13.969242863579671,1.1806994266628608,0.8262950643724534,143.89672480450713,149.9944134329042,0.3879739896665516,LOSS_OF_BALANCE
68.77232139861427,3.244187927223441,2.2976338022589404,73.71179971529743,80.42857459088631,0.9345003029443923,FALL
57.38172826549892,1.7893264942987255,1.5286079580820744,124.26100367020234,117.4186262352851,0.5935406730494706,PRE_FALL
80.9706093263267,2.4180185653023676,2.6702058247291314,105.23124663332854,94.00546692490524,0.7539131647907047,FALL
57.56328344460009,1.2678362417547413,1.6662225940327473,121.15148730689116,127.80769486988835,0.4340575814761388,PRE_FALL
68.05739081995301,3.311839887545577,2.540964231805271,77.64207457489232,98.20602151927194,0.7188383795779187,FALL
15.884473133078663,1.145379152269351,0.7736782117916297,155.67440308385778,158.4530146173116,0.21148954383390484,LOSS_OF_BALANCE
59.91414833530084,1.4768848929417913,1.990389530884869,140.03225178211804,129.81257330924203,0.6152064721636924,PRE_FALL
60.54521118444437,2.778495725731217,2.4973336427402413,81.66763238423368,98.57269048513888,0.8209918367566995,FALL
62.25159940328944,2.367942432955622,2.652794514709573,87.69350545619953,80.61393143433762,0.9128965572462443,FALL
5.369059860245878,0.31909018350542057,0.025494580215296325,176.5343107188006,174.8640246687115,0.03550088194484896,NORMAL
87.88442763015941,2.433902451220827,3.2791131988198883,107.44032939222598,84.37536834374146,0.8468125221651596,FALL
21.08311842551928,1.08066276148437,0.9434051610562622,155.05617312476798,161.2805844606418,0.22710107847627306,LOSS_OF_BALANCE
79.24163450002663,3.3106879151958797,3.3926627414569697,102.23923621700995,81.05814817727243,0.8711654620325967,FALL
22.00779016854978,0.7184048375556811,0.9833253330645197,153.31867610496434,156.61747673316648,0.1871767975053839,LOSS_OF_BALANCE
57.81306875492733,1.656870102780199,1.4403535945156154,127.73967957558465,125.31837461618888,0.4034602072963858,PRE_FALL
9.160727879267675,0.09074457361156296,0.17559888758335632,174.5217707918113,172.3758870328652,0.009124240629382718,NORMAL
38.57745678409319,1.998156998561012,1.9536569436250024,132.77328036022305,130.42324238895972,0.47434371216439875,PRE_FALL
2.6110750567193906,0.20356731305360082,0.03193948691777297,166.08578955790057,169.4137773670218,0.09470154651776626,NORMAL
8.289589728944645,0.3693873360647414,0.20562433208327288,172.8959000960126,174.6903723110023,0.042340636632210375,NORMAL
0.5591200416044417,0.12912982300835424,0.05401126187288913,179.3735750472683,173.99036284192394,0.05636047023357652,NORMAL
41.093848019145526,1.5735235856673837,1.7277642070532164,142.06481612581024,129.7300419854364,0.4805688973502356,PRE_FALL
54.247254966143174,1.4318742349573093,1.9418983460930013,129.98653010757153,119.13632754452647,0.476168874452134,PRE_FALL
7.707660580982791,0.002590723203565015,0.165105769733885,178.93649520254968,171.10361177320326,0.09350320985961516,NORMAL
31.203900620369105,1.671734929299388,1.208836609344974,130.39587149173974,110.25033307990695,0.6105472633554654,PRE_FALL
5.805182955240041,0.28761769913521307,0.13373356545147203,170.86701253016255,176.58513348693648,0.05885899565401473,NORMAL
77.4443047442463,2.8504214229054368,2.9692037398783953,106.45484115341885,105.49861301975761,0.9715238388795695,FALL
88.28375778049512,3.336860503983873,2.1977637444127582,101.50942556953675,81.9940757268003,0.7820372238777122,FALL
46.87374799880693,1.758411960322011,1.9487913702353974,113.20133879084813,130.10263314852904,0.6924173705302752,PRE_FALL
57.15435137631267,1.650691761820531,1.859358624140838,143.44990954573268,116.59687334505365,0.5862617190887064,PRE_FALL
86.31779474160611,2.859701594958579,2.3799077849825325,96.62901574507293,71.64596031006575,0.8447402826811103,FALL
8.69862706536438,0.28316054738068813,0.12023530319985466,167.12811981226903,174.49758018983272,0.0030657098380905915,NORMAL
23.190786463000638,0.8178388606000669,0.9686410716811038,157.82612778052828,140.17416082235283,0.39093115414048807,LOSS_OF_BALANCE
39.798313963357074,1.868858657840082,1.0345339897544754,119.90181216106188,129.7965911140829,0.5705588885531905,PRE_FALL
12.022619651719273,1.0641940425327727,0.46992095343805007,154.84928247810635,157.73253316441932,0.29968854620848784,LOSS_OF_BALANCE
61.542187851235425,3.379619338008322,2.2048054598650744,76.09537539965183,79.07286911540535,0.894452975973365,FALL
65.54248953162181,3.252696098299749,2.367079619374948,106.67281367768734,85.06940471457602,0.7671630274939795,FALL
50.14419098224543,1.6464867289039513,1.8020381679887723,126.82962566629283,123.51818404540117,0.4033612248623543,PRE_FALL
22.098893845683794,0.7937805308036316,0.40744398699292705,169.77346974338235,153.00881394273233,0.10777295894328734,LOSS_OF_BALANCE
0.3230638324232715,0.40701310877723434,0.03074400190139298,178.02053060481614,176.09238720259276,0.08648414852046027,NORMAL
1.6757553548053383,0.40385857197853425,0.10121649299967993,174.46910112488754,173.5745636081069,0.08489007719388086,NORMAL
9.635935376797526,0.4852458249560503,0.13585371182441003,167.0005774652414,171.1911820921143,0.07000142848971251,NORMAL
85.95087529309643,3.2669166754959216,3.9002620947924287,101.73432543132179,88.7657083439471,0.9759561570291865,FALL
76.20551287293549,2.687678997234643,3.8930960293442824,101.9821967427515,102.3799770299789,0.9391489811228254,FALL
39.92475512535856,1.5628251278482475,1.5868265160330113,141.3220071808943,137.91206709789301,0.4804753491023459,PRE_FALL
48.312552313059626,1.8750724045266023,1.8859085798804633,113.82225557667702,138.56985649461154,0.42585209454964856,PRE_FALL
64.64176390714312,3.1601852263327843,2.864991933001506,95.01667252919268,101.16330479101772,0.9740832875556074,FALL
4.144703451283302,0.46331326526865535,0.2512398712459395,173.83216661846853,176.58217760455844,0.04505045969589641,NORMAL
33.93072392310543,1.3678561507444265,1.9698645693374606,117.5841829879234,134.1798085673638,0.44582987980909883,PRE_FALL
87.57138340911561,2.614392114746222,2.5312019592948807,109.01251595416812,108.53338245285741,0.711242023532635,FALL
77.65932848337206,2.098949747752894,2.8867345529949833,74.55832234833194,70.14206016348072,0.9821537240811942,FALL
10.595258540299339,0.6019090141289405,0.30696409942461556,164.18740597010003,168.30928520923433,0.12543346435942568,LOSS_OF_BALANCE
64.51566395080913,2.8427318650945317,3.76340042676373,104.12863177567534,107.0331845042318,0.8212595021336793,FALL
0.5935783363934111,0.17540773947641547,0.08432550563705939,173.08152819071458,169.85480423782022,0.07040537617551886,NORMAL
74.40086714922822,2.3870198323038356,2.489887700090266,72.02648789377739,106.85437428853668,0.9447806943382864,FALL
80.08079882278341,2.993819576939742,2.467042850024411,90.36175828978503,108.46927659498462,0.9322069587030393,FALL
7.461117620057067,0.10756644001675547,0.12594974812935095,170.11343972653998,170.55079638715506,0.07215959677426732,NORMAL
35.31180234837955,1.8152428508625484,1.4732339664227903,136.69216672730246,112.28532605265794,0.536328716608531,PRE_FALL
38.69223146958063,1.2811995911737437,1.5618875560150474,141.5285970331702,115.32059129859496,0.5245557608867596,PRE_FALL
40.90771723975183,1.5789451342295997,1.6934927391134613,141.3040682849283,139.10588281431856,0.6345576100514206,PRE_FALL
29.42931297835039,0.5150102835288091,0.33874958320295556,163.20839728008715,164.34089508567175,0.26025575833351666,LOSS_OF_BALANCE
35.91899261807746,1.990343663068416,1.6054578252604155,116.5122708039162,120.08222230229352,0.6028478002365203,PRE_FALL
9.059227315800504,0.17468763273619015,0.2182137317021713,177.28422902287278,177.2255550862502,0.02362688489467243,NORMAL
13.766773562845238,0.5760468492671024,0.6986605083447448,153.5460597959913,166.8423138494742,0.1279724519806139,LOSS_OF_BALANCE
4.564618254701726,0.40070830086113224,0.20027331977590593,179.81838679599673,173.9317847770413,0.0950039608443156,NORMAL
12.55579496686368,1.1320325330666159,0.889076567992996,155.69276171052422,148.86444901716763,0.11431848231925291,LOSS_OF_BALANCE
65.20392452177819,2.407065355297095,2.1802634365065825,103.04649425316177,96.36139129001293,0.9572169070458368,FALL
5.37974830964251,0.0036652931084225626,0.019641546631115978,175.05502689214586,176.60373399553916,0.08649508557126312,NORMAL
6.790620569133949,0.47441176463277823,0.11160401354120511,176.4462670769787,173.60882667500843,0.05294598815362897,NORMAL
33.2178476939527,1.2002165904800974,1.0311999367123599,111.75098139793283,110.39241681350431,0.4822693964768039,PRE_FALL
56.29127478915965,1.7679213957880056,1.7188708370862242,117.09445210596871,119.35495533685722,0.6013727678476924,PRE_FALL
6.029220449890759,0.4368102292447698,0.0564489881798266,176.42544626305815,175.86457859778224,0.05588504762725273,NORMAL
54.860493311100115,1.281038534129687,1.7219406671109234,132.3808108211479,120.95235207500302,0.5491578079152293,PRE_FALL
1.3037517489517414,0.06743538186297748,0.1677888531940621,172.317916497065,174.78372658468754,0.019609930039322078,NORMAL
5.930852530408474,0.16775186383434343,0.03622364686554675,167.11855203928985,171.22731486350867,0.06962957856798718,NORMAL
72.95979614157055,2.854223333877917,3.0053072238142793,89.1940948110761,98.84053495891875,0.7058517031080149,FALL
11.389820711515144,1.174096189216717,0.4986723344335303,146.99118277976785,159.78709679642225,0.12099382978975107,LOSS_OF_BALANCE
76.40468428278751,2.2320294521197486,3.1341448671674828,101.56446502805363,90.9197898636983,0.8160899665519621,FALL
22.395324569849613,0.5419461115918222,0.5621665399455169,148.89844191119337,144.55011756176083,0.16131559902885312,LOSS_OF_BALANCE
1.2647351206011048,0.13020359862473657,0.05534897492488181,173.43730863636,165.52033632981255,0.03169437645228398,NORMAL
11.562876124261674,1.047671150133556,0.5087588881748848,143.53782486141748,146.91720516640223,0.280446875558506,LOSS_OF_BALANCE
25.56028719674972,1.052491972474113,0.754997663481977,150.69504391374966,153.7796513518858,0.37381075167351197,LOSS_OF_BALANCE
39.611346410284014,1.7961290372184124,1.0999457460104427,116.14278541405359,117.65114261873768,0.669248087720275,PRE_FALL
19.95664462907682,0.6710574634694229,0.8187087005903142,169.19871764571678,150.7825978561433,0.3233095357327327,LOSS_OF_BALANCE
7.067899335328698,0.08036900456660862,0.28937107541235524,165.07935950208858,166.36632876358055,0.014532843583575372,NORMAL
8.299834819551444,0.4557431885368693,0.21138872066783632,174.71448578325,176.32661557812824,0.05466151367012413,NORMAL
34.34479041399777,1.6993031674253596,1.2294372568355802,139.67196615810053,140.83838008862307,0.4035445907021252,PRE_FALL
1.1991355635539358,0.0788076885327581,0.20581645288515457,177.39580031909475,175.45316974855615,0.004032980810866338,NORMAL
73.10791983151668,3.035140310805971,2.4918156352350738,103.98817866520366,106.57562730655609,0.809403136440325,FALL
8.221385179629435,0.46901192335839054,0.20301518662136867,166.99075734673295,175.8685594837985,0.0459368410614045,NORMAL
35.58576436860065,1.50615710736602,1.2646803919671177,134.75886301689164,122.27078666385296,0.6417692499706948,PRE_FALL
34.80792422344733,1.3493904418850795,1.174907908977239,120.29393141222401,143.71476394438207,0.6394575702814601,PRE_FALL
8.778858295079615,0.23142418803780512,0.10762248063407902,169.58207694668002,173.27507739240295,0.017577016089522536,NORMAL
11.754605110574548,1.1457478167706188,0.7270220380658045,169.7884917685883,162.5572204753198,0.3301345855384018,LOSS_OF_BALANCE
89.04437944318248,2.223937719624181,3.7813658325535364,75.62953651955148,91.23513798315841,0.8502391343278644,FALL
23.00496686636611,0.647023311324634,0.5688345496435598,166.61581399434033,143.91456215744284,0.32277623102479086,LOSS_OF_BALANCE
1.5370338356962976,0.16131501494675998,0.015256632358568034,178.98572798356787,174.23413014148994,0.06618902109649391,NORMAL
19.1632822283713,0.5072241695837463,0.3932434552163662,149.6973793896435,160.79070673828306,0.3060557347809173,LOSS_OF_BALANCE
10.063954209434804,0.547082887168853,0.6904160129118861,146.2564091481247,145.34345076355623,0.22544780452843383,LOSS_OF_BALANCE
83.30918377078709,2.744056708243253,2.0993993985706734,85.21717653952544,106.12872466234768,0.9366957482880621,FALL
88.87932917586897,2.4222738298790802,2.5706265855689177,83.17510671172411,90.55178853588191,0.7373067167940094,FALL
25.61026373256165,0.5745099127726371,0.8220388522869406,151.45942932642765,159.6147415617135,0.3610077365329034,LOSS_OF_BALANCE
1.8697658153232366,0.08689756592765258,0.15415405583237216,170.65797340578968,171.42761721601101,0.0556598620595333,NORMAL
78.5698552934139,2.7341135398022307,2.9744271350615117,94.14811255389279,70.08246661965097,0.893838294643936,FALL
48.002652325119826,1.9115865721319376,1.0997298728752285,112.9167131698679,113.50409713532396,0.6336727541107916,PRE_FALL
6.568644213762342,0.13326350053284153,0.24488554848262042,178.7588922385566,165.83862983778675,0.09963920485064572,NORMAL
12.45953929878743,0.5977551878061268,0.6895353570519005,148.38374895116968,152.95887296144295,0.2831335928398824,LOSS_OF_BALANCE
45.838634498584234,1.631948491534287,1.5580300655619859,128.2013654814639,132.23476748765518,0.435493983639356,PRE_FALL
40.26662737055457,1.5426121668316077,1.0169069883940773,142.66708264848876,113.19633942222684,0.6162689567565365,PRE_FALL
0.8006891107499525,0.3304596107290683,0.09194875682722574,174.039324415959,171.39174109324568,0.06897648084454863,NORMAL
54.76182766649843,1.8989641632664445,1.7385400869576246,128.33945534916765,116.2401541159011,0.5112471774543823,PRE_FALL
30.524978228502995,1.8550183891113798,1.2847014280260622,110.10752835425569,122.06390104145348,0.5222416532500447,PRE_FALL
15.188423449421196,1.004797557413683,0.8218200669375268,169.88352563608095,152.17533897093855,0.2855379974097103,LOSS_OF_BALANCE
32.50834215085876,1.4363773655256677,1.3726713462450792,137.89008549044217,120.10673610240157,0.6751807527046783,PRE_FALL
57.77384934525598,1.7243168686780597,1.9666202231209609,143.48418510947477,142.4130496831561,0.4977467824111639,PRE_FALL
4.39605499920411,0.2421255650536796,0.0612069040690196,174.09990394230954,169.688737488704,0.07183628851124375,NORMAL
2.6520041475040133,0.46662968899685453,0.2642592521059319,178.18905363726813,170.54290633108326,0.0157746832357232,NORMAL
12.853839761872825,0.5447790300638067,0.5794658401861341,164.22697497461144,155.77569514413733,0.37309076168215816,LOSS_OF_BALANCE
2.522715317823806,0.040953116380821275,0.005814986115003207,173.091285718838,179.99861742763812,0.03499603437201839,NORMAL
6.6010037332936475,0.43214113677997673,0.005723497180258252,178.0111566428172,174.74116717128342,0.023116862013781703,NORMAL
56.857030560073014,1.3506649060022944,1.0005961201577152,137.77578982654822,127.65788803247908,0.4323402602118319,PRE_FALL
72.29496930571453,2.253615392333067,3.880402510134135,100.27449193643236,99.9781300662127,0.7378652807162333,FALL
58.27814522860345,1.6068162555015972,1.5818844622343171,141.47251401866404,138.12970379603846,0.4828332915865604,PRE_FALL
72.23465560302229,2.027851036774742,2.180049552601396,107.0413423050076,108.27297664369013,0.8375588045214828,FALL
13.035423839521854,1.1019483385338864,0.6675316567189742,164.00779967006062,150.87968450921562,0.16912706351360995,LOSS_OF_BALANCE
28.017310489250185,0.8548725305162275,0.5946901894966211,163.22217343807839,168.6194582084167,0.22022503821494294,LOSS_OF_BALANCE
62.87339072561252,2.3650925137463377,2.667076706220432,101.91765325161391,108.62787396083004,0.7077990587022827,FALL
20.94272104912008,1.178262982950867,0.8470118621483027,142.61503051942117,142.82341982159193,0.19411561005499428,LOSS_OF_BALANCE
3.0990688561664195,0.2556523491476657,0.060959248187348346,177.1209012145598,173.04585259334186,0.039073150296834974,NORMAL
14.039982338779799,1.0045386262802083,0.33066777430089084,145.75120182742458,156.51487045994472,0.1757576522788107,LOSS_OF_BALANCE
55.923684774843274,1.4352132052795208,1.043001256682564,138.61114619901826,125.09059104799265,0.4854281872397561,PRE_FALL
76.2134372117068,2.958946625982626,3.81460782676755,88.07412859759143,73.27797158423725,0.7043166129132291,FALL
60.25091045445902,2.066025191500027,3.461868070526448,105.4839770916316,73.50920100420097,0.8899862142553958,FALL
86.7402393865843,3.0800621212559456,3.0359847142126846,90.1351916545945,80.73687080338603,0.8163094762350025,FALL
34.37817083545127,1.7688840184306507,1.2696086098245305,110.86392281824898,117.65428291316037,0.5563273095442349,PRE_FALL
11.217302263935213,0.6593103741910935,0.7099741737036134,157.43811312555127,153.92813878467757,0.2610800934172587,LOSS_OF_BALANCE
82.92273883426633,3.399934949247686,3.5370698704381858,107.69550620749155,78.06400042564812,0.8823788358910704,FALL
65.84314099421472,3.1684680275546118,2.032155543826005,94.59973058503863,84.66581974993322,0.7484430639509166,FALL
4.694904220225585,0.41986559078184243,0.27429914966924673,170.56057382146886,171.20895255867936,0.05625247274643544,NORMAL
30.000284381981167,1.556048490890389,1.7287482289084113,143.64229388968684,113.4031434496777,0.5104149294241711,PRE_FALL
27.222782061247354,0.5780667312740312,0.9205622383195853,163.32187592445925,145.8439629351208,0.34172975935399363,LOSS_OF_BALANCE
26.573746087507168,0.8465178676251066,0.7928983336429818,151.30125881555958,169.43428385485936,0.1999433640078505,LOSS_OF_BALANCE
20.712060807624113,1.0929830176510056,0.9858946487053404,149.58928967370412,150.95071527306396,0.30379065111411774,LOSS_OF_BALANCE
45.52502574737008,1.3442521866750674,1.4429803417908802,134.28893631119925,123.50897349311971,0.600098061201738,PRE_FALL
25.6625650818411,0.782667799011398,0.584030938709549,157.39861341367796,159.65925522414386,0.2416011981385001,LOSS_OF_BALANCE
11.414481780999335,1.1663301320493524,0.566973650938166,151.96575490873244,145.34032402338389,0.389514792943472,LOSS_OF_BALANCE
32.183278999717366,1.5797862491227996,1.7142167762861815,132.9269178882358,112.12723749162156,0.6540384644283463,PRE_FALL
72.15454822622323,3.2992570151477842,2.0365730873840553,103.86968973229514,102.66234698914185,0.9978889920795166,FALL
9.302162591531452,0.19644824495758673,0.13711380248789667,176.72130605473131,175.75181871704015,0.0107765747287492,NORMAL
44.38375534141562,1.4819859464851164,1.1934793018575145,142.26948505442675,115.8080888568384,0.6976298684655935,PRE_FALL
85.6360930933055,3.1045820121412904,2.1379451386629076,83.87837905491256,99.55464609095141,0.8612632488774632,FALL
47.8079008544384,1.5387981850605301,1.167487095260928,111.62491729917437,143.36379397295974,0.47208081652018485,PRE_FALL
0.028355514800163517,0.42920306319008816,0.0434063940961524,166.94988197165156,168.75981295092186,0.017449712090139347,NORMAL
29.399522494367556,0.7844706467089197,0.6644841887474076,140.11030673717826,153.51676902398253,0.3497532483725259,LOSS_OF_BALANCE
19.54688178886917,0.7412983042742269,0.6295604861146238,160.60359315441116,160.96339245419767,0.3738499137885257,LOSS_OF_BALANCE
64.09511057570538,3.29247976401258,2.0449496275939314,80.72468299490261,89.00718067369442,0.9294496542602984,FALL
11.94251408130313,0.9494249000072571,0.351848688876401,166.9758593385852,154.74730791579987,0.1734185332588417,LOSS_OF_BALANCE
24.226953557563423,1.0879132725750673,0.6923401058402119,154.7028051380291,163.66895167169102,0.30561027553731157,LOSS_OF_BALANCE
3.9699457427829965,0.2476919486608789,0.2809826234333288,179.43197070125012,178.89059546844663,0.08767431679179234,NORMAL
53.20660950201987,1.8113258195297715,1.2428962041772755,120.27144400460475,132.45304818263753,0.6226784478866106,PRE_FALL
19.468136758999037,0.6176695719500597,0.8483554412594565,169.67261676857845,142.74014806662808,0.34100614849088423,LOSS_OF_BALANCE
22.972434965151926,1.0124011266947832,0.5958118605297218,148.82017683747029,152.08076309635754,0.2782147495655545,LOSS_OF_BALANCE
46.31990210160131,1.615655077122541,1.575464591414038,118.91510071387651,129.26569974617877,0.6826869580850792,PRE_FALL
22.29655747108473,0.7543340137496548,0.6051937925907301,154.90855134325716,165.4200228245796,0.33614488260892295,LOSS_OF_BALANCE
7.457498198391361,0.46041749145308264,0.26910940864482674,165.30349332889907,177.26078887957917,0.030305495344809665,NORMAL
79.76116768115068,2.753307273813971,2.7601976302264544,94.50423217078799,75.07239817705714,0.8436243305093774,FALL
4.650941779168861,0.14115343531045121,0.25345395127839837,169.9095138258918,173.296370929861,0.0007969173557455522,NORMAL
49.748558920044495,1.2365042271397504,1.0253172436414277,115.31940722416768,139.97172019544723,0.4534544201109295,PRE_FALL
45.96422001382422,1.7452501864694758,1.0006546258821611,132.52423105029987,133.88185543479028,0.6377215703669524,PRE_FALL
30.295682946912653,1.4700847147514597,1.6243600228396948,119.70108315308826,125.04309250730134,0.46914649953045906,PRE_FALL
57.479913829538376,1.3492814334216132,1.7614982078812118,135.28472944817202,142.62563889410794,0.45336957331140454,PRE_FALL
0.06377882751804065,0.20501805478300994,0.06989932255792289,170.1963554660911,177.59361010344261,0.0877198614251575,NORMAL
34.49751239799494,1.698912999478536,1.915318276259784,127.7031923637011,135.14889102125835,0.4461745966308825,PRE_FALL
85.16496670748643,2.0076404622215254,3.6368235555004036,90.36976088532268,108.22883425981354,0.8262937937553507,FALL
21.95297278808372,1.0345126821032018,0.5394315907399729,161.29684648767505,140.8627861167029,0.3443722325234046,LOSS_OF_BALANCE
5.506886652039805,0.030489534466421386,0.0839327962316914,167.05854025698096,167.99186709999879,0.08846525162249651,NORMAL
24.005901277652093,0.8123323354923393,0.4435934999682443,156.3327587301343,163.6502473693015,0.29561112621905766,LOSS_OF_BALANCE
46.04934001689878,1.8466366690359366,1.6038738851106173,117.5581529166617,129.1621114259074,0.5126313133731257,PRE_FALL
55.755007587945556,1.4228107683122677,1.9159628762753314,118.01810334869663,120.9059421407581,0.5561523908379202,PRE_FALL
24.525195233534973,0.7667627642588934,0.9984745961014065,142.35334916901127,142.319343229821,0.3806553609497535,LOSS_OF_BALANCE
4.642773572361484,0.04990445752880873,0.052410542683617264,165.5916677995304,169.3585076585652,0.08015961026904474,NORMAL
12.305963712488087,0.9608325268460778,0.43049785742645613,144.19445845497702,157.60462283856964,0.21168482429631671,LOSS_OF_BALANCE
56.46860632577186,1.8131928038018144,1.8072324658073828,120.97931388767618,121.78983717647637,0.6771477976823339,PRE_FALL
30.76863108552501,1.562447813223008,1.3123936738944755,112.26659749104175,110.40653366858679,0.5682499431178374,PRE_FALL
40.202112316839155,1.7464265083287347,1.8455384186904955,118.00563834595664,125.56332449089473,0.6102340078682627,PRE_FALL
50.86358619707278,1.9710677834178083,1.534765158754866,126.6304012962147,129.06438186550497,0.5057250624237166,PRE_FALL
70.81783526895305,2.822954290100305,3.4328630212353257,100.26976027487244,76.62985398150879,0.8259970005720338,FALL
41.865657844257086,1.9424024260251558,1.5890882629497955,136.35435235694894,118.48603207008853,0.6117061606304719,PRE_FALL
35.70431060069988,1.7099913864339775,1.7734633802350943,136.1707020134286,112.34151981148723,0.6979066738739265,PRE_FALL
2.8661554815910995,0.1252805037290915,0.25181454433955136,175.35892275546016,169.42710848942409,0.0753593948045165,NORMAL
48.76045179176697,1.312488972675377,1.3371556241798688,110.30597552787538,133.2723219426898,0.6945951524405947,PRE_FALL
4.612652036895939,0.2748323048395834,0.0871958002560256,166.01044136107203,166.4730360207056,0.07255892573341403,NORMAL
47.64912776738616,1.2854629569733282,1.4769770878741506,126.42280912647038,122.63948697007898,0.5625893237595803,PRE_FALL
70.13761288221255,2.3127072359312493,2.286481775276471,105.09646538333344,86.02577565740302,0.8955107216602225,FALL
28.732428924646076,0.5586526439084073,0.9269194201040909,157.8065986021716,151.09621726138303,0.2948214280311625,LOSS_OF_BALANCE
41.31080817797194,1.8568423085715047,1.6179324313469436,144.7570328177041,117.38722378764803,0.5968269148080996,PRE_FALL
48.165514821739166,1.7746846845008595,1.7493433013945714,136.3070941627029,128.3214645668153,0.522303487733518,PRE_FALL
6.130392423505268,0.16130001995639698,0.19227117893552195,166.65696201059106,172.84800808789853,0.006667984309626562,NORMAL
5.7418829081019895,0.24331515324981084,0.17764894052462762,171.94362651467824,173.32631551820643,0.08220230523140448,NORMAL
30.974402901413935,1.8681813695316332,1.3170669097158132,120.92203619925569,138.7757601581322,0.4880353950834396,PRE_FALL
27.211405551479587,0.9059235008219935,0.32936891084451525,161.5207309040321,141.82438603454167,0.31436486912959327,LOSS_OF_BALANCE
22.380875208377365,0.6532344890728866,0.42858564090545076,162.37987212300018,156.77882863694802,0.3525138968464939,LOSS_OF_BALANCE
0.6336918005953562,0.17261329089258104,0.14586807154443135,172.90023898663668,166.84064151385766,0.0709825288742069,NORMAL
0.913268866309852,0.48095555109641835,0.25078758417185437,173.62798663829895,179.26179416709527,0.09995724168774514,NORMAL
6.796948580881589,0.33033595375743774,0.02570823529102072,174.2792383538983,176.9708276070412,0.07131085326783858,NORMAL
25.87117202311765,0.513867753992606,0.5669935181675709,165.62126630914946,162.76574967200838,0.3764597497140577,LOSS_OF_BALANCE
44.10779316705015,1.2301080440811114,1.7391147791305253,144.12680230687548,129.77662071534888,0.5849376101489472,PRE_FALL
81.79887403886538,3.450342699000763,2.801773465810537,86.70275827992813,75.53452621642784,0.8811226169587232,FALL
54.890887613508,1.6691983514789326,1.7566886022256392,135.3669798649101,122.521148943464,0.6266473166357035,PRE_FALL
43.47837300301967,1.8489302081294832,1.8816414475120848,141.9694532523735,119.25168343063602,0.6194233842934102,PRE_FALL
66.76041916102838,3.015752325804077,3.5779100401327044,90.0177117807959,104.56000313242978,0.9418874655189442,FALL
60.115465370215205,2.9477124554635576,2.653274920726018,77.17841722671771,79.77087166496989,0.8588380483518789,FALL
84.25281789896295,2.1602267622639406,2.761641283228506,101.05622934826609,91.34816766618323,0.7795663296208137,FALL
52.92001537716041,1.4868053522977358,1.8492701274409313,132.08709089658544,130.20592797225245,0.6493111041322688,PRE_FALL
89.09482365839975,2.4636565298116655,3.454188204549209,93.17468464300063,94.86596310493215,0.9695554483144577,FALL
85.89690560201302,2.647913654613682,2.2965396898405857,72.14674058422165,72.34240756944908,0.7413844539232475,FALL
72.10816184885002,2.4115217211890854,2.053803557407579,76.56818336584828,79.81252931859018,0.9575040489818047,FALL
64.72770897320288,3.2385977148491056,2.3575390201656496,100.15799146421213,87.19990002886264,0.8680526855836488,FALL
66.1809908505241,2.6563242674700107,2.446913754011648,91.20436554123415,98.24675205927487,0.7067901450527047,FALL
74.34722267205161,2.3648699941635143,2.100137692127571,74.56070641713588,89.7136708463999,0.8921619264485177,FALL
71.80631871949184,3.401590743397672,3.067630031730838,72.98591129292684,71.49897950374464,0.891661034758189,FALL
37.78889010254022,1.706973212305288,1.6176352079196592,111.11967172721147,119.88818423102725,0.6867584925176654,PRE_FALL
77.81998798017153,2.604916822526774,2.590537235054299,88.19287353715907,97.34976699120871,0.996336554346082,FALL
0.8203800967314856,0.07711048193275921,0.213503146433585,174.50851322944575,176.09482933464892,0.03166782286815362,NORMAL
54.55105297632777,1.4752397796653416,1.9735795629440887,118.70453789593381,125.61024462751926,0.41433973384912104,PRE_FALL
1.1606933795897467,0.4703380790730965,0.04250255304946449,169.67835515846312,171.82998952838815,0.02068673262083145,NORMAL
55.23715684213133,1.8731476841551808,1.9074111759160177,126.11766016775097,136.36000227701257,0.6672774211479262,PRE_FALL
2.329941485542344,0.40553711839132917,0.027571536385611793,170.99697372716645,178.768227050167,0.07342659538775799,NORMAL
29.978197676018745,0.919697719062934,0.8125035962920091,168.36467057976878,149.7506093106745,0.17498222626699256,LOSS_OF_BALANCE
15.226613969420734,0.818829539127541,0.7767465390500214,147.62864103482994,158.0644798081387,0.38553347363160106,LOSS_OF_BALANCE
7.718350078063004,0.4370995190111357,0.1216081116757074,176.84788069183585,170.55630690904084,0.046429578739331706,NORMAL
22.03818352861621,1.108303697194461,0.49562727112876886,160.9779386411845,164.45155275952914,0.21052896853965092,LOSS_OF_BALANCE
0.42814533453493175,0.05909355436145575,0.24213111174222066,175.00974627470072,171.8755554713409,0.06780778234466912,NORMAL
67.25983473624568,2.9280229292104427,3.4086290151940943,95.06525317843658,91.7821068530551,0.9926283215146104,FALL
51.93757453684492,1.7472545349283144,1.1329620701463512,117.63474851607693,143.5789934466889,0.5723724171582258,PRE_FALL
82.87920518452438,2.457613293726313,3.892074162711878,108.44124364780232,84.69914373793944,0.8224020242950827,FALL
22.803549779798708,0.7539736392831189,0.5334621440220598,148.19759007088757,166.06566111700923,0.1677296406186673,LOSS_OF_BALANCE
77.16905691252721,2.8171540232386674,3.300603480373786,106.86312455746875,89.48224671713554,0.9222171029416276,FALL
59.223249470739646,1.3493271940288747,1.3656332989537003,112.01611167016229,128.6070063207653,0.46747385392827373,PRE_FALL
53.34055329681162,1.4699934496739426,1.49237552982265,123.8423792645591,125.2379937382048,0.6372195737296875,PRE_FALL
73.18846280644227,2.5508251016462347,3.8832608353850446,97.18678683527361,108.83589185567843,0.9621111878755118,FALL
26.970364922164862,1.1937442504994278,0.6835600366786114,150.12230442965867,160.3369605854351,0.3970942899919462,LOSS_OF_BALANCE
7.036980397640442,0.0005431518458618445,0.14304201247827422,166.9904968805998,168.3928629218911,0.06799827251215791,NORMAL
67.17818087199562,2.166844840483961,2.0096585006022254,90.64631894859441,92.86949150804219,0.9334434767845157,FALL
1.8553429009714995,0.009359928294027597,0.25704878650026436,176.64024851696908,168.5817983732403,0.07210035626839233,NORMAL
8.269898252763095,0.25764032947989796,0.02602133095450677,175.03883780114933,167.7717180157101,0.014061187563429845,NORMAL
29.907264424505854,1.0641578338001978,0.37266842769642583,159.488737586832,158.48781114797967,0.22338389926480196,LOSS_OF_BALANCE
1.547147862187559,0.018868150041884912,0.10669672598564721,167.07612290214615,170.50624339539095,0.05821557063598701,NORMAL
89.37122327155838,2.3110690494059467,2.379182625645152,84.2614828478169,91.56474085658009,0.8764187358642611,FALL
71.29718781610029,3.076912436749957,2.561545933783261,89.6891763997049,90.56491009591875,0.8105398647946804,FALL
87.15204880373207,2.536214598942306,3.2874149098040784,90.99190428210531,94.71469241485121,0.9026505579289215,FALL
84.89607991587809,2.9935871939321275,3.1563621917380322,95.56447780361577,84.46422487945698,0.7109498286532929,FALL
80.38270381847529,2.2645473598413286,3.3878434201271665,101.20688389853129,101.09683103421838,0.7779124722019428,FALL
2.4082979185631306,0.4564145080117774,0.04293531603855289,171.91724870032496,168.80966009120314,0.025532670815915405,NORMAL
4.211023397725243,0.24211565696696424,0.023076408418547145,168.77549606683354,168.69885102520504,0.06250336877688947,NORMAL
9.915313234305708,0.2647161459827158,0.23005265053508184,179.9940862021702,179.60969792600253,0.010013433730495758,NORMAL
40.749642191519776,1.933288401260052,1.9211246481569364,138.38175769542192,141.8383822075136,0.6122912304578979,PRE_FALL
6.771961563873133,0.4121554107353318,0.11914576199163605,166.534681544529,172.67270576202452,0.06623554525262523,NORMAL
14.989335727861349,1.0367093233802467,0.9049167639350257,169.82771181336545,147.4206311254942,0.3461828248854554,LOSS_OF_BALANCE
22.52370423552975,0.5460531813746639,0.7742951202322018,156.77774154816638,148.84750310702532,0.21443664521355124,LOSS_OF_BALANCE
6.611830428533678,0.46683422922275664,0.1275416898312635,173.1684356806587,174.7145208510372,0.09084114452126062,NORMAL
0.22735327321966592,0.14918149435149092,0.20204995733297013,173.1666800853753,172.9790041274514,0.08233604373757844,NORMAL
0.6828625849575609,0.22110403191814243,0.09084613054170387,169.12010501229238,165.84258180319617,0.05073368852897782,NORMAL
33.599317066484915,1.7368190184162864,1.1324485742380335,111.40721684753856,144.93507425300672,0.6234640442875717,PRE_FALL
53.714027816701076,1.9109953129680861,1.6460409601917205,136.44005583403302,115.50497940515667,0.5796936553446765,PRE_FALL
12.09069435901197,0.6460630206003546,0.7133661697292459,155.8293391422765,165.75376502723077,0.3281463875123442,LOSS_OF_BALANCE
41.19802385388344,1.921456714697315,1.7261986028479341,128.92684552892558,121.22489333698022,0.591794255405935,PRE_FALL
57.744653524297135,1.5947857863559545,1.0799695303247656,126.08621983534948,141.47918587174863,0.5850395062444849,PRE_FALL
14.875048055389096,1.0592678698463875,0.5619654707710087,154.1875520084521,162.82157136547823,0.23108369024422784,LOSS_OF_BALANCE
22.8293150888312,1.1317577921017266,0.3404668806822082,158.94822686464647,161.40108551064225,0.2981084895338416,LOSS_OF_BALANCE
68.41092225288197,3.3766489623391434,3.5163165718839826,100.3394896376583,92.68578232696008,0.9090828943269862,FALL
59.5379601822323,1.447460875906082,1.3266096503328328,118.42384477067766,115.20523212561913,0.4465657235014386,PRE_FALL
2.3121539351915854,0.0036089925028837677,0.11209316295811007,171.176038035992,173.40831537959423,0.03947520796201834,NORMAL
33.979970132006684,1.9451092977178106,1.3578789361932793,142.57138659055306,117.09165000964656,0.6747458151601573,PRE_FALL
3.59112109837565,0.2722589030170258,0.1454038456321525,178.69015524897551,172.53589883315612,0.03883812745693004,NORMAL
25.80023073234894,0.6336401169021836,0.5106425087064862,153.90276666317112,154.21967262518686,0.10654504846735036,LOSS_OF_BALANCE
53.51611914393841,1.9405982479037232,1.6867242710535517,117.17124589829004,141.19590385340447,0.5699702018347678,PRE_FALL
82.45703435084292,3.316207818053535,2.2840751124835412,82.87416251150331,99.43199518783095,0.9516188690213239,FALL
53.16266051145078,1.9211902255784667,1.635727832730886,143.14463043196417,122.61724132185356,0.47197874956560015,PRE_FALL
31.41104498665586,1.4027725243322424,1.1970414519525008,133.87636761704564,138.870745912272,0.5033303045822247,PRE_FALL
5.414739546030245,0.021131563365498873,0.14468762436031518,174.3100121224765,172.38510566556317,0.09853613293244484,NORMAL
5.571310114048331,8.485773916822037e-05,0.02726866407345967,174.06304914092695,174.28599230619574,0.030459795810364856,NORMAL
16.24379408132609,0.7266087122083223,0.6586489418181654,140.70295854706035,148.22149219935514,0.16080000795352284,LOSS_OF_BALANCE
29.152353821942313,0.5744372612212532,0.8152920571921671,150.15169751332405,161.2236726473939,0.16069649265534452,LOSS_OF_BALANCE
36.468583138479296,1.3319789494655276,1.4905494965105976,126.93554548990986,112.7966023081999,0.5805826365614458,PRE_FALL
10.145239140937596,0.9220894103054097,0.9908277897048035,162.840919107013,167.9638514263763,0.24196953495646636,LOSS_OF_BALANCE
31.35098785792264,1.45473635346548,1.5686769714409223,137.9748757638022,142.78742214230687,0.5979064704491781,PRE_FALL
27.889149413031177,0.5223790054378724,0.3445659103722447,152.91861387654453,158.52688764632276,0.13620640984620477,LOSS_OF_BALANCE
58.245263488835455,1.3407551424994646,1.5479385515320923,142.97056369345069,141.3222701540397,0.4708735667553137,PRE_FALL
7.485365180954363,0.22446398151667019,0.16020334490947832,169.64201844844183,177.1293580663618,0.046901560503225276,NORMAL
43.12352457246186,1.4016890108767592,1.4332933907477745,115.55117847136528,137.34875806505073,0.6501070120772547,PRE_FALL
17.64741853247854,0.6256960117010917,0.46365327973617165,159.36064557937274,150.77278805557097,0.12472555330660452,LOSS_OF_BALANCE
54.66942075422872,1.387375645264834,1.0452041680547612,116.2787047539276,138.95471112666638,0.4592934000476334,PRE_FALL
37.07849753655028,1.5240677506820999,1.779885864314479,115.12904603111399,137.734140385249,0.5095258923572362,PRE_FALL
85.3911232726098,2.19594424313777,2.8743664369102646,71.74448372434136,86.14655690529364,0.9210931160884341,FALL
0.6723336306210881,0.3892576867534327,0.10989854193214456,170.74281602533168,173.50866962586178,0.060509482885478555,NORMAL
5.92945428479352,0.2446162752388698,0.01889778925345652,173.1082807082766,169.61596319448398,0.053394004676456636,NORMAL
48.179512710582515,1.4020285554196195,1.9665137035888582,138.45900847966908,144.43536481825885,0.40098012179109394,PRE_FALL
8.660787949911569,0.12483862096906989,0.21341845465175072,177.4272270404795,176.42210381219786,0.0676234553699946,NORMAL
1.7224900895849948,0.024978998693310994,0.09220120047198059,176.90545656874318,171.84276889390043,0.017068938788288947,NORMAL
65.09505653144953,3.401375173739721,2.3028928604578383,71.40591652148888,93.7822727367941,0.933829838318577,FALL
16.330305787054712,0.6053543957140355,0.6210613470798252,144.42459758358723,165.92904045799548,0.13408206282261792,LOSS_OF_BALANCE
22.71374585868502,0.5585138983966151,0.3484813346842953,152.15205440261417,148.9501040891802,0.313662010695236,LOSS_OF_BALANCE
9.50726749767577,0.10806993963234279,0.09069548958915338,166.68346908400383,176.77415974856112,0.07777903914607942,NORMAL
28.743258511711115,0.8729035345185803,0.7300956085096466,163.07357495430912,153.01173454552202,0.2698349328188935,LOSS_OF_BALANCE
14.280307728123242,0.8529366902702135,0.7954292635046009,150.99389076936237,157.68141713405976,0.23189974875791156,LOSS_OF_BALANCE
4.937952193450843,0.04022092594965049,0.011958235255083915,171.4804299624116,169.8348237503745,0.025036790241200393,NORMAL
9.902330316397274,0.11292862631371109,0.20521248764111563,177.71800653047305,174.8060357933873,0.08582191590211873,NORMAL
30.164000392056117,1.359171837566845,1.6710507706079887,140.52588348981118,117.01279652300249,0.5207739557845543,PRE_FALL
18.44122280833365,0.6367849907544072,0.4402603324382629,167.25500655202447,163.55791421273435,0.20246557710175717,LOSS_OF_BALANCE
85.02655973909489,3.1755548646131233,3.806582114505666,107.38702300796197,97.11422877896541,0.8747692651247162,FALL
3.028246061088761,0.2667390148841903,0.1507719434223788,167.5295385262156,179.12410481802894,0.015419426687956317,NORMAL
44.76938078550094,1.811987974899663,1.7041844739859018,139.55836832165517,126.22934565561724,0.5652233601723257,PRE_FALL
81.24741217595985,3.1463807680042444,3.8819490775513232,70.79139393748659,108.10670342911871,0.8446835454397089,FALL
38.19959945610893,1.796777359727801,1.5633640048596265,115.45494889798265,124.06567692851587,0.634557673634969,PRE_FALL
89.80875294405254,2.735875962364275,3.6405257852134825,93.40831213809192,86.97945143447004,0.987746862595408,FALL
32.49218084395942,1.6822500466321164,1.799317669084295,110.55844371590895,141.18666943655384,0.5253215983324538,PRE_FALL
26.813587103703536,1.1464855918425847,0.5248114502084456,160.96177178237804,151.3288683742024,0.396661259168526,LOSS_OF_BALANCE
1.625020458769394,0.49530786878057004,0.22179580817208125,169.48851513792476,170.04560178227518,0.08282893859573759,NORMAL
8.094781835391945,0.20962029924587605,0.229816040254171,178.25634932768062,165.23468694545323,0.020608162185021418,NORMAL
9.09773365998766,0.05350821434724645,0.028894167075422538,167.23346228610376,167.8789808548742,0.052645598540021626,NORMAL
59.49849191320465,1.9316528511325477,1.1203250208452817,132.2848424766147,143.33487476307155,0.6378287576817742,PRE_FALL
4.7898191099836325,0.20080862725628024,0.2058292488186698,172.35403281216338,178.64551243672844,0.00734907157664505,NORMAL
0.8561296195802126,0.36003733205209715,0.1465733540546362,176.372469802237,175.35914009169784,0.06459028997409523,NORMAL
28.244571291312667,1.0367894354180176,0.6870259332986574,159.6479474863146,155.5594699555181,0.20862932548405083,LOSS_OF_BALANCE
31.3907520888759,1.7549490636347849,1.1165126468713797,114.50752567446276,137.31073669812673,0.40539064989725926,PRE_FALL
9.655260328224946,0.20699453043683658,0.0551658597310152,165.34651638474762,175.91658624648608,0.06620225478086397,NORMAL
14.366107614532881,1.1944916343498448,0.6995215110670349,145.3586731549114,144.77352554355738,0.33325740393485737,LOSS_OF_BALANCE
2.9511045162915526,0.37374043246918576,0.05269202113329199,166.98239696620175,173.0911163847663,0.097148958121134,NORMAL
81.70218852437556,3.1184564147968814,2.351562070854065,109.34436765434728,75.08609073394486,0.9205024294336256,FALL
1.8196313655213736,0.4831323069670534,0.12978548594459247,178.6606840642033,165.83119275026667,0.01241611206390122,NORMAL
26.533728372641217,0.9515685794149685,0.9756016744028682,150.56760007105171,140.89819851100071,0.15397127079004153,LOSS_OF_BALANCE
75.66201663550198,3.3569031576159203,2.3404023744248015,81.79236185248567,81.0774140763648,0.9813649025140698,FALL
0.8914124002114865,0.3258778959279154,0.26607454259037566,171.24333363326306,177.11117704871006,0.07725627085269426,NORMAL
25.74610469888453,0.9543680932811389,0.3542661814172158,140.9284256158558,164.9625159388907,0.3014839234467822,LOSS_OF_BALANCE
4.534701451400918,0.29529799546615365,0.06894413615363393,170.7819282411277,166.62855170852274,0.020234854908817514,NORMAL
0.9536183547073007,0.264079592820824,0.01276552728511353,168.1712558382682,178.02175335872408,0.08875543070344936,NORMAL
0.7134407817655741,0.08099974447349267,0.06846538181636198,169.75317362543342,169.3703452919163,0.026747239087063793,NORMAL
88.08738586233001,3.121993614300642,3.078482737193414,77.7356715631401,85.84118669883968,0.9618904525705303,FALL
66.96321551555268,3.4659725642253405,2.260983410242039,96.5935692715945,71.88766162766166,0.8133342164900261,FALL
58.760747701583774,1.6206621302273192,1.8053847611961307,116.05058692220452,129.0177650993356,0.644906807927477,PRE_FALL
61.19754378185644,3.3028657685295233,3.843118758996895,82.88640059234889,100.52346264239121,0.9446431451919297,FALL
39.22442996650001,1.9526406121360382,1.571573624340079,136.316421777575,125.04987635990823,0.6839904746867065,PRE_FALL
83.2523265195772,2.654777906424539,2.432956488841161,75.27152292290377,78.8972693608283,0.8771432807831315,FALL
85.85616961867015,3.2987616484453897,2.1800952027895963,104.50803417414348,87.86054019732006,0.9476147050269352,FALL
68.58201001118192,2.228332861583017,2.623138087877112,70.86293787957501,71.1567202028512,0.9239372959245172,FALL
73.01485017218232,2.451661815361135,2.4941181131423553,91.00767468591528,71.95422933198729,0.9842581351107365,FALL
36.80253598865371,1.7256205733644736,1.9128827585336976,127.30313107007012,136.97936557996914,0.5161826804031744,PRE_FALL
5.42593594357195,0.20662378539966075,0.05627476241835813,170.42669038727513,176.34664731083362,0.0625408742145009,NORMAL
29.81062575015782,1.0953255236032868,0.42002137732772604,168.77104113133504,157.9960143546062,0.3944247684572799,LOSS_OF_BALANCE
78.99921990258483,2.6949716489164546,2.314105874681453,100.89603581151364,91.44286830500903,0.8636733421642476,FALL
18.496659122134226,0.5195794612049724,0.6199575959450643,156.92627252402067,140.33058931988583,0.19082847096193628,LOSS_OF_BALANCE
16.233337161618813,0.8050936897038521,0.9718189459755531,162.6312090511047,149.33564720682784,0.36556657301145135,LOSS_OF_BALANCE
60.19681624116104,2.251659068219496,2.7150417725329943,71.62948016940481,102.38349985308633,0.9717604599564731,FALL
7.892269315636647,0.32365267848465346,0.01977355628391524,166.41758921272643,175.1756901726012,0.028414697387811372,NORMAL
28.207780374287257,0.5458501652498392,0.5134387193629883,150.12782771209908,140.59135970586914,0.19783505135188464,LOSS_OF_BALANCE
9.632876650654888,0.1382539243485611,0.18190902239767565,167.9178778962894,178.9457076121818,0.057490672174581474,NORMAL
46.25900647899105,1.2772697803470525,1.8144943504855526,110.82269646650329,111.08841054404111,0.43632266046200857,PRE_FALL
20.117932334302512,1.0127863258819647,0.3695059672594593,159.4127891280659,150.03822575937824,0.1413317392535138,LOSS_OF_BALANCE
72.34869131347429,2.1064606564051416,3.1473531938763957,80.69063166232743,93.80050435236132,0.8937066620279802,FALL
74.29232821372644,2.9950052541811027,2.1660062118479653,104.36085700957028,96.1563801529948,0.7823363157612792,FALL
74.78289405615635,2.701159124823609,2.436687859948755,107.56933780772454,86.566698815436,0.9177929703285516,FALL
4.682759053801223,0.22779208537337065,0.20534339244161232,175.65323853118272,171.98094846351586,0.023169421365446054,NORMAL
1.0930223443632625,0.36486425988133975,0.18869357972356662,179.80783895637873,172.2549447481417,0.06886542782543452,NORMAL
9.62771994993792,0.39284552414564866,0.2756306135489476,179.8872933846701,178.00571385650667,0.012688816861381026,NORMAL
7.450167146391116,0.11271861314946341,0.10581350080206924,169.01036778504766,175.20340108382655,0.02771453339938819,NORMAL
85.54461927848784,2.0355944547238383,2.600203873251776,94.88238700857713,106.40134062371311,0.9136885120195648,FALL
23.237710078192563,0.816848641234411,0.4859051077278579,167.80783158920056,142.5220029848278,0.22944209101512886,LOSS_OF_BALANCE
69.91932301106893,3.2189013218712113,2.786741453953147,71.6611982572754,85.83238966426433,0.8301918145177551,FALL
0.708283054005121,0.19153496283788635,0.2192290145291913,166.5364075567426,169.70027216161358,0.08809889949802707,NORMAL
48.98649312882249,1.862753814524735,1.0728785357864967,117.43807989722406,123.28190297602583,0.47653116165848347,PRE_FALL
60.32118501608213,3.2838541689537633,2.2839889045939703,89.13552481224313,94.39844618659421,0.9252711284469755,FALL
9.882434174629566,0.3788882948628146,0.019840897270466805,178.9065480926669,179.78441459379553,0.08671290026386035,NORMAL
6.325832845072639,0.10044454116267221,0.18725027676161646,169.35869243218875,170.1794037134787,0.0672373713051317,NORMAL
29.724925511181564,1.058928229123846,0.6515604719577264,148.2746892316527,152.83295248164117,0.3825031028355662,LOSS_OF_BALANCE
16.84303835476438,0.909952480080322,0.6345279830667081,160.1841377676726,143.02427426193057,0.11831694006788895,LOSS_OF_BALANCE
74.11308096651857,2.4820291482979395,3.5547843241252837,94.33203252294433,101.45710392928629,0.8889624812471479,FALL
48.81765326308985,1.9108833128353517,1.979131083094357,136.13774731123618,134.7361074975722,0.6945748575716515,PRE_FALL
54.81228659653668,1.8394496817945163,1.8684850954814025,112.42349015393881,110.1949397201775,0.5019789311599638,PRE_FALL
43.22925812720783,1.5451881432027592,1.9796965658392547,133.9700233617122,131.16307062623918,0.456569354349255,PRE_FALL
85.94925674069532,2.740435707574659,2.433020249570865,72.9565373045133,80.041816207382,0.8633211644540896,FALL
42.155500436809916,1.650401205557241,1.2358017743600338,115.22455705642331,119.4293248125083,0.4683534256905337,PRE_FALL
79.0839762538655,3.232213409884462,2.6573135087987136,84.58634314574734,70.37702340742538,0.736144098811689,FALL
79.86458404454493,2.8329439458894927,2.7387600495562383,80.36551604560795,90.04994009182502,0.9277688747048328,FALL
7.429268921311517,0.4044043245495186,0.1238711629539742,177.80223035087405,167.73610768503966,0.02895952992912855,NORMAL
12.588439389730796,0.7268536285474633,0.9686362177618391,150.4428566063553,158.5242507226511,0.22113215565883365,LOSS_OF_BALANCE
60.91190389911516,2.9130699907637285,3.745300624936476,99.86830325995777,78.50364663276517,0.9003920277470046,FALL
22.574258427251255,1.0718926420774,0.7040410368439539,153.56312341824892,146.44508573111747,0.2863937681827053,LOSS_OF_BALANCE
65.89377938035575,3.152320604374821,3.565994453031732,87.68086266424078,77.35774139264664,0.8927332832171868,FALL
63.76315932656344,2.6456706268920707,2.8395626016343014,85.80531407769968,83.24510747911417,0.7514936420029787,FALL
53.898979054712605,1.9002496644376032,1.8203557889728836,117.78975394869451,125.56483504323637,0.5358899044962009,PRE_FALL
29.018212255589162,0.6697241438468305,0.8504189946622409,159.38253874011545,151.72998992906878,0.15801138933429112,LOSS_OF_BALANCE
5.298144890600125,0.11908379726043283,0.14760866305496928,165.89842613479783,179.95438905161322,0.07116524747001028,NORMAL
85.55463962306861,2.9601724856776563,2.506389150121653,106.69418045462379,105.6261016234356,0.9630124246686278,FALL
5.126631103907159,0.23461619605856127,0.22014436423371878,171.31524160723177,179.40871953715688,0.07982232220069911,NORMAL
22.658400460101706,0.801770382560057,0.4922873634231864,169.15558326051328,160.66975883034792,0.17323021125519678,LOSS_OF_BALANCE
77.69899128453565,2.0240051653448012,3.596166328080019,93.26204203993456,78.8149802318083,0.8600891562051756,FALL
88.93325273738189,3.0704084216563556,2.206563003225457,96.36443601660258,78.06821757598142,0.90490338019341,FALL
3.5154698377199214,0.021177581425064762,0.26101115251691764,170.28838965462722,179.97225896659575,0.02745553600748576,NORMAL
6.334023028713736,0.4301913254980185,0.021209577586231963,178.40151660413488,169.9935920757339,0.003271417540751376,NORMAL
61.32716158495615,2.7362446970630843,2.920483328566439,94.5673371594446,104.49008808093203,0.9348821782982477,FALL
12.814716375979007,0.6742986852239882,0.6952054739482088,143.83844908743097,144.67274944638172,0.30852106318580963,LOSS_OF_BALANCE
58.45335658050517,1.5987577788856862,1.9308997858242343,128.04821723539357,123.23307722908518,0.6291558463596194,PRE_FALL
22.10437167143074,0.8142776150287159,0.5931951609316044,157.0802676292854,164.80351753236613,0.1375843776592246,LOSS_OF_BALANCE
20.14974805937799,1.1228674292243408,0.8479795261197096,141.8240978335419,163.15395973396122,0.17848157586527402,LOSS_OF_BALANCE
70.85661038293121,2.455893325654626,3.8794885631304634,78.75479228925285,83.2122542633276,0.7196750431076155,FALL
71.15846740767807,2.4334251761608368,3.6742994271589398,86.1659325889124,92.1383584239152,0.7097145819100668,FALL
5.8352327704763995,0.08525603087332967,0.18870757234360908,174.29603708251634,177.61750687437396,0.014777570830033183,NORMAL
1.8386909753535896,0.03408823455221294,0.15154210513689476,171.23896865655632,173.05553928800862,0.009194555393906645,NORMAL
51.04421706290016,1.2089548967591437,1.0599939861163201,137.5830482350721,113.94634040713093,0.5997733576578368,PRE_FALL
5.20341541184787,0.05812001109233211,0.061620445661808465,173.74721517661527,166.36412466677533,0.05103753540328346,NORMAL
22.122476905259287,0.8350909557961521,0.38566345020840465,142.30411501445872,147.5059656661086,0.2630938586723677,LOSS_OF_BALANCE
43.73656354004815,1.8482075139950178,1.9129187169358095,134.33481270759665,125.44919452226385,0.5070813609443218,PRE_FALL
7.169376326908161,0.459390393653603,0.2532852259312952,169.85383216957257,165.32869344365358,0.05866091750912095,NORMAL
9.660554556331059,0.2815843019024651,0.23099015782015003,176.36209927570007,179.41858087952423,0.0458848429334124,NORMAL
8.221156452994304,0.20035372112596989,0.022224651076691936,174.44168560427997,165.804136114388,0.014919758447365518,NORMAL
78.19950918905445,2.8037909405480637,2.8272477575436126,89.1587798464306,87.11839520667901,0.9636424531973173,FALL
20.974933205130636,1.1123500438538352,0.41763699596737325,153.38860100993168,143.47035925436808,0.2987926331326394,LOSS_OF_BALANCE
52.111385271040895,1.352338974692456,1.06291558687609,117.00633828513527,115.01244128311605,0.6523501134927896,PRE_FALL
10.46076350182219,0.8582213046600868,0.40664221161167746,166.00622773875833,143.4436537098674,0.16508733562267786,LOSS_OF_BALANCE
89.1193514038591,2.458192251493315,2.355408711639548,75.77306269957704,87.59224010078964,0.9962727246107824,FALL
29.555658889478078,0.7243379484340309,0.3197028906146019,141.3535535622086,165.1080245598577,0.2046630363379868,LOSS_OF_BALANCE
13.91120476370195,0.8287019697232995,0.3871083926068959,169.02848306158586,167.4208795571209,0.22388042265473357,LOSS_OF_BALANCE
39.41241028568154,1.835109000802623,1.5658903074066668,140.51730289063798,112.08323620535543,0.4473726031033656,PRE_FALL
34.31678314764276,1.6335987482990866,1.9727237164180398,134.49884570643573,134.60038331641502,0.42273392793878584,PRE_FALL
9.001185908429218,0.1588929686168627,0.1351937934644805,174.2451364538918,169.5851323411008,0.05841699328451973,NORMAL
66.9479796173848,2.1123067630443972,3.474647667411837,73.37608771768832,78.78424085545848,0.8112206617661167,FALL
47.94644864417438,1.5325684588112605,1.8834603936445315,134.0025702807293,135.98037237369243,0.54090293787093,PRE_FALL
42.10601012321355,1.6255842421444027,1.6472662795625865,124.2094204297047,129.82381428346923,0.5569659526822711,PRE_FALL
32.670684548633226,1.2439379742206778,1.1583584745284612,133.28752937223192,110.96002923010931,0.6409748516837659,PRE_FALL
17.358403082210252,1.1630704559167477,0.3821453631660374,161.5575027151043,153.05476205945595,0.37599671467010276,LOSS_OF_BALANCE
53.703497927108714,1.5388182348757564,1.354610043966395,111.5407417513612,141.48554454978316,0.592698043394338,PRE_FALL
31.663125678399886,1.3971914807958634,1.901072595982967,126.39788546853585,128.44500241334157,0.5493102737935587,PRE_FALL
21.792484882735756,0.534055732606161,0.9259770498694089,166.6717161871826,146.46744367102022,0.3457375207684793,LOSS_OF_BALANCE
25.91223840118547,1.110996044341631,0.8960518468602645,169.0515292251294,166.5750286331007,0.16277127204976652,LOSS_OF_BALANCE
33.23234616299785,1.4188416448589756,1.2759494498206725,134.72038560531277,125.8666719493769,0.4488703278895028,PRE_FALL
1.7944154368540333,0.007074183628031916,0.160240526780299,169.114669901749,179.61442396654107,0.05533589667986083,NORMAL
76.54981405315239,2.498023339813756,3.097904102745583,97.46474546750572,107.53072442693808,0.8885025363639505,FALL
40.24949637209126,1.7061579575062578,1.744793893094569,139.7884250279944,130.07924068632158,0.6931695934003401,PRE_FALL
64.36723264877962,2.3529402201608605,3.728188831685114,102.46780103727427,82.30398120094763,0.79217156855626,FALL
8.61672536352791,0.12432816696014282,0.05706267253224345,171.72920321749697,171.32822459751605,0.02785451446669405,NORMAL
22.506975151070385,0.9052541284812872,0.35987428934997245,141.82060835884087,141.0003102669258,0.193983830265888,LOSS_OF_BALANCE
16.17782853579193,1.193234578386098,0.3864248088852821,169.90545813314674,161.19566803588836,0.24348482407125177,LOSS_OF_BALANCE
1.8113585780400077,0.04880153190635467,0.038383241908816,168.87977775840312,177.12515803713706,0.07629182183193026,NORMAL
16.53749519455002,0.768000262718613,0.7034896725035316,148.55110742550409,159.30999825521684,0.35683092007583095,LOSS_OF_BALANCE
66.46578718820464,3.316722076497534,2.459443644016483,78.77838349260944,80.14555555829152,0.8405338081143198,FALL
88.2468639098506,2.259562338630503,2.461660694103183,93.26884822730082,100.78329898664805,0.9448194201759313,FALL
19.765329220517984,0.7490208447286767,0.7308711739051916,149.856554038454,150.61678233157784,0.10154632333603879,LOSS_OF_BALANCE
5.433004835569749,0.24695621017090957,0.2815681505222617,177.76589607866995,172.02031153509435,0.01928113982738098,NORMAL
40.6157852360587,1.5653063796933435,1.6157187635392853,143.17913029280135,114.27047952534825,0.5775204401993476,PRE_FALL
49.96143842395737,1.5482067495370615,1.4009136952291716,130.03385499621862,130.7580050509785,0.6770071729485156,PRE_FALL
87.3862416536667,3.1078853095891295,3.2013740362132923,102.37958254653043,102.56189704402395,0.7949178468990735,FALL
32.81091209399938,1.8740740965594647,1.8421187638410503,123.30874673813595,112.97948118660187,0.5787041166496936,PRE_FALL
81.89942359369844,3.308442583366145,2.770101115895381,109.49817152573291,78.1054303536283,0.7187445931125488,FALL
39.90995242301471,1.6714513541754088,1.7550960486219171,137.8286188027023,111.77021440597325,0.5765542860753543,PRE_FALL
34.266337252134555,1.931995851971711,1.0931896017258937,123.43613374718721,123.8039792158329,0.4125674949080052,PRE_FALL
40.15617610657979,1.3165135971896071,1.196809327941462,140.80190660569542,113.89912810100637,0.6833393004392438,PRE_FALL
10.739403447126373,0.7341450473144313,0.8075690776349334,162.2015666693171,143.78016937981613,0.39757719086287224,LOSS_OF_BALANCE
23.98511127792365,0.7629802352867852,0.8298206941003885,144.86279342769214,162.44446287784226,0.14985909208066972,LOSS_OF_BALANCE
58.73063317878757,1.9388236934667513,1.4565385455942377,136.39829822388296,144.86078738935328,0.5669450650884681,PRE_FALL
2.2152570420651974,0.3699081079693084,0.13083721982690652,177.60165088170982,167.01458748574333,0.07329727957514147,NORMAL
62.523111178336066,3.2641116895012074,3.380087112517603,75.07350918552254,85.5601608924803,0.9744516236915757,FALL
25.18043429307113,1.118661709165977,0.45718374425824915,148.33799092137622,152.60186207273833,0.23465844910496916,LOSS_OF_BALANCE
9.75082815413784,0.19695185636430357,0.23846916851428374,170.08627949928848,179.08422850433064,0.0754965172292794,NORMAL
23.559574339258297,1.194365947536137,0.7850900707722761,155.98824552024675,147.5876321674914,0.2680347931752397,LOSS_OF_BALANCE
25.051171325807637,0.9578450091771353,0.3844213888718386,154.72535292828837,152.9707525825253,0.341905958775505,LOSS_OF_BALANCE
67.540865619944,3.487362962217625,2.130517325152156,94.67389350798692,79.11812775169174,0.9395128745776128,FALL
6.127780963617714,0.12985038454514902,0.16456902011375657,168.55708728761317,172.07018047107684,0.06130840431384478,NORMAL
69.84498599557864,2.870899247331033,2.5984974043951046,108.61945011099938,107.01762149594171,0.9432655552749668,FALL
22.53516943154956,0.8655887100134314,0.5549922684113732,144.43231066473737,144.51417962009464,0.30559199101968876,LOSS_OF_BALANCE
75.28713239217036,2.9583834978639945,3.456506248344449,71.4288926976446,80.21123577298444,0.7204413162050793,FALL
2.6526476934997656,0.14076153672263264,0.0712644854841737,165.74453164557764,173.5765471178661,0.08398545048456511,NORMAL
3.191497905014984,0.22055781137616948,0.03529525162127809,167.2398108419958,169.10455328760227,0.001525671749039026,NORMAL
18.682977698138444,1.0934657101065015,0.5104861062806187,169.99119692322924,142.53354414934648,0.293074586563191,LOSS_OF_BALANCE
15.55676868902057,0.614937427493827,0.515002745882021,166.09494140235535,159.45148887531408,0.14418692021285173,LOSS_OF_BALANCE
84.27011766513306,3.220334180286674,2.220087342703126,85.34920401761916,89.5846503232741,0.7384722055039034,FALL
47.319141498947445,1.5202440004466091,1.3239138007665994,116.59050965178216,126.38107027947295,0.4334425358742267,PRE_FALL
79.74509331775833,3.351878760567919,3.3080978916734787,73.72614482896553,70.05890792599712,0.9818447160320765,FALL
2.2654304653388726,0.06878267658853965,0.023149525290262894,177.66642583028826,166.5171114550184,0.07708747203631011,NORMAL
4.2698339888618495,0.4516957464351475,0.23096415274616988,169.85106191679873,167.42949047469324,0.007399706004029116,NORMAL
14.521904657885234,0.7767511782200383,0.509499466830097,152.8502440956667,145.46546121010797,0.34346315622958923,LOSS_OF_BALANCE
75.2958452933385,2.405628529739164,3.8890978239563694,71.56290784602453,76.3088134280647,0.7672004325108623,FALL
50.42882255981294,1.9807418140683655,1.4412811750056667,114.75024359468837,135.8308566176048,0.4655411370937757,PRE_FALL
28.726045328360538,0.652065066550983,0.5487413355641626,144.11936496443397,166.96638895818293,0.2318922820458787,LOSS_OF_BALANCE
73.9685606813456,3.2275117743772412,3.4404001915036346,70.96425770834426,108.82698347482896,0.740180957921628,FALL
80.07020716386252,2.006462158578321,3.941298886133021,90.83018110860746,102.12017049050468,0.7264794698864105,FALL
36.29315634718306,1.578582624531875,1.0338361290410856,115.47858348993807,116.70210113434491,0.41981660511101526,PRE_FALL
8.574851977479724,0.27643239424793226,0.2741843008563387,176.10998742159865,171.29053956544197,0.032180201447206125,NORMAL
64.0466533784184,2.075746576688988,2.5131445852815397,94.19328794611539,85.4780635787603,0.7497356697050764,FALL
49.95012156459967,1.7482624628027397,1.860232369483504,116.25233736409871,143.54240091428804,0.5215082125153241,PRE_FALL
